date,season,game,neutral,playoff,team1,team2,elo1_pre,elo2_pre,elo_prob1,elo_prob2,elo1_post,elo2_post,rating1_pre,rating2_pre,pitcher1,pitcher2,pitcher1_rgs,pitcher2_rgs,pitcher1_adj,pitcher2_adj,rating_prob1,rating_prob2,rating1_post,rating2_post,score1,score2
2021-10-13,2021,1,0,d,SFG,LAD,1582.283541,1611.673066,0.489659941,0.510340059,,,1562.880314,1612.97625,,,,,,,0.441848599,0.558151401,,,,
2021-10-13,2021,2,0,d,MIL,ATL,1538.623717,1561.62583,0.501914756,0.498085244,,,1540.417384,1555.251832,,,,,,,0.517156067,0.482843933,,,,
2021-10-12,2021,3,0,d,TBD,BOS,1581.298848,1531.007421,0.638811118,0.361188882,,,1577.198413,1525.411711,,,,,,,0.620724825,0.379275175,,,,
2021-10-12,2021,4,0,d,HOU,CHW,1556.527966,1537.765084,0.581325541,0.418674459,,,1559.956579,1541.353295,,,,,,,0.570171357,0.429828643,,,,
2021-10-11,2021,5,0,d,LAD,SFG,1611.673066,1582.283541,0.601035066,0.398964934,,,1612.97625,1562.880314,,,,,,,0.654595894,0.345404106,,,,
2021-10-11,2021,6,0,d,ATL,MIL,1561.62583,1538.623717,0.589223078,0.410776922,,,1555.251832,1540.417384,,,,,,,0.572328936,0.427671064,,,,
2021-10-10,2021,7,0,d,LAD,SFG,1611.673066,1582.283541,0.601035066,0.398964934,,,1612.97625,1562.880314,,,,,,,0.654595894,0.345404106,,,,
2021-10-10,2021,8,0,d,CHW,HOU,1537.765084,1556.527966,0.51004774,0.48995226,,,1541.353295,1559.956579,,,,,,,0.516350758,0.483649242,,,,
2021-10-10,2021,9,0,d,BOS,TBD,1531.007421,1581.298848,0.449721957,0.550278043,,,1525.411711,1577.198413,,,,,,,0.46671949,0.53328051,,,,
2021-10-10,2021,10,0,d,ATL,MIL,1561.62583,1538.623717,0.589223078,0.410776922,,,1555.251832,1540.417384,,,,,,,0.572328936,0.427671064,,,,
2021-10-10,2021,11,0,d,CHW,HOU,1537.765084,1556.527966,0.51004774,0.48995226,,,1541.353295,1559.956579,,,,,,,0.516350758,0.483649242,,,,
2021-10-10,2021,12,0,d,BOS,TBD,1531.007421,1581.298848,0.449721957,0.550278043,,,1525.411711,1577.198413,,,,,,,0.46671949,0.53328051,,,,
2021-10-09,2021,13,0,d,SFG,LAD,1582.283541,1611.673066,0.489659941,0.510340059,,,1562.880314,1612.97625,Kevin Gausman,,55.38232536,,13.02174158,,0.458277258,0.541722742,,,,
2021-10-09,2021,14,0,d,MIL,ATL,1538.623717,1561.62583,0.501914756,0.498085244,,,1540.417384,1555.251832,Brandon Woodruff,Max Fried,59.41023213,58.89183886,17.75337463,25.03543522,0.50361402,0.49638598,,,,
2021-10-08,2021,15,0,d,SFG,LAD,1582.283541,1611.673066,0.489659941,0.510340059,,,1562.880314,1612.97625,Logan Webb,,55.78841225,,14.93034997,,0.474861995,0.525138005,,,,
2021-10-08,2021,16,0,d,TBD,BOS,1581.298848,1531.007421,0.638811118,0.361188882,,,1577.198413,1525.411711,Shane Baz,,50.33553963,,-7.991146977,,0.591737842,0.408262158,,,,
2021-10-08,2021,17,0,d,MIL,ATL,1538.623717,1561.62583,0.501914756,0.498085244,,,1540.417384,1555.251832,Corbin Burnes,Charlie Morton,62.26116732,59.20397977,31.15277005,26.50249751,0.524540864,0.475459136,,,,
2021-10-08,2021,18,0,d,HOU,CHW,1556.527966,1537.765084,0.581325541,0.418674459,,,1559.956579,1541.353295,Framber Valdez,Lucas Giolito,54.29979811,57.85919366,6.530897628,16.90258673,0.561533157,0.438466843,,,,
2021-10-07,2021,19,0,d,TBD,BOS,1581.298848,1531.007421,0.638811118,0.361188882,,,1577.198413,1525.411711,Shane McClanahan,Eduardo Rodriguez,53.87173632,53.66067848,8.628977463,6.775095701,0.653049214,0.346950786,,,,
2021-10-07,2021,20,0,d,HOU,CHW,1556.527966,1537.765084,0.581325541,0.418674459,,,1559.956579,1541.353295,Lance McCullers Jr.,Lance Lynn,55.53684461,58.27976204,12.34501619,18.87925808,0.574474601,0.425525399,,,,
2021-10-06,2021,21,0,c,LAD,STL,1610.095354,1536.398393,0.679146425,0.320853575,1611.673066,1534.820681,1611.915712,1526.505112,Max Scherzer,Adam Wainwright,61.9435729,57.21386758,29.68499196,31.32050809,0.701608531,0.298391469,1612.97625,1525.444574,3,1
2021-10-05,2021,22,0,c,BOS,NYY,1527.411999,1540.73584,0.520474183,0.479525817,1531.007421,1537.140418,1522.347344,1552.072623,Nathan Eovaldi,Gerrit Cole,55.85552189,59.78780879,17.7401133,27.72251351,0.468905159,0.531094841,1525.411711,1549.008257,6,2
2021-10-03,2021,23,0,,ATL,NYM,1559.634925,1492.293954,0.628503207,0.371496793,1561.62583,1490.303049,1553.735987,1510.554389,Charlie Morton,Noah Syndergaard,59.24110057,52.35155445,26.91118355,5.725976596,0.624497036,0.375502964,1555.251832,1509.038544,5,0
2021-10-03,2021,24,0,,STL,CHC,1538.343795,1453.642581,0.651521642,0.348478358,1536.398393,1455.587982,1527.836499,1458.083826,Jake Woodford,Alec Mills,48.8182547,47.88832254,-8.22695237,9.198101786,0.608110595,0.391889405,1526.505112,1459.415213,2,3
2021-10-03,2021,25,0,,SEA,ANA,1514.947203,1475.151949,0.590790689,0.409209311,1511.699924,1478.399229,1498.870981,1487.565753,Tyler Anderson,Reid Detmers,49.94667795,45.83481458,4.292379679,-17.2485348,0.581085897,0.418914103,1496.485634,1489.9511,3,7
2021-10-03,2021,26,0,,LAD,MIL,1607.596243,1541.122828,0.627336413,0.372663587,1610.095354,1538.623717,1610.508234,1541.824862,Walker Buehler,Brett Anderson,59.06111113,48.73126909,16.64412828,-32.66197868,0.693675047,0.306324953,1611.915712,1540.417384,10,3
2021-10-03,2021,27,0,,KCR,MIN,1471.530052,1482.90559,0.518160069,0.481839931,1468.884699,1485.550942,1471.489972,1492.834403,Jackson Kowar,Charlie Barnes,41.3641831,46.73646208,-37.34258909,-13.60073279,0.469691596,0.530308404,1469.736714,1494.58766,3,7
2021-10-03,2021,28,0,,HOU,OAK,1555.410024,1524.355791,0.578572875,0.421427125,1556.527966,1523.23785,1559.260965,1518.640224,Jose Urquidy,Cole Irvin,54.74225555,47.30020024,8.512987147,-20.91804568,0.63213932,0.36786068,1559.956579,1517.94461,7,6
2021-10-03,2021,29,0,,FLA,PHI,1458.940533,1503.374454,0.470627084,0.529372916,1460.489836,1501.825151,1457.983327,1503.575044,Pablo Lopez,Bailey Falter,55.18350043,47.4,23.52122789,-26.62738035,0.541004373,0.458995627,1458.954087,1502.604284,5,4
2021-10-03,2021,30,0,,CHW,DET,1540.647271,1478.435917,0.621582944,0.378417056,1537.765084,1481.318104,1543.563867,1473.125963,Dylan Cease,Tyler Alexander,54.29898514,49.91432595,0.153136679,0.474182088,0.632226437,0.367773563,1541.353295,1475.336535,2,5
2021-10-03,2021,31,0,,ARI,COL,1437.488121,1489.815914,0.459323126,0.540676874,1438.992138,1488.311897,1438.415194,1472.767887,Humberto Mejia,Ashton Goudeau,43.48781697,47.4,-23.17174517,-21.23307068,0.482318677,0.517681323,1439.484012,1471.69907,5,4
2021-10-03,2021,32,0,,TOR,BAL,1550.620223,1416.950135,0.712513301,0.287486699,1552.417414,1415.152944,1545.008723,1410.936287,Hyun Jin Ryu,Bruce Zimmermann,50.86059574,47.35940842,-11.79577274,3.925025958,0.694117857,0.305882143,1546.490823,1409.454188,12,4
2021-10-03,2021,33,0,,WSN,BOS,1463.58272,1525.809048,0.445208802,0.554791198,1461.979769,1527.411999,1477.653543,1521.216657,Joan Adon,Chris Sale,47.4,57.6539927,-7.018245097,25.96429202,0.424952052,0.575047948,1476.522856,1522.347344,5,7
2021-10-03,2021,34,0,,TEX,CLE,1440.693926,1496.563846,0.454263704,0.545736296,1437.872274,1499.385498,1442.090434,1499.395811,Dane Dunning,Aaron Civale,51.89993542,50.75352419,15.37172899,0.879228501,0.472952524,0.527047476,1439.861707,1501.624539,0,6
2021-10-03,2021,35,0,,SFG,SDP,1580.027941,1495.945981,0.650711869,0.349288131,1582.283541,1493.69038,1561.090367,1517.957028,Logan Webb,Reiss Knehr,55.52170878,45.82440055,14.06822719,-16.24124069,0.636666745,0.363333255,1562.880314,1516.16708,11,4
2021-10-03,2021,36,0,,PIT,CIN,1433.608969,1498.514285,0.441403016,0.558596984,1431.672426,1500.450827,1425.873784,1498.868952,Mitch Keller,Reiver Sanmartin,44.61458505,48.6249929,-5.085637538,-13.4536898,0.441797917,0.558202083,1424.419676,1500.323059,3,6
2021-10-03,2021,37,0,,NYY,TBD,1539.275353,1582.759336,0.471989651,0.528010349,1540.73584,1581.298848,1551.080487,1578.190549,Jameson Taillon,Michael Wacha,53.36229007,48.93196763,-2.171548478,-13.75961917,0.512198414,0.487801586,1552.072623,1577.198413,1,0
2021-10-02,2021,38,0,,SEA,ANA,1513.488485,1476.610667,0.58672449,0.41327551,1514.947203,1475.151949,1497.730198,1488.706536,Chris Flexen,Jhonathan Diaz,50.10291786,46.75470988,5.023305102,-13.45989906,0.573586043,0.426413957,1498.870981,1487.565753,6,4
2021-10-02,2021,39,0,,LAD,MIL,1605.49292,1543.226151,0.621657973,0.378342027,1607.596243,1541.122828,1608.72186,1543.611237,Julio Urias,Corbin Burnes,56.70399626,63.30992994,6.277218961,35.22413179,0.585727369,0.414272631,1610.508234,1541.824862,8,3
2021-10-02,2021,40,0,,ARI,COL,1432.732271,1494.571764,0.445758885,0.554241115,1437.488121,1489.815914,1435.21565,1475.967432,Zac Gallen,Antonio Senzatela,54.37489663,55.83456256,28.00212877,16.64651086,0.49223492,0.50776508,1438.415194,1472.767887,11,2
2021-10-02,2021,41,0,,STL,CHC,1540.310616,1451.675759,0.656644936,0.343355064,1538.343795,1453.642581,1529.144476,1456.775849,Jon Lester,Adrian Sampson,45.82621628,46.50865572,-23.00220427,3.1361767,0.59971501,0.40028499,1527.836499,1458.083826,5,6
2021-10-02,2021,42,0,,ATL,NYM,1558.699182,1493.229697,0.625984357,0.374015643,1559.634925,1492.293954,1552.830781,1511.459595,Jesse Chavez,Carlos Carrasco,46.36009798,50.91446278,-33.48406368,-1.81852271,0.548354721,0.451645279,1553.735987,1510.554389,6,5
2021-10-02,2021,43,0,,KCR,MIN,1474.224578,1480.211063,0.525900329,0.474099671,1471.530052,1482.90559,1473.580328,1490.744047,Kris Bubic,Griffin Jax,48.26971476,43.95088228,-4.554905282,-25.88063398,0.540439863,0.459560137,1471.489972,1492.834403,0,4
2021-10-02,2021,44,0,,HOU,OAK,1552.699569,1527.066247,0.570946127,0.429053873,1555.410024,1524.355791,1557.523287,1520.377903,Jake Odorizzi,Paul Blackburn,50.9694535,45.37227269,-9.507833117,-31.76370017,0.617770589,0.382229411,1559.260965,1518.640224,10,4
2021-10-02,2021,45,0,,CHW,DET,1539.693498,1479.38969,0.618996657,0.381003343,1540.647271,1478.435917,1543.001566,1473.688264,Lucas Giolito,Matt Manning,57.61201836,45.39967788,16.11791678,-19.60861936,0.677610679,0.322389321,1543.563867,1473.125963,5,4
2021-10-02,2021,46,0,,TEX,CLE,1437.451758,1499.806014,0.445026917,0.554973083,1440.693926,1496.563846,1439.534233,1501.952012,Jordan Lyles,Triston McKenzie,47.11145177,52.9874839,-5.575627414,10.46667982,0.422261279,0.577738721,1442.090434,1499.395811,7,2
2021-10-02,2021,47,0,,PIT,CIN,1431.431423,1500.691831,0.435231005,0.564768995,1433.608969,1498.514285,1424.136336,1500.606399,Max Kranick,Tyler Mahle,45.70470474,54.41135617,-0.401480555,12.82327095,0.406568406,0.593431594,1425.873784,1498.868952,8,6
2021-10-02,2021,48,0,,FLA,PHI,1456.891889,1505.423097,0.464755304,0.535244696,1458.940533,1503.374454,1456.492679,1505.065692,Jesus Luzardo,Hans Crouse,45.66492953,46.92902418,-20.49899914,-29.54382109,0.477668004,0.522331996,1457.983327,1503.575044,3,1
2021-10-02,2021,49,0,,WSN,BOS,1465.207384,1524.184384,0.449833413,0.550166587,1463.58272,1525.809048,1478.845773,1520.024427,Josiah Gray,Tanner Houck,45.88989664,53.90893004,-13.32841438,9.712876521,0.442376021,0.557623979,1477.653543,1521.216657,3,5
2021-10-02,2021,50,0,,SFG,SDP,1582.060228,1493.913693,0.656010881,0.343989119,1580.027941,1495.945981,1562.414564,1516.63283,Kevin Gausman,Joe Musgrove,54.87591335,53.06793797,11.62526864,18.55870269,0.589472196,0.410527804,1561.090367,1517.957028,2,3
2021-10-02,2021,51,0,,TOR,BAL,1548.635519,1418.934839,0.707810169,0.292189831,1550.620223,1416.950135,1543.259439,1412.685571,Alek Manoah,John Means,55.2899822,54.88690181,10.30494995,38.01929872,0.674862785,0.325137215,1545.008723,1410.936287,10,1
2021-10-02,2021,52,0,,NYY,TBD,1543.577655,1578.457033,0.484348433,0.515651567,1539.275353,1582.759336,1554.621486,1574.649549,Jordan Montgomery,Shane Baz,54.92134085,50.18319816,3.216437228,-7.871631392,0.521659527,0.478340473,1551.080487,1578.190549,2,12
2021-10-01,2021,53,0,,SEA,ANA,1515.246765,1474.852388,0.591624206,0.408375794,1513.488485,1476.610667,1499.115596,1487.321138,Marco Gonzales,Jose Suarez,52.71488008,44.90630705,17.87119221,-21.68611987,0.614951824,0.385048176,1497.730198,1488.706536,1,2
2021-10-01,2021,54,0,,LAD,MIL,1604.140351,1544.578719,0.617988567,0.382011433,1605.49292,1543.226151,1607.817643,1544.515453,Clayton Kershaw,Eric Lauer,56.72572579,53.98345645,5.334215483,-9.612997523,0.647808168,0.352191832,1608.72186,1543.611237,8,6
2021-10-01,2021,55,0,,SFG,SDP,1580.662744,1495.311177,0.65237114,0.34762886,1582.060228,1493.913693,1561.208504,1517.83889,Anthony DeSclafani,Pedro Avila,54.45541832,48.60527697,10.15953857,-2.531679802,0.616184143,0.383815857,1562.414564,1516.63283,3,0
2021-10-01,2021,56,0,,ARI,COL,1434.28581,1493.018224,0.450181882,0.549818118,1432.732271,1494.571764,1436.401763,1474.781318,Humberto Castellanos,Jon Gray,47.16078453,54.0601663,-6.643124532,6.941311981,0.456420298,0.543579702,1435.21565,1475.967432,7,9
2021-10-01,2021,57,0,,STL,CHC,1539.464719,1452.521656,0.654445877,0.345554123,1540.310616,1451.675759,1528.447681,1457.472644,Dakota Hudson,Cory Abbott,51.24793069,47.4,3.095586526,7.394739984,0.631035971,0.368964029,1529.144476,1456.775849,4,3
2021-10-01,2021,58,0,,KCR,MIN,1471.468524,1482.967118,0.51798321,0.48201679,1474.224578,1480.211063,1471.419647,1492.904728,Jon Heasley,John Gant,47.78274267,49.05456847,-7.129122996,-2.815181072,0.500735992,0.499264008,1473.580328,1490.744047,11,6
2021-10-01,2021,59,0,,HOU,OAK,1554.896814,1524.869002,0.577131549,0.422868451,1552.699569,1527.066247,1559.246924,1518.654265,Framber Valdez,Sean Manaea,54.66740122,53.05304464,7.603004278,4.649872483,0.598123445,0.401876555,1557.523287,1520.377903,6,8
2021-10-01,2021,60,0,,CHW,DET,1537.125094,1481.958094,0.611998799,0.388001201,1539.693498,1479.38969,1541.392116,1475.297714,Lance Lynn,Wily Peralta,58.20696552,49.69201381,19.17434056,-0.025551549,0.658149685,0.341850315,1543.001566,1473.688264,8,1
2021-10-01,2021,61,0,,TEX,CLE,1439.296032,1497.96174,0.450276927,0.549723073,1437.451758,1499.806014,1440.904287,1500.581959,Spencer Howard,Eli Morgan,47.32530849,50.40053783,-5.857626963,-2.165929385,0.446981826,0.553018174,1439.534233,1501.952012,6,9
2021-10-01,2021,62,0,,ATL,NYM,1560.539499,1491.38938,0.630931536,0.369068464,1558.699182,1493.229697,1554.163785,1510.126591,Huascar Ynoa,Tylor Megill,51.36095264,46.73911625,-10.38104005,-20.42558466,0.614372852,0.385627148,1552.830781,1511.459595,3,4
2021-10-01,2021,63,0,,FLA,PHI,1459.687984,1502.627002,0.472771526,0.527228474,1456.891889,1505.423097,1458.777671,1502.780701,Sandy Alcantara,Ranger Suarez,57.70111866,55.4141501,35.8678165,11.08350059,0.506049195,0.493950805,1456.492679,1505.065692,0,5
2021-10-01,2021,64,0,,TOR,BAL,1547.780588,1419.78977,0.705770384,0.294229616,1548.635519,1418.934839,1542.667185,1413.277825,Steven Matz,Thomas Eshelman,50.55727462,42.40422748,-11.68234913,-20.6418119,0.720496124,0.279503876,1543.259439,1412.685571,6,4
2021-10-01,2021,65,0,,WSN,BOS,1466.854076,1522.537693,0.454529586,0.545470414,1465.207384,1524.184384,1480.09308,1518.77712,Josh Rogers,Eduardo Rodriguez,47.23409217,53.18335214,-7.501391355,6.819542593,0.458025596,0.541974404,1478.845773,1520.024427,2,4
2021-10-01,2021,66,0,,NYY,TBD,1544.901719,1577.132969,0.488156494,0.511843506,1543.577655,1578.457033,1555.601648,1573.669388,Nestor Cortes,Shane McClanahan,52.10911569,53.72800512,-9.962629197,9.014210773,0.483138404,0.516861596,1554.621486,1574.649549,3,4
2021-10-01,2021,67,0,,PIT,CIN,1427.075231,1505.048022,0.422945751,0.577054249,1431.431423,1500.691831,1420.496084,1504.246651,Wil Crowe,Luis Castillo,42.74945304,55.59424182,-12.82417965,18.42825684,0.371952639,0.628047361,1424.136336,1500.606399,9,2
2021-09-30,2021,68,0,,LAD,SDP,1602.475185,1496.976344,0.678187617,0.321812383,1604.140351,1495.311177,1606.457441,1519.199092,Tony Gonsolin,Vince Velasquez,52.43956538,45.33030358,-15.46449737,-18.64066788,0.658976852,0.341023148,1607.817643,1517.83889,8,3
2021-09-30,2021,69,0,,SFG,ARI,1580.04576,1434.902794,0.725849444,0.274150556,1580.662744,1434.28581,1560.574734,1437.035534,Scott Kazmir,Madison Bumgarner,48.21411107,50.71808014,-20.46326898,9.768757231,0.662683171,0.337316829,1561.208504,1436.401763,5,4
2021-09-30,2021,70,0,,KCR,CLE,1474.389628,1495.040636,0.504819437,0.495180563,1471.468524,1497.96174,1473.169716,1498.83189,Angel Zerpa,Shane Bieber,47.4,60.04694367,-8.41518404,43.15790801,0.423982265,0.576017735,1471.419647,1500.581959,1,6
2021-09-30,2021,71,0,,MIN,DET,1485.334965,1479.590246,0.542701815,0.457298185,1482.967118,1481.958094,1494.804627,1473.397815,Joe Ryan,Tarik Skubal,52.68804137,51.58400721,13.35360484,7.628437997,0.57305814,0.42694186,1492.904728,1475.297714,7,10
2021-09-30,2021,72,0,,ATL,PHI,1559.235253,1503.931249,0.612186055,0.387813945,1560.539499,1502.627002,1553.167701,1503.776786,Ian Anderson,Kyle Gibson,53.67979177,52.82103769,0.472540333,-1.692845292,0.607051967,0.392948033,1554.163785,1502.780701,5,3
2021-09-30,2021,73,0,,NYM,FLA,1487.898952,1463.178412,0.569658499,0.430341501,1491.38938,1459.687984,1508.14401,1460.760252,Rich Hill,Edward Cabrera,53.56960815,45.08721156,11.1135954,-23.60950462,0.64812331,0.35187669,1510.126591,1458.777671,12,3
2021-09-30,2021,74,0,,HOU,TBD,1553.497634,1578.53215,0.498511216,0.501488784,1554.896814,1577.132969,1558.265298,1574.651014,Lance McCullers Jr.,Collin McHugh,55.3101841,52.15721392,10.94661081,1.630767938,0.524345144,0.475654856,1559.246924,1573.669388,3,2
2021-09-30,2021,75,0,,TOR,NYY,1550.652286,1542.03002,0.546809735,0.453190265,1547.780588,1544.901719,1544.923556,1553.345277,Robbie Ray,Corey Kluber,59.39721962,53.62048383,28.80897966,-2.964931571,0.567726455,0.432273545,1542.667185,1555.601648,2,6
2021-09-30,2021,76,0,,BAL,BOS,1416.414839,1525.912623,0.379383727,0.620616273,1419.78977,1522.537693,1410.629746,1521.425199,Alexander Wells,Nick Pivetta,43.27485702,51.50640697,-15.80680242,-1.102978802,0.357949096,0.642050904,1413.277825,1518.77712,6,2
2021-09-30,2021,77,0,,PIT,CHC,1431.43843,1448.158457,0.51047519,0.48952481,1427.075231,1452.521656,1423.795539,1454.17319,Miguel Yajure,Justin Steele,48.54862538,44.83488707,12.65832339,-3.351665172,0.513858498,0.486141502,1420.496084,1457.472644,0,9
2021-09-30,2021,78,0,,TEX,ANA,1437.860429,1476.287991,0.479248996,0.520751004,1439.296032,1474.852388,1439.706849,1488.518576,Glenn Otto,Alex Cobb,47.2594103,52.95771357,-6.889426257,15.40157699,0.432625993,0.567374007,1440.904287,1487.321138,7,6
2021-09-30,2021,79,0,,STL,MIL,1538.155877,1545.887562,0.523394892,0.476605108,1539.464719,1544.578719,1527.497063,1545.466071,J.A. Happ,Brett Anderson,46.95321048,48.48638896,-17.08921673,-35.57477515,0.535223708,0.464776292,1528.447681,1544.515453,4,3
2021-09-29,2021,80,0,,SEA,OAK,1513.452304,1526.663463,0.515521401,0.484478599,1515.246765,1524.869002,1497.636055,1520.133806,Logan Gilbert,Frankie Montas,50.36147992,57.15712583,7.280448536,24.45979284,0.477454145,0.522545855,1499.115596,1518.654265,4,2
2021-09-29,2021,81,0,,LAD,SDP,1601.405523,1498.046005,0.675494015,0.324505985,1602.475185,1496.976344,1605.905552,1519.75098,Max Scherzer,Ryan Weathers,63.90842065,41.12047371,36.96178333,-39.41994855,0.745316864,0.254683136,1606.457441,1519.199092,11,9
2021-09-29,2021,82,0,,SFG,ARI,1579.423739,1435.524815,0.724422103,0.275577897,1580.04576,1434.902794,1559.976326,1437.633942,Alex Wood,Merrill Kelly,51.2190394,51.37387717,-5.517921871,13.40169402,0.675573822,0.324426178,1560.574734,1437.035534,1,0
2021-09-29,2021,83,0,,KCR,CLE,1471.477624,1497.95264,0.496438225,0.503561775,1474.389628,1495.040636,1470.827612,1501.173993,Daniel Lynch,Zach Plesac,47.21327502,52.34850889,-10.06343406,6.315005742,0.467342911,0.532657089,1473.169716,1498.83189,10,5
2021-09-29,2021,84,0,,HOU,TBD,1557.201501,1574.828282,0.509170771,0.490829229,1553.497634,1578.53215,1561.062697,1571.853615,Luis Garcia,Drew Rasmussen,54.85982476,54.29527474,7.794433512,12.63957248,0.512034358,0.487965642,1558.265298,1574.651014,0,7
2021-09-29,2021,85,0,,CHW,CIN,1534.740563,1507.432554,0.57330604,0.42669396,1537.125094,1505.048022,1539.654365,1505.984403,Carlos Rodon,Sonny Gray,57.37613212,55.12915527,15.99673272,15.88332797,0.582398622,0.417601378,1541.392116,1504.246651,6,1
2021-09-29,2021,86,0,,TEX,ANA,1440.6169,1473.531519,0.487173647,0.512826353,1437.860429,1476.287991,1441.754874,1486.470551,Taylor Hearn,Janson Junk,47.10149419,46.08660952,-7.506276263,-16.79928054,0.483567373,0.516432627,1439.706849,1488.518576,2,7
2021-09-29,2021,87,0,,STL,MIL,1540.973416,1543.070022,0.531479824,0.468520176,1538.155877,1545.887562,1529.72326,1543.239874,Miles Mikolas,Adrian Houser,52.29373818,51.87227273,7.963646611,-19.45098191,0.554324342,0.445675658,1527.497063,1545.466071,0,4
2021-09-29,2021,88,0,,MIN,DET,1483.396056,1481.529156,0.537156833,0.462843167,1485.334965,1479.590246,1493.47321,1474.729231,Michael Pineda,Casey Mize,52.69647259,51.97664823,13.78577207,9.362066083,0.567465784,0.432534216,1494.804627,1473.397815,5,2
2021-09-29,2021,89,0,,ATL,PHI,1557.076721,1506.08978,0.60626988,0.39373012,1559.235253,1503.931249,1551.614583,1505.329903,Max Fried,Aaron Nola,58.34337617,55.30219191,23.13832521,9.920760982,0.617907858,0.382092142,1553.167701,1503.776786,7,2
2021-09-29,2021,90,0,,NYM,FLA,1489.563879,1461.513485,0.574351123,0.425648877,1487.898952,1463.178412,1509.454658,1459.449603,Taijuan Walker,Elieser Hernandez,48.34593309,48.59997621,-12.83825767,-7.055993814,0.596937783,0.403062217,1508.14401,1460.760252,2,3
2021-09-29,2021,91,0,,BAL,BOS,1418.735822,1523.591641,0.38569527,0.61430473,1416.414839,1525.912623,1412.183037,1519.871909,Zac Lowther,Nathan Eovaldi,45.95831594,55.05438903,-2.989736158,16.49050682,0.355742998,0.644257002,1410.629746,1521.425199,0,6
2021-09-29,2021,92,0,,TOR,NYY,1549.43626,1543.246047,0.543338186,0.456661814,1550.652286,1542.03002,1543.917684,1554.351149,Jose Berrios,Gerrit Cole,57.58558126,60.67561572,20.847883,29.65621192,0.506847181,0.493152819,1544.923556,1553.345277,6,5
2021-09-29,2021,93,0,,PIT,CHC,1432.92274,1446.674148,0.514744634,0.485255366,1431.43843,1448.158457,1424.822206,1453.146522,Roansy Contreras,Kyle Hendricks,47.4,48.74664228,7.677809288,15.45629073,0.482589716,0.517410284,1423.795539,1454.17319,2,3
2021-09-29,2021,94,0,,COL,WSN,1490.682363,1469.189937,0.565097265,0.434902735,1493.018224,1466.854076,1472.470543,1482.403854,Peter Lambert,Paolo Espino,43.49748749,48.76233035,-43.55359005,-0.958161557,0.459035868,0.540964132,1474.781318,1480.09308,10,5
2021-09-28,2021,95,0,,SEA,OAK,1511.633336,1528.482431,0.510289527,0.489710473,1513.452304,1526.663463,1496.118124,1521.651737,Tyler Anderson,Chris Bassitt,49.66282828,57.55627887,4.306671244,26.05134766,0.466549886,0.533450114,1497.636055,1520.133806,4,2
2021-09-28,2021,96,0,,LAD,SDP,1600.568471,1498.883058,0.673378022,0.326621978,1601.405523,1498.046005,1605.198731,1520.457801,Walker Buehler,Yu Darvish,58.41797064,52.85473559,11.88002055,15.65062542,0.645705282,0.354294718,1605.905552,1519.75098,2,1
2021-09-28,2021,97,0,,SFG,ARI,1578.602921,1436.345634,0.722531554,0.277468446,1579.423739,1435.524815,1559.303306,1438.306962,Logan Webb,Luke Weaver,55.47396327,49.96082017,14.67181928,7.056697681,0.706086829,0.293913171,1559.976326,1437.633942,6,4
2021-09-28,2021,98,0,,COL,WSN,1489.307899,1470.564401,0.561204367,0.438795633,1490.682363,1469.189937,1471.365986,1483.508412,Kyle Freeland,Patrick Corbin,52.52757206,45.77335739,-0.397206867,-14.46170193,0.53723579,0.46276421,1472.470543,1482.403854,3,1
2021-09-28,2021,99,0,,KCR,CLE,1469.699137,1499.731127,0.49132014,0.50867986,1471.477624,1497.95264,1469.490741,1502.510865,Brady Singer,Aaron Civale,50.05641848,51.11648808,2.534886434,0.185173622,0.490401686,0.509598314,1470.827612,1501.173993,6,4
2021-09-28,2021,100,0,,HOU,TBD,1555.825738,1576.204045,0.505211846,0.494788154,1557.201501,1574.828282,1560.151273,1572.765039,Jose Urquidy,Michael Wacha,54.71949779,47.60074496,7.228574792,-17.75087695,0.551011872,0.448988128,1561.062697,1571.853615,4,3
2021-09-28,2021,101,0,,CHW,CIN,1532.018244,1510.154872,0.565621976,0.434378024,1534.740563,1507.432554,1537.584799,1508.053969,Reynaldo Lopez,Riley O'Brien,46.97639356,47.4,-32.1638618,-21.29054493,0.561127498,0.438872502,1539.654365,1505.984403,7,1
2021-09-28,2021,102,0,,TEX,ANA,1438.407858,1475.740561,0.48082211,0.51917789,1440.6169,1473.531519,1440.16294,1488.062484,A.J. Alexy,Packy Naughton,49.43243654,45.99418819,3.790715164,-18.17112284,0.497180119,0.502819881,1441.754874,1486.470551,5,2
2021-09-28,2021,103,0,,STL,MIL,1538.522333,1545.521105,0.524447224,0.475552776,1540.973416,1543.070022,1527.911734,1545.0514,Adam Wainwright,Brandon Woodruff,57.64412592,60.22745426,33.03639006,19.24260856,0.529889257,0.470110743,1529.72326,1543.239874,6,2
2021-09-28,2021,104,0,,MIN,DET,1482.14649,1482.778722,0.533578305,0.466421695,1483.396056,1481.529156,1492.569713,1475.632729,Charlie Barnes,Tyler Alexander,46.02000541,48.92298122,-17.36317385,-4.099297792,0.546640643,0.453359357,1493.47321,1474.729231,3,2
2021-09-28,2021,105,0,,ATL,PHI,1556.061995,1507.104506,0.603477763,0.396522237,1557.076721,1506.08978,1550.781574,1506.162913,Charlie Morton,Zack Wheeler,58.27810703,61.14460918,23.97653959,38.21761823,0.576038382,0.423961618,1551.614583,1505.329903,2,1
2021-09-28,2021,106,0,,NYM,FLA,1488.413344,1462.66402,0.5711097,0.4288903,1489.563879,1461.513485,1508.613261,1460.291001,Noah Syndergaard,Trevor Rogers,52.56505404,55.00236385,6.859516343,23.70217296,0.579169799,0.420830201,1509.454658,1459.449603,2,1
2021-09-28,2021,107,0,,TOR,NYY,1552.747814,1539.934493,0.552781251,0.447218749,1549.43626,1543.246047,1546.219167,1552.049666,Hyun Jin Ryu,Jameson Taillon,51.25645087,53.1991799,-9.364781459,-5.383548335,0.519823019,0.480176981,1543.917684,1554.351149,2,7
2021-09-28,2021,108,0,,BAL,BOS,1416.385356,1525.942107,0.379303809,0.620696191,1418.735822,1523.591641,1410.272742,1521.782203,Bruce Zimmermann,Chris Sale,46.68408418,57.84239332,0.8424219,29.71417215,0.341352442,0.658647558,1412.183037,1519.871909,4,2
2021-09-28,2021,109,0,,PIT,CHC,1431.09547,1448.501418,0.509488465,0.490511535,1432.92274,1446.674148,1423.290051,1454.678678,Mitch Keller,Alec Mills,45.75984436,48.7650945,-1.118652489,14.86752577,0.463598726,0.536401274,1424.822206,1453.146522,8,6
2021-09-28,2021,110,0,,NYM,FLA,1486.538702,1464.538662,0.565815259,0.434184741,1488.413344,1462.66402,1507.42342,1461.480842,Marcus Stroman,Zach Thompson,54.24512876,50.54767561,14.42951465,2.438275813,0.616206479,0.383793521,1508.613261,1460.291001,5,2
2021-09-27,2021,111,0,,SEA,OAK,1507.363792,1532.751974,0.498002257,0.501997743,1511.633336,1528.482431,1493.148572,1524.621289,Chris Flexen,Cole Irvin,50.48975158,48.25078346,7.908673819,-18.76568586,0.527098154,0.472901846,1496.118124,1521.651737,13,4
2021-09-27,2021,112,0,,COL,WSN,1490.898665,1468.973635,0.565709179,0.434290821,1489.307899,1470.564401,1472.562621,1482.311777,German Marquez,Josiah Gray,54.90847567,44.83355196,10.97214606,-18.46768587,0.567067585,0.432932415,1471.365986,1483.508412,4,5
2021-09-27,2021,113,0,,DET,CHW,1484.031404,1530.765562,0.467329531,0.532670469,1482.778722,1532.018244,1476.614618,1536.60291,Matt Manning,Dallas Keuchel,46.54103717,45.49038067,-16.37008174,-39.71078088,0.48381096,0.51618904,1475.632729,1537.584799,7,8
2021-09-27,2021,114,0,,CLE,KCR,1497.33527,1472.094994,0.570391788,0.429608212,1499.731127,1469.699137,1501.134688,1470.866917,Cal Quantrill,Jackson Kowar,53.60790242,41.87989707,12.22442046,-36.55113823,0.645928896,0.354071104,1502.510865,1469.490741,8,3
2021-09-27,2021,115,0,,CIN,PIT,1506.824731,1434.425611,0.635275836,0.364724164,1510.154872,1431.09547,1505.320975,1426.023044,Reiver Sanmartin,Connor Overton,47.4,47.56984143,-20.8077262,6.491332646,0.61103554,0.38896446,1508.053969,1423.290051,13,1
2021-09-26,2021,116,0,,BOS,NYY,1528.201988,1537.674612,0.520894399,0.479105601,1525.942107,1539.934493,1523.404041,1550.427829,Eduardo Rodriguez,Jordan Montgomery,52.84071385,54.62756359,6.594301645,1.622227893,0.502803779,0.497196221,1521.782203,1552.049666,3,6
2021-09-26,2021,117,0,,SDP,ATL,1500.205718,1554.739335,0.45617137,0.54382863,1498.883058,1556.061995,1521.763939,1549.475437,Joe Musgrove,Jesse Chavez,53.52878267,46.26834884,18.5711643,-32.71018155,0.568033917,0.431966083,1520.457801,1550.781574,3,4
2021-09-26,2021,118,0,,ARI,LAD,1437.483918,1599.430187,0.311292738,0.688707262,1436.345634,1600.568471,1439.038224,1604.467469,Humberto Mejia,Julio Urias,44.80516823,56.57552401,-18.09884097,3.375035652,0.281355916,0.718644084,1438.306962,1605.198731,0,3
2021-09-26,2021,119,0,,OAK,HOU,1531.349478,1557.228234,0.49729628,0.50270372,1532.751974,1555.825738,1523.429348,1561.343214,Paul Blackburn,Jake Odorizzi,44.49550925,50.88379856,-35.95082526,-10.82696562,0.444055427,0.555944573,1524.621289,1560.151273,4,3
2021-09-26,2021,120,0,,ANA,SEA,1478.335924,1504.76843,0.496499399,0.503500601,1475.740561,1507.363792,1490.243507,1490.96755,Shohei Ohtani,Marco Gonzales,54.68502931,52.11596854,23.67455957,16.27764682,0.544027483,0.455972517,1488.062484,1493.148572,1,5
2021-09-26,2021,121,0,,COL,SFG,1492.807201,1576.694384,0.414658939,0.585341061,1490.898665,1578.602921,1474.038314,1557.827613,Antonio Senzatela,Kevin Gausman,55.47779764,53.67096923,14.12456396,7.404439145,0.424215782,0.575784218,1472.562621,1559.303306,2,6
2021-09-26,2021,122,0,,CHC,STL,1449.926247,1537.097504,0.410077989,0.589922011,1448.501418,1538.522333,1455.872905,1526.717507,Keegan Thompson,Jake Woodford,45.65935151,48.83432968,0.646499356,-8.46335209,0.445907852,0.554092148,1454.678678,1527.911734,2,4
2021-09-26,2021,123,0,,MIN,TOR,1483.953749,1550.940555,0.438450762,0.561549238,1482.14649,1552.747814,1493.803948,1544.984932,Griffin Jax,Alek Manoah,43.91176141,55.23317265,-27.52325032,9.471254387,0.408680257,0.591319743,1492.569713,1546.219167,2,5
2021-09-26,2021,124,0,,MIL,NYM,1543.625885,1488.433921,0.612032922,0.387967078,1545.521105,1486.538702,1543.472332,1509.002489,Freddy Peralta,Carlos Carrasco,56.5710516,52.15924453,1.688043144,3.490670634,0.580835153,0.419164847,1545.0514,1507.42342,8,4
2021-09-26,2021,125,0,,TBD,FLA,1575.445705,1465.297002,0.684001363,0.315998637,1576.204045,1464.538662,1572.227766,1462.018114,Shane Baz,Jesus Luzardo,48.38144327,45.15735214,-13.19737892,-22.64557754,0.695711979,0.304288021,1572.765039,1461.480842,3,2
2021-09-26,2021,126,0,,CLE,CHW,1499.47503,1528.625802,0.492587987,0.507412013,1497.33527,1530.765562,1502.703668,1535.03393,Triston McKenzie,Lucas Giolito,53.77520165,57.04709265,12.39421431,15.28969254,0.483850481,0.516149519,1501.134688,1536.60291,2,5
2021-09-26,2021,127,0,,CIN,WSN,1503.943083,1471.855283,0.580022883,0.419977117,1506.824731,1468.973635,1503.134132,1484.49862,Tyler Mahle,Josh Rogers,53.49581416,48.49057845,8.791121061,-2.008403691,0.576298559,0.423701441,1505.320975,1482.311777,9,2
2021-09-26,2021,128,0,,PHI,PIT,1511.682136,1429.847981,0.647765219,0.352234781,1507.104506,1434.425611,1509.467789,1422.718168,Hans Crouse,Max Kranick,47.4,44.23971807,-26.91684374,-8.418176407,0.629725451,0.370274549,1506.162913,1426.023044,0,6
2021-09-26,2021,129,0,,BAL,TEX,1418.635627,1436.157587,0.509321569,0.490678431,1416.385356,1438.407858,1412.060034,1438.375649,John Means,Dane Dunning,55.26774927,51.94199386,41.24005172,15.70313096,0.533368474,0.466631526,1410.272742,1440.16294,4,7
2021-09-26,2021,130,0,,DET,KCR,1485.588244,1470.538154,0.555962144,0.444037856,1484.031404,1472.094994,1477.80196,1469.679575,Wily Peralta,Kris Bubic,50.07707091,46.74683601,-0.113814968,-12.36870627,0.563518983,0.436481017,1476.614618,1470.866917,1,2
2021-09-25,2021,131,0,,ANA,SEA,1472.724749,1510.379605,0.480359195,0.519640805,1478.335924,1504.76843,1486.182526,1495.028531,Jaime Barria,Tyler Anderson,48.64627663,52.0598125,-4.720489075,13.89954372,0.495012136,0.504987864,1490.243507,1490.96755,14,1
2021-09-25,2021,132,0,,COL,SFG,1495.044008,1574.457578,0.420922851,0.579077149,1492.807201,1576.694384,1475.683139,1556.182787,Jon Gray,Anthony DeSclafani,54.08274764,54.38414235,7.622830823,10.93267904,0.414767487,0.585232513,1474.038314,1557.827613,2,7
2021-09-25,2021,133,0,,ARI,LAD,1432.944685,1603.969419,0.300200684,0.699799316,1437.483918,1599.430187,1435.770729,1607.734964,Zac Gallen,Clayton Kershaw,53.59625518,57.92365558,24.19312189,8.671919217,0.318124694,0.681875306,1439.038224,1604.467469,7,2
2021-09-25,2021,134,0,,SDP,ATL,1501.939082,1553.005972,0.461126226,0.538873774,1500.205718,1554.739335,1523.111012,1548.128363,Vince Velasquez,Huascar Ynoa,45.28143576,52.8101656,-20.3489196,-3.359497907,0.474109347,0.525890653,1521.763939,1549.475437,8,10
2021-09-25,2021,135,0,,CLE,CHW,1496.086234,1532.014598,0.482840446,0.517159554,1499.47503,1528.625802,1499.834961,1537.902637,Eli Morgan,Lance Lynn,48.62555577,59.15262672,-10.49586937,24.54220318,0.429797987,0.570202013,1502.703668,1535.03393,6,0
2021-09-25,2021,136,0,,MIN,TOR,1486.434841,1548.459463,0.445495614,0.554504386,1483.953749,1550.940555,1495.535292,1543.253587,John Gant,Robbie Ray,49.1953273,59.10453897,-2.851317086,28.22403626,0.421792919,0.578207081,1493.803948,1544.984932,1,6
2021-09-25,2021,137,0,,MIL,NYM,1542.588041,1489.471765,0.609191969,0.390808031,1543.625885,1488.433921,1542.702177,1509.772643,Corbin Burnes,Rich Hill,62.7958491,53.34496059,31.74528019,9.368388683,0.612189365,0.387810635,1543.472332,1509.002489,2,1
2021-09-25,2021,138,0,,CIN,WSN,1502.832463,1472.965902,0.576904996,0.423095004,1503.943083,1471.855283,1502.232831,1485.399922,Vladimir Gutierrez,Erick Fedde,47.46207455,45.89572563,-20.27698221,-14.85204686,0.550780488,0.449219512,1503.134132,1484.49862,7,6
2021-09-25,2021,139,0,,BAL,TEX,1417.289679,1437.503535,0.505448484,0.494551516,1418.635627,1436.157587,1411.117643,1439.31804,Chris Ellis,Jordan Lyles,50.26788796,46.84790876,18.08210066,-8.072059182,0.531552024,0.468447976,1412.060034,1438.375649,3,2
2021-09-25,2021,140,0,,TBD,FLA,1574.016561,1466.726147,0.680434299,0.319565701,1575.445705,1465.297002,1570.987078,1463.258802,Shane McClanahan,Sandy Alcantara,54.03026561,58.51518054,13.19996082,39.76868465,0.646878671,0.353121329,1572.227766,1462.018114,7,3
2021-09-25,2021,141,0,,DET,KCR,1483.37992,1472.746478,0.549677096,0.450322904,1485.588244,1470.538154,1476.229201,1471.252334,Tarik Skubal,Jon Heasley,50.95624015,46.41451196,4.654930813,-13.29186584,0.567120969,0.432879031,1477.80196,1469.679575,5,1
2021-09-25,2021,142,0,,BOS,NYY,1530.052762,1535.823838,0.526209485,0.473790515,1528.201988,1537.674612,1524.742195,1549.089674,Nick Pivetta,Nestor Cortes,50.46089617,51.79317011,-3.644506379,-11.59260589,0.510936428,0.489063572,1523.404041,1550.427829,3,5
2021-09-25,2021,143,0,,OAK,HOU,1529.932743,1558.644969,0.493218978,0.506781022,1531.349478,1557.228234,1522.304264,1562.468298,Sean Manaea,Framber Valdez,51.9386688,54.19269012,0.080341339,5.223286015,0.469375175,0.530624825,1523.429348,1561.343214,2,1
2021-09-25,2021,144,0,,PHI,PIT,1510.260842,1431.269275,0.644022725,0.355977275,1511.682136,1429.847981,1508.513515,1423.672442,Ranger Suarez,Wil Crowe,53.05590929,43.41612624,1.22995191,-13.04619276,0.670118194,0.329881806,1509.467789,1422.718168,3,0
2021-09-25,2021,145,0,,CHC,STL,1451.689848,1535.333903,0.414998676,0.585001324,1449.926247,1537.097504,1457.435759,1525.154653,Adrian Sampson,Jon Lester,45.84743246,46.1327773,2.17376734,-21.66547033,0.471422056,0.528577944,1455.872905,1526.717507,5,8
2021-09-24,2021,146,0,,SDP,ATL,1504.40982,1550.535233,0.468201945,0.531798055,1501.939082,1553.005972,1524.912014,1546.327361,Reiss Knehr,Max Fried,46.20666546,57.06690283,-16.3797348,18.02732524,0.458121115,0.541878885,1523.111012,1548.128363,0,4
2021-09-24,2021,147,0,,OAK,HOU,1524.57532,1564.002392,0.477813237,0.522186763,1529.932743,1558.644969,1519.11724,1565.655322,Frankie Montas,Brandon Bielak,56.51292746,44.01540247,22.40899344,-43.08408458,0.564641678,0.435358322,1522.304264,1562.468298,14,2
2021-09-24,2021,148,0,,ARI,LAD,1433.830606,1603.083499,0.302347762,0.697652238,1432.944685,1603.969419,1436.491605,1607.014088,Humberto Castellanos,Tony Gonsolin,47.12141225,52.09407113,-6.279226214,-18.58824553,0.31915415,0.68084585,1435.770729,1607.734964,2,4
2021-09-24,2021,149,0,,ANA,SEA,1474.069109,1509.035245,0.4842237,0.5157763,1472.724749,1510.379605,1487.193888,1494.017169,Jose Suarez,Logan Gilbert,45.07238601,50.80169103,-21.89281738,7.649064999,0.485397522,0.514602478,1486.182526,1495.028531,5,6
2021-09-24,2021,150,0,,MIN,TOR,1484.446338,1550.447966,0.439847547,0.560152453,1486.434841,1548.459463,1494.062861,1544.726019,Bailey Ober,Jose Berrios,51.69764042,57.51150451,9.725791137,21.01657215,0.445596127,0.554403873,1495.535292,1543.253587,3,1
2021-09-24,2021,151,0,,MIL,NYM,1540.637471,1491.422336,0.603832609,0.396167391,1542.588041,1489.471765,1541.127263,1511.347557,Eric Lauer,Tylor Megill,52.94214266,48.09521126,-13.7255607,-16.55449804,0.581659411,0.418340589,1542.702177,1509.772643,5,1
2021-09-24,2021,152,0,,COL,SFG,1497.326324,1572.175261,0.427340541,0.572659459,1495.044008,1574.457578,1477.111442,1554.754484,Peter Lambert,Alex Wood,43.04325667,50.76299016,-44.27858561,-5.715202012,0.374259684,0.625740316,1475.683139,1556.182787,2,7
2021-09-24,2021,153,0,,CHC,STL,1454.868552,1532.155199,0.423910034,0.576089966,1451.689848,1535.333903,1459.680452,1522.90996,Zach Davies,Jack Flaherty,44.77258968,55.87221122,-4.142289594,23.21125882,0.405335349,0.594664651,1457.435759,1525.154653,4,12
2021-09-24,2021,154,0,,TBD,FLA,1571.820665,1468.922042,0.674912175,0.325087825,1574.016561,1466.726147,1569.422502,1464.823378,David Robertson,Edward Cabrera,47.4,45.12536695,-18.16549891,-23.41915039,0.685896949,0.314103051,1570.987078,1463.258802,8,0
2021-09-24,2021,155,0,,DET,KCR,1485.353785,1470.772613,0.555295671,0.444704329,1483.37992,1472.746478,1477.717214,1469.764321,Casey Mize,Carlos Hernandez,51.76211747,49.53906697,8.731528416,1.876143244,0.557599405,0.442400595,1476.229201,1471.252334,1,3
2021-09-24,2021,156,0,,CLE,CHW,1497.405081,1530.695751,0.486632838,0.513367162,1496.086234,1532.014598,1500.979665,1536.757933,Shane Bieber,Dylan Cease,59.7103382,53.23778473,42.34244161,-2.282854343,0.547130339,0.452869661,1499.834961,1537.902637,0,1
2021-09-24,2021,157,0,,CIN,WSN,1501.710812,1474.087554,0.57374991,0.42625009,1502.832463,1472.965902,1501.422558,1486.210194,Sonny Gray,Paolo Espino,56.21644053,48.92483276,20.04695932,-0.775753169,0.585547681,0.414452319,1502.232831,1485.399922,8,7
2021-09-24,2021,158,0,,PHI,PIT,1509.080421,1432.449696,0.640901032,0.359098968,1510.260842,1431.269275,1507.625756,1424.560201,Kyle Gibson,Sam Howard,52.56813863,47.4,-0.833176862,6.125487283,0.640206745,0.359793255,1508.513515,1423.672442,8,6
2021-09-24,2021,159,0,,BAL,TEX,1419.554527,1435.238688,0.51196517,0.48803483,1417.289679,1437.503535,1412.700863,1437.73482,Alexander Wells,Spencer Howard,43.33754721,47.65801846,-14.67258397,-4.623526226,0.484055669,0.515944331,1411.117643,1439.31804,5,8
2021-09-24,2021,160,0,,BOS,NYY,1533.190573,1532.686027,0.535206519,0.464793481,1530.052762,1535.823838,1526.901851,1546.930019,Nathan Eovaldi,Gerrit Cole,57.00254381,60.97059521,25.52522428,31.57980946,0.499521601,0.500478399,1524.742195,1549.089674,3,8
2021-09-24,2021,161,0,,CHC,STL,1456.712556,1530.311195,0.429102782,0.570897218,1454.868552,1532.155199,1461.312444,1521.277968,Justin Steele,J.A. Happ,46.453135,46.40348152,2.872304641,-20.9848743,0.487776802,0.512223198,1459.680452,1522.90996,5,8
2021-09-23,2021,162,0,,ANA,HOU,1472.317566,1565.753935,0.40138253,0.59861747,1474.069109,1564.002392,1485.94188,1566.90733,Alex Cobb,Lance McCullers Jr.,52.44603962,55.21702835,13.3781092,9.748609554,0.423840723,0.576159277,1487.193888,1565.655322,3,2
2021-09-23,2021,163,0,,MIN,TOR,1481.065109,1553.829195,0.430280051,0.569719949,1484.446338,1550.447966,1491.876578,1546.912301,Michael Pineda,Steven Matz,52.91734334,50.87831618,15.40482458,-10.56686067,0.494461297,0.505538703,1494.062861,1544.726019,7,2
2021-09-23,2021,164,0,,PHI,PIT,1506.911301,1434.618816,0.635133598,0.364866402,1509.080421,1432.449696,1506.106797,1426.07916,Aaron Nola,Connor Overton,56.0248224,48.25362084,14.88279212,9.850357229,0.652204353,0.347795647,1507.625756,1424.560201,12,6
2021-09-23,2021,165,0,,BAL,TEX,1417.387225,1437.405989,0.505729209,0.494270791,1419.554527,1435.238688,1411.029019,1439.406664,Zac Lowther,Glenn Otto,44.3448307,46.59813161,-9.119541308,-9.325286122,0.494514095,0.505485905,1412.700863,1437.73482,3,0
2021-09-23,2021,166,0,,CIN,WSN,1503.361669,1472.436697,0.578391437,0.421608563,1501.710812,1474.087554,1502.774229,1484.858523,Luis Castillo,Patrick Corbin,55.54425232,44.53109118,17.10572211,-20.46324076,0.619715082,0.380284918,1501.422558,1486.210194,2,3
2021-09-23,2021,167,0,,CLE,CHW,1495.549339,1532.551493,0.481297126,0.518702874,1497.405081,1530.695751,1499.726274,1538.011324,Zach Plesac,Michael Kopech,52.05083645,48.66429492,6.689490384,-23.45421377,0.5228066,0.4771934,1500.979665,1536.757933,5,3
2021-09-23,2021,168,0,,SDP,SFG,1500.92032,1573.924501,0.429941278,0.570058722,1502.669559,1572.175261,1522.593434,1555.923727,Yu Darvish,Logan Webb,53.03375823,56.24797267,15.3059713,19.53196663,0.480500827,0.519499173,1523.762676,1554.754484,7,6
2021-09-23,2021,169,0,,ARI,ATL,1431.410412,1554.695688,0.360883402,0.639116598,1433.830606,1552.275494,1434.659533,1549.30877,Madison Bumgarner,Charlie Morton,50.75150148,58.31471493,10.85937083,22.81086712,0.356493231,0.643506769,1436.491605,1547.476699,6,4
2021-09-23,2021,170,0,,OAK,SEA,1526.183297,1507.427267,0.561222131,0.438777869,1524.57532,1509.035245,1520.47982,1492.654589,Chris Bassitt,Yusei Kikuchi,57.44276466,48.24570459,27.15750668,-4.751485446,0.618223088,0.381776912,1519.11724,1494.017169,5,6
2021-09-23,2021,171,0,,COL,LAD,1498.489408,1601.920416,0.387640388,0.612359612,1497.326324,1603.083499,1477.712887,1606.412644,Kyle Freeland,Max Scherzer,51.9578259,64.72631665,-1.863180642,40.41867288,0.300252837,0.699747163,1477.111442,1607.014088,5,7
2021-09-23,2021,172,0,,MIL,STL,1543.23463,1527.714035,0.556630671,0.443369329,1540.637471,1530.311195,1542.763386,1519.641846,Adrian Houser,Adam Wainwright,51.3933943,59.05426533,-20.7621538,37.52351369,0.483939056,0.516060944,1541.127263,1521.277968,5,8
2021-09-23,2021,173,0,,CLE,CHW,1498.384351,1529.716481,0.489449783,0.510550217,1495.549339,1532.551493,1502.184182,1535.553416,Aaron Civale,Reynaldo Lopez,53.54020443,47.10646362,11.52649145,-31.21039064,0.549860288,0.450139712,1499.726274,1538.011324,2,7
2021-09-22,2021,174,0,,SDP,SFG,1502.524388,1572.320433,0.434473248,0.565526752,1500.92032,1573.924501,1523.992151,1554.525009,Vince Velasquez,Scott Kazmir,45.67287025,48.23812766,-19.85671783,-18.32008133,0.488389152,0.511610848,1522.593434,1555.923727,6,8
2021-09-22,2021,175,0,,OAK,SEA,1528.811447,1504.799117,0.568658802,0.431341198,1526.183297,1507.427267,1522.40153,1490.732878,Cole Irvin,Chris Flexen,48.86465743,49.45109093,-13.87539273,1.909264012,0.557146877,0.442853123,1520.47982,1492.654589,1,4
2021-09-22,2021,176,0,,ARI,ATL,1433.782404,1552.323696,0.367205655,0.632794345,1431.410412,1554.695688,1436.697678,1547.270626,Merrill Kelly,Ian Anderson,51.99934848,52.48619732,16.29930171,-3.496148365,0.405065586,0.594934414,1434.659533,1549.30877,2,9
2021-09-22,2021,177,0,,ANA,HOU,1474.320918,1563.750584,0.406936714,0.593063286,1472.317566,1565.753935,1487.371606,1565.477603,Janson Junk,Luis Garcia,46.44845227,54.47307974,-15.16629357,6.682415568,0.392401099,0.607598901,1485.94188,1566.90733,5,9
2021-09-22,2021,178,0,,COL,LAD,1494.814351,1605.595472,0.377645888,0.622354112,1498.489408,1601.920416,1474.765533,1609.359998,German Marquez,Walker Buehler,55.62568778,59.47855077,14.85009172,14.90629084,0.345934868,0.654065132,1477.712887,1606.412644,10,5
2021-09-22,2021,179,0,,MIL,STL,1547.886594,1523.062071,0.569805232,0.430194768,1543.23463,1527.714035,1545.954489,1516.450742,Brett Anderson,Miles Mikolas,50.02837366,51.70328063,-28.91638025,3.564561315,0.530217379,0.469782621,1542.763386,1519.641846,2,10
2021-09-22,2021,180,0,,CHC,MIN,1458.124008,1479.653658,0.503555059,0.496444941,1456.712556,1481.065109,1462.362296,1490.826726,Kyle Hendricks,Joe Ryan,48.90783691,51.56381342,14.40189964,9.775049046,0.500233742,0.499766258,1461.312444,1491.876578,4,5
2021-09-22,2021,181,0,,BOS,NYM,1530.412656,1494.200253,0.585795383,0.414204617,1533.190573,1491.422336,1524.957475,1513.291934,Chris Sale,Taijuan Walker,57.8339997,49.90222294,29.7383404,-9.620662229,0.606321548,0.393678452,1526.901851,1511.347557,12,5
2021-09-22,2021,182,0,,PHI,BAL,1506.069164,1418.229362,0.655612323,0.344387677,1506.911301,1417.387225,1505.641178,1411.494638,Zack Wheeler,Keegan Akin,60.81806728,44.67666992,38.09898226,-6.757732862,0.718760617,0.281239383,1506.106797,1411.029019,4,3
2021-09-22,2021,183,0,,NYY,TEX,1531.171637,1438.920378,0.661323116,0.338676884,1532.686027,1437.405989,1545.922945,1440.413738,Corey Kluber,Taylor Hearn,54.18179265,46.7505553,-0.863831185,-8.495924484,0.687712962,0.312287038,1546.930019,1439.406664,7,3
2021-09-22,2021,184,0,,FLA,WSN,1470.971039,1470.387699,0.535319348,0.464680652,1468.922042,1472.436697,1466.374344,1483.307557,Elieser Hernandez,Josiah Gray,49.49167267,43.67306484,-3.773442627,-24.08227253,0.539315351,0.460684649,1464.823378,1484.858523,5,7
2021-09-22,2021,185,0,,TBD,TOR,1568.934489,1556.715372,0.5519355,0.4480645,1571.820665,1553.829195,1567.370579,1548.964225,Luis Patino,Julian Merryweather,47.56865771,48.21517461,-16.95770253,-23.39184504,0.569827771,0.430172229,1569.422502,1546.912301,7,1
2021-09-21,2021,186,0,,SDP,SFG,1503.778926,1571.065894,0.438025384,0.561974616,1502.524388,1572.320433,1525.113232,1553.403928,Joe Musgrove,Kevin Gausman,54.41323925,55.31178675,20.59760334,13.51893731,0.502271449,0.497728551,1523.992151,1554.525009,5,6
2021-09-21,2021,187,0,,OAK,SEA,1531.482996,1502.127568,0.576186656,0.423813344,1528.811447,1504.799117,1524.144772,1488.989637,Paul Blackburn,Marco Gonzales,44.57156048,52.0275928,-34.46912786,14.24433936,0.515022245,0.484977755,1522.40153,1490.732878,2,5
2021-09-21,2021,188,0,,ARI,ATL,1435.756297,1550.349802,0.372501986,0.627498014,1433.782404,1552.323696,1438.554436,1545.413867,Luke Weaver,Jesse Chavez,50.19740895,46.18469782,7.684638862,-33.36824653,0.440124248,0.559875752,1436.697678,1547.270626,1,6
2021-09-21,2021,189,0,,ANA,HOU,1476.641974,1561.429527,0.413401511,0.586598489,1474.320918,1563.750584,1489.002435,1563.846775,Packy Naughton,Jose Urquidy,46.99539154,55.43398582,-13.29329061,10.63338931,0.394026858,0.605973142,1487.371606,1565.477603,5,10
2021-09-21,2021,190,0,,COL,LAD,1495.765402,1604.644421,0.380222742,0.619777258,1494.814351,1605.595472,1475.434394,1608.691137,Antonio Senzatela,Julio Urias,55.11217056,56.45451397,12.90934369,0.815219537,0.363241025,0.636758975,1474.765533,1609.359998,4,5
2021-09-21,2021,191,0,,MIL,STL,1549.590465,1521.358201,0.574607049,0.425392951,1547.886594,1523.062071,1547.381815,1515.023417,Brandon Woodruff,Jake Woodford,59.39974542,47.02788813,16.06779126,-17.56661656,0.626689393,0.373310607,1545.954489,1516.450742,1,2
2021-09-21,2021,192,0,,CHC,MIN,1460.815939,1476.961726,0.511301196,0.488698804,1458.124008,1479.653658,1464.627073,1488.561949,Alec Mills,Griffin Jax,49.85851799,44.63645303,18.02250775,-23.42653624,0.560932503,0.439067497,1462.362296,1490.826726,5,9
2021-09-21,2021,193,0,,TBD,TOR,1571.070286,1554.579575,0.558008432,0.441991568,1568.934489,1556.715372,1569.019636,1547.315168,Drew Rasmussen,Alek Manoah,54.22475401,55.41350185,14.5108321,10.391651,0.571214495,0.428785505,1567.370579,1548.964225,2,4
2021-09-21,2021,194,0,,BOS,NYM,1528.703837,1495.909072,0.581013904,0.418986096,1530.412656,1494.200253,1523.503141,1514.746267,Eduardo Rodriguez,Marcus Stroman,52.88314773,55.09116801,6.494392214,14.11323504,0.538618389,0.461381611,1524.957475,1513.291934,6,3
2021-09-21,2021,195,0,,PHI,BAL,1505.219173,1419.079354,0.653399466,0.346600534,1506.069164,1418.229362,1504.919794,1412.216022,Adonis Medina,Conner Greene,47.65010564,47.4,-23.87789554,6.355566549,0.621933511,0.378066489,1505.641178,1411.494638,3,2
2021-09-21,2021,196,0,,NYY,TEX,1529.206798,1440.885217,0.656238232,0.343761768,1531.171637,1438.920378,1544.420659,1441.916023,Jordan Montgomery,Dane Dunning,54.18202377,52.25855295,-0.448421685,17.26676659,0.651636951,0.348363049,1545.922945,1440.413738,7,1
2021-09-21,2021,197,0,,FLA,WSN,1474.69024,1466.668499,0.545952947,0.454047053,1470.971039,1470.387699,1469.238507,1480.443394,Trevor Rogers,Josh Rogers,54.80505128,47.42544678,21.60091987,-5.904387016,0.55773825,0.44226175,1466.374344,1483.307557,1,7
2021-09-21,2021,198,0,,CIN,PIT,1506.912433,1431.068052,0.639858595,0.360141405,1503.361669,1434.618816,1505.580399,1423.27299,Tyler Mahle,Mitch Keller,54.14004917,45.64762545,10.00039029,-2.315490256,0.664374613,0.335625387,1502.774229,1426.07916,2,6
2021-09-21,2021,199,0,,CLE,KCR,1496.580913,1472.57605,0.568648258,0.431351742,1498.384351,1470.772613,1500.987878,1470.960626,Cal Quantrill,Daniel Lynch,53.36678774,47.03594164,11.04856646,-9.870566117,0.606214149,0.393785851,1502.184182,1469.764321,4,1
2021-09-21,2021,200,0,,DET,CHW,1483.470296,1531.599971,0.46533033,0.53466967,1485.353785,1529.716481,1476.405165,1536.865465,Tyler Alexander,Dallas Keuchel,48.9958128,45.76116659,-4.382389117,-38.16952064,0.496153077,0.503846923,1477.717214,1535.553416,5,3
2021-09-20,2021,201,0,,OAK,SEA,1533.704447,1499.906118,0.58241957,0.41758043,1531.482996,1502.127568,1525.800861,1487.333548,Sean Manaea,Tyler Anderson,52.49081075,50.93068707,2.254883841,10.25278823,0.579623994,0.420376006,1524.144772,1488.989637,2,4
2021-09-20,2021,202,0,,ARI,ATL,1438.23791,1547.86819,0.379204163,0.620795837,1435.756297,1550.349802,1440.34832,1543.619983,Humberto Mejia,Huascar Ynoa,45.85105378,53.33768056,-13.46778776,-0.247567381,0.369378502,0.630621498,1438.554436,1545.413867,4,11
2021-09-20,2021,203,0,,ANA,HOU,1480.293534,1557.777967,0.423632011,0.576367989,1476.641974,1561.429527,1491.782853,1561.066356,Jaime Barria,Framber Valdez,48.62979105,53.5822479,-5.652642894,2.529330068,0.428483828,0.571516172,1489.002435,1563.846775,0,10
2021-09-20,2021,204,0,,MIL,STL,1552.3376,1518.611065,0.582319054,0.417680946,1549.590465,1521.358201,1549.646105,1512.759126,Freddy Peralta,Jon Lester,56.65233842,45.59816003,3.109665387,-24.02403881,0.626906752,0.373093248,1547.381815,1515.023417,2,5
2021-09-20,2021,205,0,,TBD,TOR,1569.457042,1556.192818,0.553422834,0.446577166,1571.070286,1554.579575,1567.608294,1548.726509,Shane Baz,Robbie Ray,47.4,60.05251207,-17.1838159,31.62010538,0.496095234,0.503904766,1569.019636,1547.315168,6,4
2021-09-20,2021,206,0,,PHI,BAL,1507.835994,1416.462533,0.660190448,0.339809552,1505.219173,1419.079354,1506.703241,1410.432575,Ranger Suarez,John Means,52.77326938,54.2566139,0.377441441,39.93143345,0.614949095,0.385050905,1504.919794,1412.216022,0,2
2021-09-20,2021,207,0,,NYY,TEX,1528.375346,1441.71667,0.654075567,0.345924433,1529.206798,1440.885217,1543.786122,1442.55056,Nestor Cortes,A.J. Alexy,52.38835921,51.31383289,-9.363918757,11.88431796,0.649884975,0.350115025,1544.420659,1441.916023,4,3
2021-09-20,2021,208,0,,CLE,KCR,1498.687753,1470.46921,0.574587742,0.425412258,1496.580913,1472.57605,1502.545763,1469.402741,Nick Wittgren,Joel Payamps,47.4,47.4,-17.70476983,-8.164443877,0.568080314,0.431919686,1500.987878,1470.960626,2,4
2021-09-20,2021,209,0,,FLA,WSN,1473.400494,1467.958245,0.54226967,0.45773033,1474.69024,1466.668499,1468.173803,1481.508098,Jesus Luzardo,Erick Fedde,45.978006,46.30570781,-20.86627028,-11.66923579,0.50645377,0.49354623,1469.238507,1480.443394,8,7
2021-09-20,2021,210,0,,DET,CHW,1481.972196,1533.098071,0.461041853,0.538958147,1483.470296,1531.599971,1475.105089,1538.165541,Matt Manning,Carlos Rodon,46.27284095,57.85129232,-17.15017501,18.39133303,0.394270546,0.605729454,1476.405165,1536.865465,4,3
2021-09-20,2021,211,0,,CIN,PIT,1505.202659,1432.777826,0.63531013,0.36468987,1506.912433,1431.068052,1504.27579,1424.577599,Vladimir Gutierrez,Dillon Peters,48.6174996,45.47937425,-17.21383052,-3.551685534,0.630843658,0.369156342,1505.580399,1423.27299,9,5
2021-09-20,2021,212,0,,CLE,KCR,1502.223731,1466.933232,0.584507136,0.415492864,1498.687753,1470.46921,1505.378421,1466.570082,Triston McKenzie,Brady Singer,55.69794861,49.20719764,19.68505707,1.139043053,0.615597498,0.384402502,1502.545763,1469.402741,2,7
2021-09-19,2021,213,0,,NYM,PHI,1494.554907,1509.190159,0.513473692,0.486526308,1495.909072,1507.835994,1513.836446,1507.613063,Rich Hill,Kyle Gibson,53.34333033,52.43019546,5.959525647,-1.116504434,0.553472897,0.446527103,1514.746267,1506.703241,3,2
2021-09-19,2021,214,0,,ANA,OAK,1481.557558,1532.440423,0.46138947,0.53861053,1480.293534,1533.704447,1492.815593,1524.768121,Shohei Ohtani,Frankie Montas,54.17871427,55.53740001,21.11437614,17.6675244,0.493516173,0.506483827,1491.782853,1525.800861,2,3
2021-09-19,2021,215,0,,SFG,ATL,1573.775896,1545.158188,0.575149307,0.424850693,1571.065894,1547.86819,1555.312729,1541.711182,Anthony DeSclafani,Max Fried,54.20745586,56.04845602,8.580472141,13.58628008,0.546771893,0.453228107,1553.403928,1543.619983,0,3
2021-09-19,2021,216,0,,TEX,CHW,1443.920572,1530.894169,0.410353271,0.589646729,1441.71667,1533.098071,1444.006721,1536.70938,Jordan Lyles,Lucas Giolito,47.68299206,56.99495904,-6.025870935,14.56118403,0.374257962,0.625742038,1442.55056,1538.165541,2,7
2021-09-19,2021,217,0,,STL,SDP,1517.403137,1504.986855,0.552216166,0.447783834,1518.611065,1503.778926,1511.844286,1526.028073,J.A. Happ,Jake Arrieta,46.35467723,40.74161903,-20.62882012,-44.85694031,0.548837528,0.451162472,1512.759126,1525.113232,8,7
2021-09-19,2021,218,0,,MIL,CHC,1555.049931,1458.103608,0.667349833,0.332650167,1552.3376,1460.815939,1551.566521,1462.706657,Eric Lauer,Keegan Thompson,52.52432705,45.2412463,-16.05983979,-3.477634205,0.640433143,0.359566857,1549.646105,1464.627073,4,6
2021-09-19,2021,219,0,,KCR,SEA,1470.127547,1496.711803,0.496281024,0.503718976,1466.933232,1499.906118,1468.768077,1485.135554,Jackson Kowar,Logan Gilbert,43.35922724,49.66644812,-27.45531318,5.432316657,0.463718858,0.536281142,1466.570082,1487.333548,1,7
2021-09-19,2021,220,0,,HOU,ARI,1557.069217,1438.946661,0.693837801,0.306162199,1557.777967,1438.23791,1560.428342,1440.986335,Zack Greinke,Zac Gallen,51.00698505,53.45836652,-10.42685228,22.64262371,0.65370278,0.34629722,1561.066356,1440.34832,7,6
2021-09-19,2021,221,0,,TBD,DET,1572.123918,1479.30532,0.6620542,0.3379458,1569.457042,1481.972196,1569.723506,1472.989877,Shane McClanahan,Wily Peralta,53.77373131,49.09302204,13.14531666,-3.00032114,0.687388923,0.312611077,1567.608294,1475.105089,0,2
2021-09-19,2021,222,0,,FLA,PIT,1472.280886,1433.897435,0.588824492,0.411175508,1473.400494,1432.777826,1467.532275,1425.219126,Sandy Alcantara,Max Kranick,58.70842661,44.07440796,39.17682352,-10.16342645,0.660551866,0.339448134,1468.173803,1424.577599,6,5
2021-09-19,2021,223,0,,CIN,LAD,1506.854123,1602.992956,0.397650466,0.602349534,1505.202659,1604.644421,1505.408353,1607.558574,Wade Miley,Clayton Kershaw,51.1793774,57.28965988,-6.832010818,5.390263909,0.372799411,0.627200589,1504.27579,1608.691137,5,8
2021-09-19,2021,224,0,,BOS,BAL,1527.779139,1417.38723,0.684303887,0.315696113,1528.703837,1416.462533,1522.963175,1410.972541,Nathan Eovaldi,Alexander Wells,57.19962117,43.35738562,26.86521679,-11.42033162,0.731690089,0.268309911,1523.503141,1410.432575,8,6
2021-09-19,2021,225,0,,TOR,MIN,1555.046008,1478.108536,0.641307317,0.358692683,1556.192818,1476.961726,1547.978556,1489.309902,Jose Berrios,Luke Farrell,57.33661128,44.69078835,19.21189017,-24.4112179,0.674145242,0.325854758,1548.726509,1488.561949,5,3
2021-09-19,2021,226,0,,WSN,COL,1465.629634,1498.094013,0.487821188,0.512178812,1467.958245,1495.765402,1479.909682,1477.03281,Paolo Espino,Jon Gray,48.02743455,54.13888012,-2.76117759,8.3657718,0.522650448,0.477349552,1481.508098,1475.434394,3,0
2021-09-19,2021,227,0,,NYY,CLE,1533.842172,1496.756905,0.587014022,0.412985978,1528.375346,1502.223731,1548.723625,1500.440918,Gerrit Cole,Eli Morgan,62.61913746,47.87921619,37.54657506,-16.66842217,0.67440561,0.32559439,1543.786122,1505.378421,1,11
2021-09-18,2021,228,0,,ANA,OAK,1483.244853,1530.753128,0.466220407,0.533779593,1481.557558,1532.440423,1494.209706,1523.374008,Jose Suarez,Daulton Jefferies,44.92965698,45.48343591,-22.44649277,-29.89429456,0.503286172,0.496713828,1492.815593,1524.768121,1,3
2021-09-18,2021,229,0,,SFG,ATL,1572.232492,1546.701592,0.570801691,0.429198309,1573.775896,1545.158188,1553.898462,1543.12545,Alex Wood,Charlie Morton,50.0456746,58.5702862,-10.40972036,25.45317668,0.498431535,0.501568465,1555.312729,1541.711182,2,0
2021-09-18,2021,230,0,,STL,SDP,1516.183008,1506.206984,0.548740159,0.451259841,1517.403137,1504.986855,1510.9532,1526.919159,Adam Wainwright,Yu Darvish,59.24850845,51.66354919,40.1915132,7.842553465,0.557855506,0.442144494,1511.844286,1526.028073,3,2
2021-09-18,2021,231,0,,NYM,PHI,1496.488183,1507.256883,0.519032172,0.480967828,1494.554907,1509.190159,1515.322075,1506.127434,Carlos Carrasco,Aaron Nola,52.30719203,55.45580014,0.960207098,13.77648332,0.52929324,0.47070676,1513.836446,1507.613063,3,5
2021-09-18,2021,232,0,,MIL,CHC,1553.958329,1459.19521,0.66455407,0.33544593,1555.049931,1458.103608,1550.853548,1463.41963,Corbin Burnes,Justin Steele,63.31572057,46.74896842,34.5161925,3.476575463,0.69426682,0.30573318,1551.566521,1462.706657,6,4
2021-09-18,2021,233,0,,KCR,SEA,1466.452469,1500.386881,0.485707127,0.514292873,1470.127547,1496.711803,1465.976228,1487.927402,Kris Bubic,Yusei Kikuchi,45.87934251,48.77214192,-14.94477526,0.741642863,0.480384001,0.519615999,1468.768077,1485.135554,8,1
2021-09-18,2021,234,0,,HOU,ARI,1559.939251,1436.076626,0.700811615,0.299188385,1557.069217,1438.946661,1562.68426,1438.730416,Lance McCullers Jr.,Humberto Castellanos,55.32801288,47.34594069,9.876417229,-6.275163374,0.720041357,0.279958643,1560.428342,1440.986335,4,6
2021-09-18,2021,235,0,,TEX,CHW,1442.228406,1532.586334,0.405647761,0.594352239,1443.920572,1530.894169,1442.583944,1538.132158,Spencer Howard,Lance Lynn,46.95095834,59.41969509,-8.890699938,25.9660598,0.351485418,0.648514582,1444.006721,1536.70938,2,1
2021-09-18,2021,236,0,,FLA,PIT,1475.123508,1431.054812,0.596724339,0.403275661,1472.280886,1433.897435,1469.511794,1423.239608,Edward Cabrera,Bryse Wilson,45.43327701,46.85441544,-23.6263039,3.082970839,0.562365591,0.437634409,1467.532275,1425.219126,3,6
2021-09-18,2021,237,0,,TBD,DET,1574.182519,1477.246719,0.667336384,0.332663616,1572.123918,1479.30532,1571.206434,1471.506949,Ryan Yarbrough,Tarik Skubal,48.82231789,51.23209438,-10.39385423,6.862642279,0.648564463,0.351435537,1569.723506,1472.989877,3,4
2021-09-18,2021,238,0,,WSN,COL,1468.92327,1494.800377,0.497298652,0.502701348,1465.629634,1498.094013,1482.6058,1474.336692,Patrick Corbin,Kyle Freeland,45.92030116,51.10416697,-14.11167866,-5.146404668,0.533486712,0.466513288,1479.909682,1477.03281,0,6
2021-09-18,2021,239,0,,TOR,MIN,1553.367426,1479.787118,0.636849821,0.363150179,1555.046008,1478.108536,1546.43628,1490.852178,Steven Matz,Bailey Ober,50.48271017,52.39305332,-12.75714685,11.31425063,0.57921624,0.42078376,1547.978556,1489.309902,6,2
2021-09-18,2021,240,0,,CIN,LAD,1508.818978,1601.028102,0.403081148,0.596918852,1506.854123,1602.992956,1506.688445,1606.278482,Sonny Gray,Max Scherzer,56.1288598,63.96304222,16.67967913,37.85115036,0.364240955,0.635759045,1505.408353,1607.558574,1,5
2021-09-18,2021,241,0,,BOS,BAL,1526.028246,1419.138124,0.679933043,0.320066957,1527.779139,1417.38723,1521.710198,1412.225518,Nick Pivetta,Zac Lowther,51.32346218,44.32726516,-1.579335847,-6.92120287,0.689792594,0.310207406,1522.963175,1410.972541,9,3
2021-09-18,2021,242,0,,NYY,CLE,1538.726199,1491.872878,0.600575717,0.399424283,1533.842172,1496.756905,1552.213171,1496.951373,Luis Gil,Aaron Civale,50.8909231,52.67457563,-17.95819341,6.750967964,0.577868686,0.422131314,1548.723625,1500.440918,3,11
2021-09-17,2021,243,0,,SFG,ATL,1571.038026,1547.896058,0.567429447,0.432570553,1572.232492,1546.701592,1553.021865,1544.002046,Logan Webb,Ian Anderson,55.54719066,53.01927853,16.2688285,-1.149147147,0.574465984,0.425534016,1553.898462,1543.12545,6,5
2021-09-17,2021,244,0,,ANA,OAK,1484.538958,1529.459022,0.46992994,0.53007006,1483.244853,1530.753128,1495.254086,1522.329628,Jhonathan Diaz,Cole Irvin,47.4,49.09847447,-11.31295376,-13.25596098,0.497938841,0.502061159,1494.209706,1523.374008,4,5
2021-09-17,2021,245,0,,STL,SDP,1513.218952,1509.17104,0.540276733,0.459723267,1516.183008,1506.206984,1508.731917,1529.140442,Miles Mikolas,Vince Velasquez,51.00245193,45.94630043,2.114976311,-19.48034348,0.540558957,0.459441043,1510.9532,1526.919159,8,2
2021-09-17,2021,246,0,,MIL,CHC,1552.61403,1460.539509,0.661095209,0.338904791,1553.958329,1459.19521,1549.752352,1464.520826,Adrian Houser,Zach Davies,52.53469297,45.04545279,-17.40147267,-4.834787203,0.639731938,0.360268062,1550.853548,1463.41963,8,5
2021-09-17,2021,247,0,,KCR,SEA,1468.937283,1497.902067,0.492855588,0.507144412,1466.452469,1500.386881,1467.84648,1486.05715,Jon Heasley,Chris Flexen,47.4,49.09085675,-8.437879112,2.60426536,0.494251328,0.505748672,1465.976228,1487.927402,2,6
2021-09-17,2021,248,0,,HOU,ARI,1559.24907,1436.766808,0.699142885,0.300857115,1559.939251,1436.076626,1561.984155,1439.430521,Brandon Bielak,Madison Bumgarner,43.18702837,49.69379105,-47.19091613,5.812102176,0.630458885,0.369541115,1562.68426,1438.730416,4,3
2021-09-17,2021,249,0,,TEX,CHW,1445.224163,1529.590578,0.413989518,0.586010482,1442.228406,1532.586334,1444.823218,1535.892883,Taylor Hearn,Dylan Cease,48.4213878,52.47391212,-2.951546449,-6.021292833,0.412956168,0.587043832,1442.583944,1538.132158,0,8
2021-09-17,2021,250,0,,TBD,DET,1572.860188,1478.56905,0.663948135,0.336051865,1574.182519,1477.246719,1570.089357,1472.624026,Luis Patino,Casey Mize,47.73082646,51.76349275,-15.79615447,9.453456414,0.635031189,0.364968811,1571.206434,1471.506949,7,4
2021-09-17,2021,251,0,,NYM,PHI,1497.971587,1505.773478,0.523294078,0.476705922,1496.488183,1507.256883,1516.328113,1505.121396,Taijuan Walker,Zack Wheeler,49.63934253,60.8113635,-11.44603839,39.34740674,0.482892191,0.517107809,1515.322075,1506.127434,3,4
2021-09-17,2021,252,0,,FLA,PIT,1476.941141,1429.23718,0.601749773,0.398250227,1475.123508,1431.054812,1470.938513,1421.812889,Elieser Hernandez,Wil Crowe,49.55801341,42.58866629,-4.345861749,-16.35175537,0.623362338,0.376637662,1469.511794,1423.239608,1,2
2021-09-17,2021,253,0,,CIN,LAD,1506.513933,1603.333147,0.396712725,0.603287275,1508.818978,1601.028102,1504.885368,1608.081559,Luis Castillo,Walker Buehler,54.43321102,59.67250145,9.853039093,17.68009604,0.376731445,0.623268555,1506.688445,1606.278482,3,1
2021-09-17,2021,254,0,,BOS,BAL,1524.240646,1420.925724,0.67543774,0.32456226,1526.028246,1419.138124,1520.637198,1413.298518,Chris Sale,Keegan Akin,57.71032495,45.21797835,28.84360952,-3.276445244,0.719637592,0.280362408,1521.710198,1412.225518,7,1
2021-09-17,2021,255,0,,TOR,MIN,1556.922261,1476.232283,0.646260969,0.353739031,1553.367426,1479.787118,1548.851988,1488.43647,Hyun Jin Ryu,Michael Pineda,52.70998276,52.78467069,-3.692207716,13.41370161,0.599471746,0.400528254,1546.43628,1490.852178,3,7
2021-09-17,2021,256,0,,WSN,COL,1470.345327,1493.37832,0.501391632,0.498608368,1468.92327,1494.800377,1483.633845,1473.308647,Josiah Gray,German Marquez,43.91111627,57.13468472,-23.92839261,21.99855722,0.486946336,0.513053664,1482.6058,1474.336692,8,9
2021-09-17,2021,257,0,,NYY,CLE,1535.74483,1494.854247,0.592314144,0.407685856,1538.726199,1491.872878,1549.95777,1499.206773,Corey Kluber,Zach Plesac,53.49264754,52.53042777,-5.13362842,5.679451685,0.589703875,0.410296125,1552.213171,1496.951373,8,0
2021-09-16,2021,258,0,,TEX,HOU,1448.527281,1555.945951,0.382205734,0.617794266,1445.224163,1559.24907,1447.120302,1559.687072,Glenn Otto,Luis Garcia,48.48310329,54.48247809,-3.76222999,5.948346568,0.362222715,0.637777285,1444.823218,1561.984155,1,12
2021-09-16,2021,259,0,,TBD,DET,1571.517924,1479.911314,0.660491471,0.339508529,1572.860188,1478.56905,1568.99764,1473.715743,Louis Head,Tyler Alexander,46.53078955,49.16962325,-21.49780563,-2.930416186,0.640874757,0.359125243,1570.089357,1472.624026,5,2
2021-09-16,2021,260,0,,PHI,CHC,1502.498678,1463.81431,0.589243813,0.410756187,1505.773478,1460.539509,1502.232094,1467.410128,Cam Bedrosian,Kyle Hendricks,48.94983928,50.07109903,-16.41894332,17.87099368,0.535245874,0.464754126,1505.121396,1464.520826,17,8
2021-09-16,2021,261,0,,BAL,NYY,1419.090969,1537.579586,0.367276116,0.632723884,1420.925724,1535.74483,1411.938895,1551.317393,Chris Ellis,Jordan Montgomery,50.41730641,53.66969976,21.28901479,-3.858483262,0.372989882,0.627010118,1413.298518,1549.95777,3,2
2021-09-16,2021,262,0,,SFG,SDP,1574.078103,1506.130962,0.629317568,0.370682432,1571.038026,1509.17104,1555.256571,1526.905736,Kevin Gausman,Pierce Johnson,56.09068715,47.03729176,18.27383397,-14.24280367,0.619761594,0.380238406,1553.021865,1529.140442,4,7
2021-09-16,2021,263,0,,KCR,OAK,1471.496695,1526.89961,0.454930236,0.545069764,1468.937283,1529.459022,1470.00766,1520.168448,Daniel Lynch,Paul Blackburn,47.21591589,44.48201158,-9.50811989,-35.22137432,0.499355947,0.500644053,1467.84648,1522.329628,2,7
2021-09-16,2021,264,0,,CHW,ANA,1533.766772,1480.362764,0.60958623,0.39041377,1529.590578,1484.538958,1538.63089,1492.516079,Reynaldo Lopez,Alex Cobb,48.1080822,51.57532295,-27.75981304,9.221755332,0.547538544,0.452461456,1535.892883,1495.254086,3,9
2021-09-16,2021,265,0,,PIT,CIN,1430.406152,1505.344961,0.427213941,0.572786059,1429.23718,1506.513933,1422.665739,1504.032517,Connor Overton,Tyler Mahle,47.4,53.62875453,6.81106587,6.61889951,0.4184539,0.5815461,1421.812889,1504.885368,0,1
2021-09-15,2021,266,0,,LAD,ARI,1602.61026,1437.489694,0.748130342,0.251869658,1603.333147,1436.766808,1607.478089,1440.033992,Julio Urias,Merrill Kelly,56.5913126,53.17073247,3.100927022,21.26527867,0.730562512,0.269437488,1608.081559,1439.430521,5,3
2021-09-15,2021,267,0,,SFG,SDP,1577.171595,1503.037471,0.637586801,0.362413199,1574.078103,1506.130962,1557.073154,1525.089153,Dominic Leone,Joe Musgrove,48.94488887,54.86342576,-16.01502212,22.34025333,0.525348026,0.474651974,1555.256571,1526.905736,6,9
2021-09-15,2021,268,0,,KCR,OAK,1473.059801,1525.336504,0.459396164,0.540603836,1471.496695,1526.89961,1471.226911,1518.949198,Carlos Hernandez,Sean Manaea,52.03512684,53.51041089,11.7344232,6.316846781,0.47368175,0.52631825,1470.00766,1520.168448,10,12
2021-09-15,2021,269,0,,CHW,ANA,1535.532215,1478.597321,0.614412575,0.385587425,1533.766772,1480.362764,1539.846275,1491.300694,Dallas Keuchel,Janson Junk,45.53368313,45.39129003,-40.04611537,-19.44137364,0.574196942,0.425803058,1538.63089,1492.516079,2,3
2021-09-15,2021,270,0,,TEX,HOU,1450.567138,1553.906094,0.387766179,0.612233821,1448.527281,1555.945951,1448.452631,1558.354742,Kohei Arihara,Jose Urquidy,46.66840987,54.58679939,-13.12600959,7.308092855,0.351575647,0.648424353,1447.120302,1559.687072,2,7
2021-09-15,2021,271,0,,MIN,CLE,1480.594147,1490.492383,0.520282934,0.479717066,1476.232283,1494.854247,1491.420548,1496.222695,Griffin Jax,Cal Quantrill,45.32551763,53.02920668,-22.25550529,8.425291655,0.48348073,0.51651927,1488.43647,1499.206773,3,12
2021-09-15,2021,272,0,,ATL,COL,1549.679414,1491.594964,0.615979104,0.384020896,1547.896058,1493.37832,1545.352273,1471.95842,Huascar Ynoa,Antonio Senzatela,53.24399301,54.94640633,-0.009420334,11.98936077,0.620477051,0.379522949,1544.002046,1473.308647,2,3
2021-09-15,2021,273,0,,NYM,STL,1501.812142,1509.378398,0.523632438,0.476367562,1497.971587,1513.218952,1519.556237,1505.503793,Tylor Megill,Jon Lester,50.14462539,45.34089328,-10.71956397,-24.49749354,0.574041463,0.425958537,1516.328113,1508.731917,4,11
2021-09-15,2021,274,0,,PHI,CHC,1501.410058,1464.90293,0.586206978,0.413793022,1502.498678,1463.81431,1501.332258,1468.309964,Ranger Suarez,Alec Mills,52.37371988,50.31226667,-0.102382425,18.76561397,0.554688779,0.445311221,1502.232094,1467.410128,6,5
2021-09-15,2021,275,0,,BAL,NYY,1420.005407,1536.665148,0.369726025,0.630273975,1419.090969,1537.579586,1412.747735,1550.508553,John Means,Nestor Cortes,54.15403042,50.90931355,39.3414607,-16.08949652,0.416836468,0.583163532,1411.938895,1551.317393,3,4
2021-09-15,2021,276,0,,PIT,CIN,1428.693717,1507.057396,0.422396674,0.577603326,1430.406152,1505.344961,1421.40183,1505.296426,Mitch Keller,Vladimir Gutierrez,45.17044109,49.42840552,-3.251825968,-14.02524481,0.429776221,0.570223779,1422.665739,1504.032517,5,4
2021-09-15,2021,277,0,,SEA,BOS,1500.931067,1521.211646,0.505352473,0.494647527,1497.902067,1524.240646,1488.28022,1518.414128,Marco Gonzales,Tanner Houck,51.74342327,54.05057932,15.49338114,11.6595377,0.496689989,0.503310011,1486.05715,1520.637198,4,9
2021-09-15,2021,278,0,,TOR,TBD,1554.76957,1573.670615,0.50733746,0.49266254,1556.922261,1571.517924,1547.470325,1570.379303,Robbie Ray,Michael Wacha,59.1306197,47.84899834,27.62764113,-15.69250755,0.563566974,0.436433026,1548.851988,1568.99764,6,3
2021-09-15,2021,279,0,,DET,MIL,1477.350807,1555.174537,0.423155185,0.576844815,1479.911314,1552.61403,1471.557381,1551.910714,Matt Manning,Brandon Woodruff,44.75020491,59.31938742,-22.85679193,14.70921995,0.368037968,0.631962032,1473.715743,1549.752352,4,1
2021-09-15,2021,280,0,,WSN,FLA,1472.34797,1474.938498,0.530771768,0.469228232,1470.345327,1476.941141,1485.042426,1469.529932,Josh Rogers,Trevor Rogers,45.48500137,54.9531873,-15.59264791,21.08303808,0.504082405,0.495917595,1483.633845,1470.938513,6,8
2021-09-14,2021,281,0,,SEA,BOS,1503.65695,1518.485762,0.513195336,0.486804664,1500.931067,1521.211646,1490.134922,1516.559426,Tyler Anderson,Nathan Eovaldi,50.87900661,57.15895711,11.59515404,26.57286619,0.47497712,0.52502288,1488.28022,1518.414128,4,8
2021-09-14,2021,282,0,,LAD,ARI,1601.58691,1438.513044,0.745903806,0.254096194,1602.61026,1437.489694,1606.560607,1440.951474,Tony Gonsolin,Luke Weaver,51.52170095,50.64761144,-20.39214117,9.074161082,0.715420176,0.284579824,1607.478089,1440.033992,8,4
2021-09-14,2021,283,0,,SFG,SDP,1575.177827,1505.031238,0.63226623,0.36773377,1577.171595,1503.037471,1555.651223,1526.511084,Anthony DeSclafani,Jake Arrieta,53.53201592,40.76746375,6.241806624,-44.37885066,0.645037237,0.354962763,1557.073154,1525.089153,6,1
2021-09-14,2021,284,0,,KCR,OAK,1470.652005,1527.7443,0.452519853,0.547480147,1473.059801,1525.336504,1469.202234,1520.973874,Jackson Kowar,Frankie Montas,44.95316739,56.9133883,-22.67653378,21.2297087,0.399996659,0.600003341,1471.226911,1518.949198,10,7
2021-09-14,2021,285,0,,CHW,ANA,1533.160778,1480.968759,0.607924558,0.392075442,1535.532215,1478.597321,1538.228221,1492.918748,Lucas Giolito,Packy Naughton,57.51945537,48.23251914,15.95352283,-6.853875542,0.633610091,0.366389909,1539.846275,1491.300694,9,3
2021-09-14,2021,286,0,,TEX,HOU,1445.921257,1558.551976,0.375146776,0.624853224,1450.567138,1553.906094,1444.799475,1562.007899,Jordan Lyles,Zack Greinke,45.69099036,52.54828432,-16.00747444,-3.759342697,0.352730889,0.647269111,1448.452631,1558.354742,8,1
2021-09-14,2021,287,0,,MIN,CLE,1478.532718,1492.553812,0.514356853,0.485643147,1480.594147,1490.492383,1490.02238,1497.620863,Charlie Barnes,Logan Allen,45.7468447,42.94587034,-20.32444992,-39.49223739,0.551010257,0.448989743,1491.420548,1496.222695,6,3
2021-09-14,2021,288,0,,ATL,COL,1551.48122,1489.793158,0.620874134,0.379125866,1549.679414,1491.594964,1546.622508,1470.688185,Touki Toussaint,Jon Gray,46.93141172,53.94533529,-30.74376593,7.541675781,0.591569054,0.408430946,1545.352273,1471.95842,4,5
2021-09-14,2021,289,0,,NYM,STL,1503.311899,1507.878641,0.527937577,0.472062423,1501.812142,1509.378398,1520.864762,1504.195268,Marcus Stroman,Jake Woodford,54.62483952,47.17605022,10.88463757,-16.11698922,0.596173471,0.403826529,1519.556237,1505.503793,6,7
2021-09-14,2021,290,0,,TOR,TBD,1556.61273,1571.827455,0.512640333,0.487359667,1554.76957,1573.670615,1548.872077,1568.977551,Jose Berrios,Drew Rasmussen,56.73655965,52.73869586,17.11071459,8.209300584,0.518406517,0.481593483,1547.470325,1570.379303,0,2
2021-09-14,2021,291,0,,WSN,FLA,1469.213002,1478.073466,0.521773763,0.478226237,1472.34797,1474.938498,1482.910905,1471.661453,Erick Fedde,Jesus Luzardo,45.48600707,46.48501736,-14.96707315,-19.38782963,0.556843211,0.443156789,1485.042426,1469.529932,8,2
2021-09-14,2021,292,0,,PHI,CHC,1504.183228,1462.12976,0.593929619,0.406070381,1501.410058,1464.90293,1503.429478,1466.212744,Kyle Gibson,Adrian Sampson,52.7894837,45.53761307,1.529269294,-3.418209854,0.597839554,0.402160446,1501.332258,1468.309964,3,6
2021-09-14,2021,293,0,,BAL,NYY,1422.008194,1534.662361,0.375115136,0.624884864,1420.005407,1536.665148,1413.795202,1549.461087,Alexander Wells,Gerrit Cole,44.89449097,62.74550665,-5.09626475,39.82002426,0.293575528,0.706424472,1412.747735,1550.508553,2,7
2021-09-14,2021,294,0,,DET,MIL,1475.704642,1556.820702,0.418535923,0.581464077,1477.350807,1555.174537,1470.303188,1553.164907,Wily Peralta,Freddy Peralta,47.89831162,55.51860201,-7.007739995,-2.109857828,0.41120089,0.58879911,1471.557381,1551.910714,1,0
2021-09-14,2021,295,0,,PIT,CIN,1426.963274,1508.787838,0.417543701,0.582456299,1428.693717,1507.057396,1420.075616,1506.622641,Dillon Peters,Wade Miley,44.56629712,52.66645148,-5.285868807,-0.206341852,0.407430364,0.592569636,1421.40183,1505.296426,6,5
2021-09-14,2021,296,0,,MIN,CLE,1480.34424,1490.74229,0.519564785,0.480435215,1478.532718,1492.553812,1491.329102,1496.314141,Joe Ryan,Triston McKenzie,50.74195571,54.84772657,3.652625846,17.41989457,0.503579714,0.496420286,1490.02238,1497.620863,1,3
2021-09-13,2021,297,0,,SEA,BOS,1502.263641,1519.879072,0.509187099,0.490812901,1503.65695,1518.485762,1489.054961,1517.639387,Logan Gilbert,Eduardo Rodriguez,49.09605604,52.63837555,3.789348409,5.612342148,0.496143905,0.503856095,1490.134922,1516.559426,5,4
2021-09-13,2021,298,0,,LAD,ARI,1600.548907,1439.551047,0.743632174,0.256367826,1601.58691,1438.513044,1605.719679,1441.792401,Clayton Kershaw,Zac Gallen,57.46271432,54.08503938,7.442374233,24.88989889,0.730851269,0.269148731,1606.560607,1440.951474,5,1
2021-09-13,2021,299,0,,SFG,SDP,1572.471878,1507.737187,0.624993512,0.375006488,1575.177827,1505.031238,1552.828833,1529.333474,Dominic Leone,Yu Darvish,48.56958706,53.83764181,-17.04034222,15.15892845,0.519649095,0.480350905,1555.651223,1526.511084,9,1
2021-09-13,2021,300,0,,TEX,HOU,1449.846272,1554.62696,0.385797747,0.614202253,1445.921257,1558.551976,1447.693843,1559.113531,Spencer Howard,Jake Odorizzi,47.84569743,50.91816794,-6.746821403,-11.56888574,0.381127103,0.618872897,1444.799475,1562.007899,1,15
2021-09-13,2021,301,0,,NYM,STL,1507.295874,1503.894665,0.539351953,0.460648047,1503.311899,1507.878641,1523.74211,1501.31792,Rich Hill,Adam Wainwright,53.9200431,59.07558966,7.100994325,40.37716142,0.52318328,0.47681672,1520.864762,1504.195268,0,7
2021-09-13,2021,302,0,,TOR,TBD,1553.052335,1575.38785,0.502395368,0.497604632,1556.61273,1571.827455,1546.140159,1571.709469,Alek Manoah,Collin McHugh,53.08658269,51.92244911,1.833364918,4.64001999,0.493245452,0.506754548,1548.872077,1568.977551,8,1
2021-09-13,2021,303,0,,WSN,FLA,1471.635496,1475.650972,0.528728366,0.471271634,1469.213002,1478.073466,1484.621621,1469.950737,Paolo Espino,Sandy Alcantara,47.56194297,56.99733432,-4.842919613,31.94796651,0.503766934,0.496233066,1482.910905,1471.661453,0,3
2021-09-13,2021,304,0,,NYY,MIN,1533.670679,1481.335922,0.608120386,0.391879614,1534.662361,1480.34424,1548.711348,1492.07884,Luis Gil,John Gant,51.80284718,49.16826329,-12.24727315,-3.755846829,0.605832365,0.394167635,1549.461087,1491.329102,6,5
2021-09-12,2021,305,0,,NYM,NYY,1505.867909,1535.098643,0.492472938,0.507527062,1507.295874,1533.670679,1522.806138,1549.64732,Carlos Carrasco,Clarke Schmidt,52.32754387,47.52199281,-0.406952311,-33.63135227,0.543613843,0.456386157,1523.74211,1548.711348,7,6
2021-09-12,2021,306,0,,SEA,ARI,1504.159738,1437.654949,0.627378636,0.372621364,1502.263641,1439.551047,1490.387975,1440.459387,Yusei Kikuchi,Tyler Gilbert,48.32594987,50.14932208,0.595222131,6.474509705,0.59669747,0.40330253,1489.054961,1441.792401,4,5
2021-09-12,2021,307,0,,LAD,SDP,1598.132509,1510.153586,0.655793119,0.344206881,1600.548907,1507.737187,1603.899081,1531.154072,Max Scherzer,Blake Snell,62.71609156,54.70736839,33.64179886,19.24289597,0.654707296,0.345292704,1605.719679,1529.333474,8,0
2021-09-12,2021,308,0,,OAK,TEX,1529.677452,1447.913121,0.647673505,0.352326495,1527.7443,1449.846272,1522.383394,1446.284323,James Kaprielian,Taylor Hearn,50.70070124,48.3316018,-8.868648574,-4.457001609,0.63432607,0.36567393,1520.973874,1447.693843,3,4
2021-09-12,2021,309,0,,CHC,SFG,1463.107168,1571.494469,0.380889998,0.619110002,1462.12976,1572.471878,1466.993433,1552.048144,Justin Steele,Logan Webb,48.16550542,56.24423434,8.216118518,18.56088778,0.398670339,0.601329661,1466.212744,1552.828833,5,6
2021-09-12,2021,310,0,,STL,CIN,1502.16287,1510.519634,0.522497227,0.477502773,1503.894665,1508.787838,1499.828495,1508.112065,J.A. Happ,Sonny Gray,45.15533184,55.61867445,-24.16228856,14.29159627,0.467324806,0.532675194,1501.31792,1506.622641,2,0
2021-09-12,2021,311,0,,MIN,KCR,1483.303311,1468.684616,0.55534901,0.44465099,1481.335922,1470.652005,1493.768106,1467.512968,Bailey Ober,Kris Bubic,52.57501092,45.1453083,12.23281101,-21.29644379,0.61829125,0.38170875,1492.07884,1469.202234,3,5
2021-09-12,2021,312,0,,HOU,ANA,1553.411089,1482.18463,0.633710346,0.366289654,1554.62696,1480.968759,1558.235179,1493.7971,Lance McCullers Jr.,Jaime Barria,54.89965651,48.28928621,7.622995437,-6.330298737,0.643230248,0.356769752,1559.113531,1492.918748,3,1
2021-09-12,2021,313,0,,CHW,BOS,1531.967857,1521.071993,0.550050996,0.449949004,1533.160778,1519.879072,1537.457255,1518.410352,Lance Lynn,Nick Pivetta,58.46516886,50.36444485,21.51073828,-4.215813983,0.597700229,0.402299771,1538.228221,1517.639387,2,1
2021-09-12,2021,314,0,,ATL,FLA,1550.290933,1476.841258,0.63667589,0.36332411,1551.48122,1475.650972,1545.897662,1470.675584,Max Fried,Edward Cabrera,56.13962965,45.31515767,12.57490414,-23.12287317,0.684960064,0.315039936,1546.622508,1469.950737,5,3
2021-09-12,2021,315,0,,CLE,MIL,1494.66369,1552.899302,0.45088984,0.54911016,1490.74229,1556.820702,1499.775552,1549.703496,Aaron Civale,Eric Lauer,54.74004541,51.6722618,15.12348639,-19.5825409,0.51262999,0.48737001,1496.314141,1553.164907,1,11
2021-09-12,2021,316,0,,PIT,WSN,1429.456336,1469.142435,0.477441215,0.522558785,1426.963274,1471.635496,1421.980731,1482.716506,Bryse Wilson,Patrick Corbin,48.0571108,45.07439508,10.09133521,-15.89822525,0.484539885,0.515460115,1420.075616,1484.621621,2,6
2021-09-12,2021,317,0,,PHI,COL,1505.783054,1488.193332,0.55956817,0.44043183,1504.183228,1489.793158,1504.877374,1469.240288,Aaron Nola,Ryan Feltner,55.37574062,45.4954953,13.89892197,-32.25135181,0.647703755,0.352296245,1503.429478,1470.688185,4,5
2021-09-12,2021,318,0,,BAL,TOR,1425.784514,1549.276015,0.360609639,0.639390361,1422.008194,1553.052335,1416.724704,1543.210657,Zac Lowther,Steven Matz,46.38966558,50.95081274,0.775618266,-8.732091177,0.369298882,0.630701118,1413.795202,1546.140159,7,22
2021-09-12,2021,319,0,,DET,TBD,1473.947997,1577.144495,0.38796088,0.61203912,1475.704642,1575.38785,1469.059677,1572.95298,Tarik Skubal,Luis Patino,50.54971979,47.97043021,6.156879312,-14.23447283,0.415197284,0.584802716,1470.303188,1571.709469,8,7
2021-09-11,2021,320,0,,SEA,ARI,1507.739271,1434.075417,0.63696104,0.36303896,1504.159738,1437.654949,1493.032427,1437.814936,Chris Flexen,Humberto Castellanos,49.82788303,47.51665532,7.031821496,-6.055865742,0.629798231,0.370201769,1490.387975,1440.459387,3,7
2021-09-11,2021,321,0,,LAD,SDP,1597.219504,1511.066591,0.653416535,0.346583465,1598.132509,1510.153586,1603.280318,1531.772835,Walker Buehler,Chris Paddack,59.90829128,48.00478784,20.42777285,-12.26345906,0.676552039,0.323447961,1603.899081,1531.154072,5,4
2021-09-11,2021,322,0,,BAL,TOR,1428.578733,1546.481796,0.368059768,0.631940232,1425.784514,1549.276015,1418.976062,1540.959299,Keegan Akin,Thomas Hatch,44.50569774,47.65945276,-7.484330145,-24.2575378,0.388267634,0.611732366,1416.724704,1543.210657,2,11
2021-09-11,2021,323,0,,NYM,NYY,1507.257027,1533.709526,0.496470629,0.503529371,1505.867909,1535.098643,1523.823332,1548.630126,Taijuan Walker,Corey Kluber,50.23634837,54.24662571,-10.90581479,-2.761936506,0.487121797,0.512878203,1522.806138,1549.64732,7,8
2021-09-11,2021,324,0,,ATL,FLA,1552.79429,1474.337901,0.643316131,0.356683869,1550.290933,1476.841258,1547.929429,1468.643816,Charlie Morton,Elieser Hernandez,58.65731081,49.62703788,24.5719217,-2.951433519,0.679831368,0.320168632,1545.897662,1470.675584,4,6
2021-09-11,2021,325,0,,STL,CIN,1500.407835,1512.274668,0.517453936,0.482546064,1502.16287,1510.519634,1498.49852,1509.44204,Miles Mikolas,Luis Castillo,51.762654,54.72644391,6.23993498,9.921690722,0.513488039,0.486511961,1499.828495,1508.112065,6,4
2021-09-11,2021,326,0,,MIN,KCR,1480.178443,1471.809484,0.546448366,0.453551634,1483.303311,1468.684616,1491.634744,1469.64633,Michael Pineda,Brady Singer,52.42592721,50.71522932,11.98922875,3.499631544,0.577763893,0.422236107,1493.768106,1467.512968,9,2
2021-09-11,2021,327,0,,HOU,ANA,1555.923388,1479.672331,0.640397879,0.359602121,1553.411089,1482.18463,1560.273488,1491.758791,Luis Garcia,Jose Suarez,55.35726543,43.72630015,9.041876029,-26.91432103,0.676894803,0.323105197,1558.235179,1493.7971,2,4
2021-09-11,2021,328,0,,CHW,BOS,1533.519515,1519.520334,0.55446821,0.44553179,1531.967857,1521.071993,1538.714246,1517.153362,Dylan Cease,Connor Seabold,53.98202773,47.4,-0.987529009,-18.54088438,0.589842608,0.410157392,1537.457255,1518.410352,8,9
2021-09-11,2021,329,0,,PIT,WSN,1427.016534,1471.582237,0.470438092,0.529561908,1429.456336,1469.142435,1420.017885,1484.679351,Wil Crowe,Josiah Gray,42.06436078,45.19281742,-17.75933609,-16.22678759,0.439574704,0.560425296,1421.980731,1482.716506,10,7
2021-09-11,2021,330,0,,DET,TBD,1476.054503,1575.037989,0.393734868,0.606265132,1473.947997,1577.144495,1470.785362,1571.227295,Casey Mize,Chris Archer,52.24304053,49.50220516,13.80273928,-6.739958531,0.420241556,0.579758444,1469.059677,1572.95298,2,7
2021-09-11,2021,331,0,,CLE,MIL,1496.60533,1550.957662,0.456430267,0.543569733,1494.66369,1552.899302,1501.126629,1548.35242,Zach Plesac,Corbin Burnes,52.29466973,61.58578512,3.890740653,28.92642225,0.430989449,0.569010551,1499.775552,1549.703496,0,3
2021-09-11,2021,332,0,,PHI,COL,1503.208894,1490.767492,0.552251922,0.447748078,1505.783054,1488.193332,1503.445951,1470.671711,Zack Wheeler,Kyle Freeland,60.58150044,51.46896015,38.97178223,-4.564618803,0.640476864,0.359523136,1504.877374,1469.240288,6,1
2021-09-11,2021,333,0,,BAL,TOR,1429.495938,1545.564591,0.370519274,0.629480726,1428.578733,1546.481796,1419.608799,1540.326562,Dean Kremer,Hyun Jin Ryu,45.38116675,54.70609822,-4.202967964,7.05590638,0.349425944,0.650574056,1418.976062,1540.959299,10,11
2021-09-11,2021,334,0,,OAK,TEX,1532.264665,1445.325908,0.654440271,0.345559729,1529.677452,1447.913121,1524.26785,1444.399867,Cole Irvin,Wes Benjamin,48.44034456,46.24441216,-19.06432614,-15.65060636,0.640667215,0.359332785,1522.383394,1446.284323,6,8
2021-09-11,2021,335,0,,CHC,SFG,1466.57919,1568.022448,0.390360001,0.609639999,1463.107168,1571.494469,1469.608312,1549.433265,Zach Davies,Kevin Gausman,46.02311176,56.07411341,-2.80013244,17.95646336,0.391541111,0.608458889,1466.993433,1552.048144,4,15
2021-09-10,2021,336,0,,SEA,ARI,1506.79881,1435.015877,0.634453589,0.365546411,1507.739271,1434.075417,1492.290522,1438.556841,Marco Gonzales,Madison Bumgarner,51.80122312,50.60699453,16.4163516,7.687189135,0.621082698,0.378917302,1493.032427,1437.814936,5,4
2021-09-10,2021,337,0,,LAD,SDP,1595.777724,1512.508371,0.649647936,0.350352064,1597.219504,1511.066591,1601.966327,1533.086827,Julio Urias,Joe Musgrove,55.59613214,55.08875444,1.107166151,21.0296717,0.597374641,0.402625359,1603.280318,1531.772835,3,0
2021-09-10,2021,338,0,,OAK,TEX,1530.424536,1447.166037,0.649633716,0.350366284,1532.264665,1445.325908,1522.53681,1446.130907,Paul Blackburn,Glenn Otto,45.19558473,50.62771722,-35.33884453,3.77915672,0.587820824,0.412179176,1524.26785,1444.399867,10,5
2021-09-10,2021,339,0,,STL,CIN,1502.349243,1510.333261,0.523032539,0.476967461,1500.407835,1512.274668,1499.803933,1508.136627,Jon Lester,Tyler Mahle,44.95803755,53.42674989,-25.63826055,4.043447663,0.479402488,0.520597512,1498.49852,1509.44204,2,4
2021-09-10,2021,340,0,,MIN,KCR,1482.13121,1469.856717,0.552014332,0.447985668,1480.178443,1471.809484,1493.108932,1468.172142,Griffin Jax,Daniel Lynch,44.88904509,47.3687634,-23.42216839,-12.43935782,0.5549376,0.4450624,1491.634744,1469.64633,4,6
2021-09-10,2021,341,0,,HOU,ANA,1553.973563,1481.622155,0.635212197,0.364787803,1555.923388,1479.672331,1558.614069,1493.41821,Framber Valdez,Shohei Ohtani,54.83869148,55.44358865,5.478304559,27.24035662,0.60053052,0.39946948,1560.273488,1491.758791,10,5
2021-09-10,2021,342,0,,CHW,BOS,1532.33015,1520.7097,0.551083093,0.448916907,1533.519515,1519.520334,1537.831104,1518.036503,Carlos Rodon,Tanner Houck,57.39525527,55.36979688,15.63971238,18.23143011,0.554519463,0.445480537,1538.714246,1517.153362,4,3
2021-09-10,2021,343,0,,ATL,FLA,1551.109895,1476.022296,0.6388541,0.3611459,1552.79429,1474.337901,1546.531505,1470.04174,Ian Anderson,Trevor Rogers,53.12715853,55.01241445,-1.53656688,22.52945739,0.611826943,0.388173057,1547.929429,1468.643816,6,2
2021-09-10,2021,344,0,,NYM,NYY,1503.501067,1537.465486,0.485663978,0.514336022,1507.257027,1533.709526,1520.845113,1551.608346,Tylor Megill,Jordan Montgomery,49.01098195,55.3925437,-16.02607914,1.014550255,0.462071618,0.537928382,1523.823332,1548.630126,10,3
2021-09-10,2021,345,0,,DET,TBD,1471.861685,1579.230807,0.382273084,0.617726916,1476.054503,1575.037989,1467.795186,1574.21747,Tyler Alexander,Michael Wacha,48.85079622,47.1116796,-1.859708653,-17.45691821,0.406115471,0.593884529,1470.785362,1571.227295,10,4
2021-09-10,2021,346,0,,CLE,MIL,1499.869991,1547.693001,0.465769561,0.534230439,1496.60533,1550.957662,1503.701927,1545.777121,Eli Morgan,Adrian Houser,50.06847411,52.01780691,-8.19778343,-15.71434588,0.484610499,0.515389501,1501.126629,1548.35242,3,10
2021-09-10,2021,347,0,,PHI,COL,1508.141633,1485.834753,0.566249137,0.433750863,1503.208894,1490.767492,1506.838472,1467.27919,Sam Coonrod,German Marquez,47.22355237,56.59577032,-23.83746419,20.24037225,0.528006708,0.471993292,1503.445951,1470.671711,2,11
2021-09-10,2021,348,0,,BAL,TOR,1426.509753,1548.550776,0.362537048,0.637462952,1429.495938,1545.564591,1417.260759,1542.674602,Chris Ellis,Robbie Ray,49.8059976,60.25927303,17.10961133,32.4190847,0.340318504,0.659681496,1419.608799,1540.326562,6,3
2021-09-10,2021,349,0,,PIT,WSN,1425.462922,1473.135849,0.465984543,0.534015457,1427.016534,1471.582237,1418.906358,1485.790878,Steven Brault,Josh Rogers,48.52119185,45.31681813,12.57411357,-15.70619079,0.485888651,0.514111349,1420.017885,1484.679351,4,3
2021-09-10,2021,350,0,,CHC,SFG,1468.771068,1565.83057,0.396381726,0.603618274,1466.57919,1568.022448,1471.716097,1547.32548,Kyle Hendricks,Dominic Leone,49.25154892,47.84985424,13.27666597,-20.49659132,0.47868208,0.52131792,1469.608312,1549.433265,1,6
2021-09-09,2021,351,0,,ATL,WSN,1550.224552,1474.021192,0.640334649,0.359665351,1551.109895,1473.135849,1545.852386,1486.469998,Huascar Ynoa,Erick Fedde,52.69955261,45.33767932,-3.116887016,-15.62496475,0.634597139,0.365402861,1546.531505,1485.790878,7,6
2021-09-09,2021,352,0,,PHI,COL,1509.781727,1484.19466,0.5708809,0.4291191,1508.141633,1485.834753,1508.071579,1466.046084,Ranger Suarez,Antonio Senzatela,51.28527717,54.86894622,-4.17522821,12.32031463,0.57201271,0.42798729,1506.838472,1467.27919,3,4
2021-09-09,2021,353,0,,NYY,TOR,1539.351905,1546.664357,0.523996863,0.476003137,1537.465486,1548.550776,1552.932457,1541.35049,Nestor Cortes,Jose Berrios,50.26461773,56.41066493,-22.95261957,14.78481583,0.496898071,0.503101929,1551.608346,1542.674602,4,6
2021-09-09,2021,354,0,,BAL,KCR,1429.619835,1466.746635,0.481118,0.518882,1426.509753,1469.856717,1419.794904,1465.637997,John Means,Carlos Hernandez,53.8712915,51.01189358,36.850775,5.313593492,0.513947296,0.486052704,1417.260759,1468.172142,0,6
2021-09-09,2021,355,0,,FLA,NYM,1474.545864,1504.977498,0.490745192,0.509254808,1476.022296,1503.501067,1468.736278,1522.150575,Jesus Luzardo,Marcus Stroman,45.92490613,53.93190537,-19.85386582,7.831938446,0.41855828,0.58144172,1470.04174,1520.845113,3,2
2021-09-09,2021,356,0,,CLE,MIN,1497.988129,1484.013072,0.554433903,0.445566097,1499.869991,1482.13121,1502.434015,1494.376845,Cal Quantrill,Andrew Albers,52.20768412,44.14250326,2.655287703,-27.82075263,0.589033194,0.410966806,1503.701927,1493.108932,4,1
2021-09-09,2021,357,0,,OAK,CHW,1528.710598,1534.044089,0.526837448,0.473162552,1530.424536,1532.33015,1521.325884,1539.04203,Sean Manaea,Reynaldo Lopez,52.47870182,48.30840685,-0.139785542,-27.53210137,0.548312699,0.451687301,1522.53681,1537.831104,3,1
2021-09-09,2021,358,0,,STL,LAD,1500.591404,1597.535563,0.3965406,0.6034594,1502.349243,1595.777724,1498.44917,1603.32109,Jake Woodford,Tony Gonsolin,46.20853163,51.60603119,-19.4093514,-17.90462498,0.383623093,0.616376907,1499.803933,1601.966327,2,1
2021-09-08,2021,359,0,,OAK,CHW,1526.226515,1536.528171,0.519703293,0.480296707,1528.710598,1534.044089,1519.799592,1540.568322,Frankie Montas,Dallas Keuchel,56.36814737,45.921194,18.84155055,-39.51137574,0.587710119,0.412289881,1521.325884,1539.04203,5,1
2021-09-08,2021,360,0,,SDP,ANA,1510.617892,1483.512634,0.573020507,0.426979493,1512.508371,1481.622155,1531.94628,1494.558756,Yu Darvish,Mike Mayers,53.2069846,45.00093407,12.90724367,-22.36001324,0.635616763,0.364383237,1533.086827,1493.41821,8,5
2021-09-08,2021,361,0,,STL,LAD,1498.815355,1599.311612,0.391658087,0.608341913,1500.591404,1597.535563,1497.40338,1604.366879,Adam Wainwright,Mitch White,58.952139,46.72241261,41.01176453,-41.16711768,0.498870848,0.501129152,1498.44917,1603.32109,5,4
2021-09-08,2021,362,0,,MIL,PHI,1546.566857,1510.907871,0.58502219,0.41497781,1547.693001,1509.781727,1544.924728,1508.923972,Freddy Peralta,Kyle Gibson,56.04574186,53.36948118,2.74892617,5.126598976,0.582174204,0.417825796,1545.777121,1508.071579,4,3
2021-09-08,2021,363,0,,CHC,CIN,1466.344791,1512.759538,0.467787265,0.532212735,1468.771068,1510.333261,1470.139572,1509.713152,Alec Mills,Vladimir Gutierrez,49.73453826,48.89490766,16.25230361,-16.9492901,0.525347004,0.474652996,1471.716097,1508.136627,4,1
2021-09-08,2021,364,0,,ATL,WSN,1552.747517,1471.498227,0.64699666,0.35300334,1550.224552,1474.021192,1547.555578,1484.766805,Touki Toussaint,Sean Nolin,47.01108031,46.16658247,-30.22989422,-11.77262567,0.597088344,0.402911656,1545.852386,1486.469998,2,4
2021-09-08,2021,365,0,,BOS,TBD,1519.159907,1580.7806,0.446070079,0.553929921,1520.7097,1579.230807,1516.927866,1575.326107,Nathan Eovaldi,Shane McClanahan,55.96833773,53.00334204,22.38763063,11.06874864,0.466834901,0.533165099,1518.036503,1574.21747,2,1
2021-09-08,2021,366,0,,NYY,TOR,1541.707073,1544.309189,0.530755154,0.469244846,1539.351905,1546.664357,1554.717765,1539.565182,Luis Gil,Alek Manoah,52.15329411,53.33302534,-14.41766932,0.135944336,0.535341729,0.464658271,1552.932457,1541.35049,3,6
2021-09-08,2021,367,0,,BAL,KCR,1428.176427,1468.190043,0.476970858,0.523029142,1429.619835,1466.746635,1418.646816,1466.786086,Matt Harvey,Mike Minor,45.7011299,51.32444538,-2.007492014,7.616566917,0.451563042,0.548436958,1419.794904,1465.637997,9,8
2021-09-08,2021,368,0,,FLA,NYM,1473.053902,1506.469461,0.486453239,0.513546761,1474.545864,1504.977498,1467.61508,1523.271773,Sandy Alcantara,Rich Hill,55.60707504,53.31606899,27.23148665,5.56085162,0.485632863,0.514367137,1468.736278,1522.150575,2,1
2021-09-08,2021,369,0,,PIT,DET,1427.939207,1469.3854,0.474913991,0.525086009,1425.462922,1471.861685,1420.890425,1465.81112,Mitch Keller,Matt Manning,45.48334433,44.28786182,-2.018079625,-23.23361473,0.500424308,0.499575692,1418.906358,1467.795186,1,5
2021-09-08,2021,370,0,,CLE,MIN,1500.506805,1481.494396,0.561585527,0.438414473,1497.988129,1484.013072,1504.403118,1492.407741,Triston McKenzie,Joe Ryan,53.98243465,47.91075132,11.9292824,-8.599179247,0.580634197,0.419365803,1502.434015,1494.376845,0,3
2021-09-08,2021,371,0,,ARI,TEX,1437.328925,1444.852989,0.523693021,0.476306979,1435.015877,1447.166037,1440.459241,1444.228507,Luke Weaver,Kohei Arihara,50.77621911,46.3871136,8.44611461,-16.15457494,0.564161899,0.435838101,1438.556841,1446.130907,5,8
2021-09-08,2021,372,0,,COL,SFG,1485.840306,1564.184923,0.422423445,0.577576555,1484.19466,1565.83057,1467.279181,1546.092383,Jon Gray,Anthony DeSclafani,53.60711629,53.59585629,6.775393786,6.514755947,0.422131416,0.577868584,1466.046084,1547.32548,4,7
2021-09-08,2021,373,0,,HOU,SEA,1556.83905,1503.933324,0.608903377,0.391096623,1553.973563,1506.79881,1560.81948,1490.085112,Jose Urquidy,Tyler Anderson,55.17849082,51.71973306,6.585021716,15.3970358,0.621191552,0.378808448,1558.614069,1492.290522,5,8
2021-09-07,2021,374,0,,SDP,ANA,1513.861633,1480.268893,0.582131714,0.417868286,1510.617892,1483.512634,1534.696988,1491.808048,Blake Snell,Packy Naughton,53.7185323,46.81958961,16.40507452,-13.14690906,0.640209892,0.359790108,1531.94628,1494.558756,0,4
2021-09-07,2021,375,0,,OAK,CHW,1528.615748,1534.138938,0.526565229,0.473434771,1526.226515,1536.528171,1521.677372,1538.690542,James Kaprielian,Jimmy Lambert,50.58759462,46.95191909,-8.309134517,-34.48365418,0.546839587,0.453160413,1519.799592,1540.568322,3,6
2021-09-07,2021,376,0,,ARI,TEX,1439.234785,1442.947128,0.529163147,0.470836853,1437.328925,1444.852989,1442.090992,1442.596756,Zac Gallen,Spencer Howard,53.78542665,47.37800481,23.1020465,-11.21385688,0.58865978,0.41134022,1440.459241,1444.228507,1,3
2021-09-07,2021,377,0,,COL,SFG,1489.222334,1560.802895,0.431950951,0.568049049,1485.840306,1564.184923,1469.299104,1544.07246,Chi Chi Gonzalez,Logan Webb,46.59489169,55.86576922,-27.15508891,17.71626657,0.365730965,0.634269035,1467.279181,1546.092383,3,12
2021-09-07,2021,378,0,,HOU,SEA,1555.818831,1504.953543,0.606102703,0.393897297,1556.83905,1503.933324,1560.058135,1490.846456,Jake Odorizzi,Logan Gilbert,50.68381488,49.02839981,-14.46430638,2.839764015,0.60753426,0.39246574,1560.81948,1490.085112,5,4
2021-09-07,2021,379,0,,STL,LAD,1501.012651,1597.114316,0.397701716,0.602298284,1498.815355,1599.311612,1499.108214,1602.662045,J.A. Happ,Corey Knebel,45.35965614,47.51435233,-23.29794927,-38.00082456,0.407740942,0.592259058,1497.40338,1604.366879,2,7
2021-09-07,2021,380,0,,MIL,PHI,1542.879266,1514.595462,0.574679568,0.425320432,1546.566857,1510.907871,1541.715601,1512.133099,Eric Lauer,Aaron Nola,50.46159682,55.43566881,-22.58437414,14.93065487,0.523106482,0.476893518,1544.924728,1508.923972,10,0
2021-09-07,2021,381,0,,CHC,CIN,1467.643762,1511.460566,0.471512213,0.528487787,1466.344791,1512.759538,1471.133501,1508.719223,Adrian Sampson,Wade Miley,45.58326128,51.85166852,-3.334957062,-2.309715217,0.478985518,0.521014482,1470.139572,1509.713152,3,4
2021-09-07,2021,382,0,,ATL,WSN,1551.330786,1472.914958,0.643262553,0.356737447,1552.747517,1471.498227,1546.492372,1485.830011,Max Fried,Paolo Espino,56.04548668,47.97247336,12.44475768,-3.668936556,0.643108259,0.356891741,1547.555578,1484.766805,8,5
2021-09-07,2021,383,0,,BOS,TBD,1521.704745,1578.235761,0.453320437,0.546679563,1519.159907,1580.7806,1518.890206,1573.363768,Eduardo Rodriguez,Drew Rasmussen,53.96075588,52.03556353,11.82723073,6.986622511,0.463177999,0.536822001,1516.927866,1575.326107,7,12
2021-09-07,2021,384,0,,NYY,TOR,1544.520085,1541.496177,0.538812292,0.461187708,1541.707073,1544.309189,1557.327813,1536.955135,Gerrit Cole,Steven Matz,63.76821083,50.21281734,39.607169,-13.97506824,0.637348392,0.362651608,1554.717765,1539.565182,1,5
2021-09-07,2021,385,0,,BAL,KCR,1425.401343,1470.965127,0.469007005,0.530992995,1428.176427,1468.190043,1416.620984,1468.811918,Alexander Wells,Jackson Kowar,45.09052403,45.65266354,-5.038285102,-19.63163998,0.480441496,0.519558504,1418.646816,1466.786086,7,3
2021-09-07,2021,386,0,,FLA,NYM,1476.01727,1503.506092,0.49497935,0.50502065,1473.053902,1506.469461,1469.529086,1521.357767,Edward Cabrera,Carlos Carrasco,46.59879454,52.88244963,-15.99131603,3.031544663,0.440508863,0.559491137,1467.61508,1523.271773,4,9
2021-09-07,2021,387,0,,PIT,DET,1426.401868,1470.922739,0.470502386,0.529497614,1427.939207,1469.3854,1419.719705,1466.981839,Dillon Peters,Wily Peralta,44.29615786,48.09405799,-7.418106188,-5.584337682,0.463946774,0.536053226,1420.890425,1465.81112,3,2
2021-09-07,2021,388,0,,CLE,MIN,1503.065871,1478.93533,0.568825706,0.431174294,1500.506805,1481.494396,1506.389112,1490.421748,Aaron Civale,John Gant,54.23070806,48.3871027,13.7120652,-5.682865493,0.584607502,0.415392498,1504.403118,1492.407741,0,3
2021-09-06,2021,389,0,,ANA,TEX,1483.530029,1439.685993,0.596413087,0.403586913,1480.268893,1442.947128,1494.288775,1440.11603,Jaime Barria,A.J. Alexy,48.11798861,49.20272124,-6.952943434,-1.461639044,0.603097449,0.396902551,1491.808048,1442.596756,0,4
2021-09-06,2021,390,0,,HOU,SEA,1552.629425,1508.142949,0.597302937,0.402697063,1555.818831,1504.953543,1557.886794,1493.017797,Lance McCullers Jr.,Yusei Kikuchi,54.73922273,49.75942264,4.79486694,4.97788576,0.624562955,0.375437045,1560.058135,1490.846456,11,2
2021-09-06,2021,391,0,,CLE,MIN,1505.666052,1476.335149,0.57615218,0.42384782,1503.065871,1478.93533,1507.971814,1488.839046,Logan Allen,Bailey Ober,43.53658624,52.84723337,-37.31211962,15.22731048,0.487195088,0.512804912,1506.389112,1490.421748,2,5
2021-09-06,2021,392,0,,STL,LAD,1502.98541,1595.141557,0.403154524,0.596845476,1501.012651,1597.114316,1500.39272,1601.37754,Miles Mikolas,Max Scherzer,52.26639992,61.7761093,8.778005408,30.21516819,0.364157554,0.635842446,1499.108214,1602.662045,1,5
2021-09-06,2021,393,0,,COL,SFG,1491.584597,1558.440632,0.438636113,0.561363887,1489.222334,1560.802895,1470.944022,1542.427543,Kyle Freeland,Kevin Gausman,53.07857359,55.62598613,1.823413538,17.18234917,0.414784739,0.585215261,1469.299104,1544.07246,5,10
2021-09-06,2021,394,0,,CHC,CIN,1466.129502,1512.974826,0.467170237,0.532829763,1467.643762,1511.460566,1469.99976,1509.852964,Justin Steele,Sonny Gray,47.66095277,55.53398695,6.782586488,15.22907843,0.467910502,0.532089498,1471.133501,1508.719223,4,3
2021-09-06,2021,395,0,,MIL,PHI,1549.173857,1508.300871,0.592289682,0.407710318,1542.879266,1514.595462,1546.267013,1507.581687,Brandon Woodruff,Zack Wheeler,60.49073927,59.92867808,23.6884087,37.03176917,0.575260006,0.424739994,1541.715601,1512.133099,0,12
2021-09-06,2021,396,0,,PIT,DET,1423.921799,1473.402809,0.463395485,0.536604515,1426.401868,1470.922739,1417.863336,1468.838209,Bryse Wilson,Tarik Skubal,47.91759982,50.91459452,9.832132666,7.403234118,0.464253369,0.535746631,1419.719705,1466.981839,6,3
2021-09-06,2021,397,0,,WSN,NYM,1471.449165,1504.971885,0.486299135,0.513700865,1472.914958,1503.506092,1484.745475,1522.442303,Patrick Corbin,Trevor Williams,45.04743824,46.85793481,-17.56693151,-25.60379423,0.491855376,0.508144624,1485.830011,1521.357767,4,3
2021-09-06,2021,398,0,,NYY,TOR,1548.908986,1537.107276,0.55134121,0.44865879,1544.520085,1541.496177,1560.647391,1533.635557,Jameson Taillon,Hyun Jin Ryu,52.76621336,53.57314502,-11.81336419,2.912573588,0.555111574,0.444888426,1557.327813,1536.955135,0,8
2021-09-06,2021,399,0,,BAL,KCR,1426.672289,1469.694181,0.472652617,0.527347383,1425.401343,1470.965127,1417.625773,1467.807128,Zac Lowther,Kris Bubic,45.2588964,44.82278982,-3.645637515,-23.46351422,0.492731077,0.507268923,1416.620984,1468.811918,2,3
2021-09-06,2021,400,0,,BOS,TBD,1522.921225,1577.019282,0.456793443,0.543206557,1521.704745,1578.235761,1519.956228,1572.297745,Chris Sale,Ryan Yarbrough,58.8858076,50.35616689,34.21214153,-2.372080575,0.516592951,0.483407049,1518.890206,1573.363768,10,11
2021-09-05,2021,401,0,,SFG,LAD,1556.449296,1597.132893,0.476008811,0.523991189,1558.440632,1595.141557,1540.561631,1603.243452,Dominic Leone,Walker Buehler,47.4,61.85821256,-21.44047256,29.05871467,0.37440452,0.62559548,1542.427543,1601.37754,6,4
2021-09-05,2021,402,0,,SDP,HOU,1512.279183,1554.211874,0.474215676,0.525784324,1513.861633,1552.629425,1533.502523,1559.081259,Chris Paddack,Luis Garcia,48.21309985,55.54419571,-9.763910357,8.487399467,0.471493219,0.528506781,1534.696988,1557.886794,4,3
2021-09-05,2021,403,0,,ARI,SEA,1442.025504,1505.35223,0.443644766,0.556355234,1439.234785,1508.142949,1444.308388,1490.800401,Tyler Gilbert,Chris Flexen,49.2441143,49.72281916,2.291328925,4.954150949,0.463862404,0.536137596,1442.090992,1493.017797,4,10
2021-09-05,2021,404,0,,ANA,TEX,1486.855144,1436.360878,0.605592689,0.394407311,1483.530029,1439.685993,1496.810138,1437.594667,Janson Junk,Taylor Hearn,47.4,48.08308388,-11.57616396,-6.650273271,0.610798771,0.389201229,1494.288775,1440.11603,3,7
2021-09-05,2021,405,0,,COL,ATL,1494.678706,1548.236677,0.457564989,0.542435011,1491.584597,1551.330786,1472.654415,1544.781979,Ryan Feltner,Charlie Morton,47.4,57.80431839,-26.20204343,21.73038343,0.365176606,0.634823394,1470.944022,1546.492372,2,9
2021-09-05,2021,406,0,,CHC,PIT,1464.390492,1425.660809,0.589306949,0.410693051,1466.129502,1423.921799,1468.855107,1419.007989,Zach Davies,Wil Crowe,47.51856741,43.81302691,4.755199001,-11.21525876,0.626453375,0.373546625,1469.99976,1417.863336,11,8
2021-09-05,2021,407,0,,MIL,STL,1548.090181,1504.069086,0.596658396,0.403341604,1549.173857,1502.98541,1545.667367,1500.992366,Corbin Burnes,Jon Lester,62.05919384,44.69238262,30.92438483,-26.83854574,0.674330051,0.325669949,1546.267013,1500.39272,6,5
2021-09-05,2021,408,0,,KCR,CHW,1465.911014,1537.922105,0.431342948,0.568657052,1469.694181,1534.138938,1464.91812,1541.57955,Brady Singer,Dylan Cease,49.20212002,54.3034354,-1.473070218,-0.236010847,0.423050144,0.576949856,1467.807128,1538.690542,6,0
2021-09-05,2021,409,0,,TBD,MIN,1579.123996,1474.230435,0.677426705,0.322573295,1577.019282,1476.335149,1573.851575,1487.285216,Luis Patino,Griffin Jax,49.29393156,45.24372913,-8.255803992,-20.91838509,0.670260347,0.329739653,1572.297745,1488.839046,5,6
2021-09-05,2021,410,0,,FLA,PHI,1477.431827,1506.886314,0.492151007,0.507848993,1476.01727,1508.300871,1470.64492,1506.465853,Elieser Hernandez,Sam Coonrod,49.63616375,47.4,-1.741675824,-22.17427704,0.512390649,0.487609351,1469.529086,1507.581687,3,4
2021-09-05,2021,411,0,,CIN,DET,1515.759561,1470.618073,0.598209543,0.401790457,1512.974826,1473.402809,1511.937572,1466.753601,Luis Castillo,Casey Mize,54.47097424,51.57961527,10.57884867,11.26510238,0.597318503,0.402681497,1509.852964,1468.838209,1,4
2021-09-05,2021,412,0,,BOS,CLE,1526.71037,1501.876907,0.569817847,0.430182153,1522.921225,1505.666052,1522.504956,1505.423086,Kutter Crawford,Zach Plesac,47.4,52.56394291,-20.9350962,4.9124646,0.521909894,0.478090106,1519.956228,1507.971814,5,11
2021-09-05,2021,413,0,,TOR,OAK,1533.572075,1532.150949,0.536518796,0.463481204,1537.107276,1528.615748,1531.498685,1523.814244,Robbie Ray,Cole Irvin,59.19013468,50.04053846,30.62365153,-12.50957652,0.606037257,0.393962743,1533.635557,1521.677372,8,0
2021-09-05,2021,414,0,,WSN,NYM,1475.05488,1501.36617,0.496673836,0.503326164,1471.449165,1504.971885,1487.374058,1519.81372,Josiah Gray,Taijuan Walker,47.4518649,51.22976647,-7.616392893,-6.050503473,0.485604834,0.514395166,1484.745475,1522.442303,6,13
2021-09-05,2021,415,0,,NYY,BAL,1551.055455,1424.525819,0.7040207,0.2959793,1548.908986,1426.672289,1562.37719,1415.895973,Corey Kluber,Keegan Akin,54.73056879,44.41441798,-3.066464803,-7.604932438,0.732529492,0.267470508,1560.647391,1417.625773,7,8
2021-09-04,2021,416,0,,ANA,TEX,1485.182458,1438.033563,0.6009838,0.3990162,1486.855144,1436.360878,1495.455482,1438.949323,Jose Suarez,Kolby Allard,41.9426841,47.47283895,-35.90802991,-9.777108188,0.57761956,0.42238044,1496.810138,1437.594667,4,1
2021-09-04,2021,417,0,,SFG,LAD,1559.329164,1594.253025,0.484284479,0.515715521,1556.449296,1597.132893,1542.357053,1601.44803,Jay Jackson,Julio Urias,47.4,55.31047961,-22.40389469,-1.461734173,0.42005377,0.57994623,1540.561631,1603.243452,1,6
2021-09-04,2021,418,0,,SDP,HOU,1507.905996,1558.585061,0.461681026,0.538318974,1512.279183,1554.211874,1530.619699,1561.964083,Joe Musgrove,Framber Valdez,55.45787319,55.2340573,24.18136637,6.725358649,0.51454769,0.48545231,1533.502523,1559.081259,10,2
2021-09-04,2021,419,0,,COL,ATL,1493.153611,1549.761772,0.453210387,0.546789613,1494.678706,1548.236677,1471.491394,1545.945,German Marquez,Ian Anderson,56.62036222,54.41426246,17.28337638,4.633578643,0.445809635,0.554190365,1472.654415,1544.781979,7,6
2021-09-04,2021,420,0,,ARI,SEA,1443.929245,1503.448489,0.449061038,0.550938962,1442.025504,1505.35223,1445.715343,1489.393446,Humberto Castellanos,Marco Gonzales,48.92741933,52.99141202,0.007264278,19.3916766,0.444020198,0.555979802,1444.308388,1490.800401,5,8
2021-09-04,2021,421,0,,MIL,STL,1546.053136,1506.106131,0.591001858,0.408998142,1548.090181,1504.069086,1543.943178,1502.716555,Adrian Houser,Kwang Hyun Kim,50.01644553,51.7324607,-24.03560861,4.962680795,0.551948621,0.448051379,1545.667367,1500.992366,4,0
2021-09-04,2021,422,0,,KCR,CHW,1467.718053,1536.115066,0.436453072,0.563546928,1465.911014,1537.922105,1466.399737,1540.097933,Daniel Lynch,Reynaldo Lopez,49.60831986,48.51617084,-0.835394782,-27.910558,0.467488774,0.532511226,1464.91812,1541.57955,7,10
2021-09-04,2021,423,0,,CIN,DET,1514.057805,1472.31983,0.593491536,0.406508464,1515.759561,1470.618073,1510.704619,1467.986554,Tyler Mahle,Matthew Boyd,54.18611522,49.78804841,8.612331143,2.230233485,0.603674275,0.396325725,1511.937572,1466.753601,7,4
2021-09-04,2021,424,0,,FLA,PHI,1475.945004,1508.373137,0.48787332,0.51212668,1477.431827,1506.886314,1469.647097,1507.463676,Trevor Rogers,Ranger Suarez,55.67513128,50.04072765,26.28133107,-9.152455695,0.53106958,0.46893042,1470.64492,1506.465853,3,2
2021-09-04,2021,425,0,,WSN,NYM,1473.61119,1502.80986,0.492519071,0.507480929,1475.05488,1501.36617,1486.258251,1520.929528,Josh Rogers,Tylor Megill,44.85794447,49.02201369,-19.74647898,-16.60020243,0.480125419,0.519874581,1487.374058,1519.81372,4,3
2021-09-04,2021,426,0,,TBD,MIN,1577.074932,1476.279499,0.672250241,0.327749759,1579.123996,1474.230435,1572.264627,1488.872164,Chris Archer,Andrew Albers,50.23983729,46.761451,-4.548910371,-16.2866794,0.665025001,0.334974999,1573.851575,1487.285216,11,4
2021-09-04,2021,427,0,,BOS,CLE,1525.574588,1503.012688,0.566609661,0.433390339,1526.71037,1501.876907,1521.713564,1506.214478,Tanner Houck,Eli Morgan,53.91344286,48.58139392,10.6746642,-12.95658274,0.589865021,0.410134979,1522.504956,1505.423086,4,3
2021-09-04,2021,428,0,,TOR,OAK,1531.928173,1533.794852,0.53180939,0.46819061,1533.572075,1532.150949,1530.532708,1524.78022,Jose Berrios,Paul Blackburn,55.97177607,46.1088124,16.07062788,-32.16881112,0.61039137,0.38960863,1531.498685,1523.814244,10,8
2021-09-04,2021,429,0,,CHC,PIT,1463.295848,1426.755452,0.58625343,0.41374657,1464.390492,1425.660809,1468.131142,1419.731954,Kyle Hendricks,JT Brubaker,50.42512773,46.87092929,17.48774586,2.997530624,0.6225006,0.3774994,1468.855107,1419.007989,7,6
2021-09-04,2021,430,0,,WSN,NYM,1475.460207,1500.960843,0.497840425,0.502159575,1473.61119,1502.80986,1487.511588,1519.67619,Erick Fedde,Marcus Stroman,46.82593566,54.27742608,-12.01604176,7.853986209,0.459742257,0.540257743,1486.258251,1520.929528,9,11
2021-09-04,2021,431,0,,NYY,BAL,1553.228857,1422.352418,0.709207965,0.290792035,1551.055455,1424.525819,1564.046166,1414.226998,Jordan Montgomery,Chris Ellis,55.43082467,48.15320407,0.190660317,11.00963405,0.718757055,0.281242945,1562.37719,1415.895973,3,4
2021-09-03,2021,432,0,,SDP,HOU,1510.035195,1556.455862,0.46777878,0.53222122,1507.905996,1558.585061,1531.992435,1560.591347,Jake Arrieta,Jose Urquidy,40.2487594,55.45806791,-47.28675391,7.59131924,0.4167531,0.5832469,1530.619699,1561.964083,3,6
2021-09-03,2021,433,0,,SFG,LAD,1557.818108,1595.764082,0.479940902,0.520059098,1559.329164,1594.253025,1541.225733,1602.57935,Anthony DeSclafani,David Price,52.71061802,51.26071043,3.422357557,-20.61789621,0.480669143,0.519330857,1542.357053,1601.44803,3,2
2021-09-03,2021,434,0,,ARI,SEA,1445.130903,1502.246832,0.452486148,0.547513852,1443.929245,1503.448489,1446.681023,1488.427766,Madison Bumgarner,Tyler Anderson,51.40791047,51.34639214,11.02294108,12.13234712,0.477502362,0.522497638,1445.715343,1489.393446,5,6
2021-09-03,2021,435,0,,ANA,TEX,1484.129353,1439.086668,0.598072832,0.401927168,1485.182458,1438.033563,1494.804716,1439.600088,Shohei Ohtani,Glenn Otto,55.53501818,50.17022562,28.17171366,3.190539815,0.649928722,0.350071278,1495.455482,1438.949323,3,2
2021-09-03,2021,436,0,,COL,ATL,1491.61334,1551.302043,0.448819711,0.551180289,1493.153611,1549.761772,1470.313812,1547.122582,Antonio Senzatela,Huascar Ynoa,54.26540089,52.50737792,6.850899727,-4.217405168,0.440217984,0.559782016,1471.491394,1545.945,4,3
2021-09-03,2021,437,0,,MIL,STL,1552.210352,1499.948915,0.608019801,0.391980199,1546.053136,1506.106131,1548.067141,1498.592592,Freddy Peralta,Adam Wainwright,57.13138641,58.92828872,8.468795582,39.19746639,0.555581277,0.444418723,1543.943178,1502.716555,4,15
2021-09-03,2021,438,0,,KCR,CHW,1464.297879,1539.535239,0.426793449,0.573206551,1467.718053,1536.115066,1464.119715,1542.377956,Carlos Hernandez,Dallas Keuchel,50.39159297,47.04176206,3.228119573,-36.25617502,0.478752972,0.521247028,1466.399737,1540.097933,7,2
2021-09-03,2021,439,0,,TBD,MIN,1576.012925,1477.341506,0.669550658,0.330449342,1577.074932,1476.279499,1571.350147,1489.786644,Michael Wacha,Randy Dobnak,46.42843475,47.50374838,-22.04065872,-12.66446271,0.636465,0.363535,1572.264627,1488.872164,5,3
2021-09-03,2021,440,0,,FLA,PHI,1472.078705,1512.239436,0.476759597,0.523240403,1475.945004,1508.373137,1466.38118,1510.729593,Jesus Luzardo,Kyle Gibson,45.84643537,54.95584838,-20.040179,12.58325916,0.424100809,0.575899191,1469.647097,1507.463676,10,3
2021-09-03,2021,441,0,,CIN,DET,1519.829346,1466.548289,0.609417775,0.390582225,1514.057805,1472.31983,1514.947302,1463.743871,Vladimir Gutierrez,Tyler Alexander,49.86890062,48.48442071,-12.62886413,-3.58830681,0.599919994,0.400080006,1510.704619,1467.986554,5,15
2021-09-03,2021,442,0,,BOS,CLE,1523.759348,1504.827929,0.561470738,0.438529262,1525.574588,1503.012688,1520.398987,1507.529055,Nathan Eovaldi,Cal Quantrill,56.07676918,52.91273872,20.94987104,6.806046977,0.572952786,0.427047214,1521.713564,1506.214478,8,5
2021-09-03,2021,443,0,,TOR,OAK,1530.660056,1535.062968,0.528172606,0.471827394,1531.928173,1533.794852,1529.682881,1525.630048,Alek Manoah,Sean Manaea,54.63493282,51.50070882,8.959211972,-5.967257096,0.567384482,0.432615518,1530.532708,1524.78022,11,10
2021-09-03,2021,444,0,,WSN,NYM,1478.128266,1498.292785,0.505519477,0.494480523,1475.460207,1500.960843,1489.337536,1517.850243,Sean Nolin,Rich Hill,45.44792491,52.38282114,-18.27007012,-0.175155605,0.470164808,0.529835192,1487.511588,1519.67619,2,6
2021-09-03,2021,445,0,,NYY,BAL,1552.582313,1422.998962,0.707670466,0.292329534,1553.228857,1422.352418,1563.401073,1414.872091,Nestor Cortes,John Means,49.26480203,53.70441712,-28.51085864,37.63353264,0.645846672,0.354153328,1564.046166,1414.226998,4,3
2021-09-03,2021,446,0,,CHC,PIT,1462.190208,1427.861092,0.583162491,0.416837509,1463.295848,1426.755452,1467.355902,1420.507194,Alec Mills,Steven Brault,50.52022429,49.70079845,17.36985335,15.34251056,0.603365577,0.396634423,1468.131142,1419.731954,6,5
2021-09-02,2021,447,0,,COL,ATL,1492.814158,1550.101226,0.452242095,0.547757905,1491.61334,1551.302043,1471.144881,1546.291513,Chi Chi Gonzalez,Touki Toussaint,46.66298995,47.64266926,-29.23681216,-27.92479276,0.425387451,0.574612549,1470.313812,1547.122582,5,6
2021-09-02,2021,448,0,,KCR,CLE,1465.955503,1503.170305,0.480991538,0.519008462,1464.297879,1504.827929,1465.339861,1506.308909,Mike Minor,Triston McKenzie,51.28482453,53.1217898,7.538940912,8.684437597,0.47395467,0.52604533,1464.119715,1507.529055,2,4
2021-09-02,2021,449,0,,CHC,PIT,1461.073445,1428.977856,0.580033804,0.419966196,1462.190208,1427.861092,1466.589426,1421.27367,Keegan Thompson,Mitch Keller,46.66378234,44.28339385,-1.573468826,-9.08215917,0.606639026,0.393360974,1467.355902,1420.507194,6,5
2021-09-02,2021,450,0,,TBD,BOS,1579.443975,1520.328298,0.61738234,0.38261766,1576.012925,1523.759348,1573.918064,1517.83107,Shane McClanahan,Eduardo Rodriguez,53.34820169,53.13043614,10.26068468,7.962228621,0.616388889,0.383611111,1571.350147,1520.398987,0,4
2021-09-02,2021,451,0,,NYM,FLA,1497.132951,1473.238539,0.568492295,0.431507705,1498.292785,1472.078705,1516.984432,1467.24699,Carlos Carrasco,Sandy Alcantara,53.11034522,56.06181434,3.060591631,27.82287595,0.570017773,0.429982227,1517.850243,1466.38118,4,3
2021-09-02,2021,452,0,,SFG,MIL,1555.406632,1554.621828,0.535607818,0.464392182,1557.818108,1552.210352,1539.636105,1549.656769,Logan Webb,Eric Lauer,54.9777671,49.57734342,15.06331335,-26.46869523,0.579214332,0.420785668,1541.225733,1548.067141,5,1
2021-09-02,2021,453,0,,DET,OAK,1468.021468,1533.589789,0.440462192,0.559537808,1466.548289,1535.062968,1464.732936,1524.640982,Matt Manning,Frankie Montas,47.00666277,56.6998265,-12.31813788,18.34021981,0.405358456,0.594641544,1463.743871,1525.630048,6,8
2021-09-02,2021,454,0,,WSN,PHI,1479.507789,1510.859913,0.489421023,0.510578977,1478.128266,1512.239436,1490.304926,1509.762204,Paolo Espino,Aaron Nola,47.19355983,56.7292099,-9.538620275,19.90114106,0.464231484,0.535768516,1489.337536,1510.729593,6,7
2021-09-01,2021,455,0,,LAD,ATL,1594.631147,1551.234161,0.595793499,0.404206501,1595.764082,1550.101226,1601.835023,1547.03584,Max Scherzer,Max Fried,60.99987871,55.74443649,26.14732471,10.54191964,0.632611471,0.367388529,1602.57935,1546.291513,4,3
2021-09-01,2021,456,0,,SFG,MIL,1557.928964,1552.099496,0.542822888,0.457177112,1555.406632,1554.621828,1541.717803,1547.575071,Kevin Gausman,Brett Anderson,55.51047264,50.04224676,17.85415362,-24.54211136,0.586251476,0.413748524,1539.636105,1549.656769,2,5
2021-09-01,2021,457,0,,MIN,CHC,1479.829086,1458.585864,0.564744676,0.435255324,1477.341506,1461.073445,1491.632627,1464.743443,Joe Ryan,Justin Steele,47.4,45.96230974,-12.99395589,-3.951874132,0.55993328,0.44006672,1489.786644,1466.589426,0,3
2021-09-01,2021,458,0,,KCR,CLE,1467.634211,1501.491597,0.485817885,0.514182115,1465.955503,1503.170305,1466.646253,1505.002516,Jackson Kowar,Logan Allen,44.19675947,42.80366056,-25.20589392,-39.76055782,0.500285522,0.499714478,1465.339861,1506.308909,3,5
2021-09-01,2021,459,0,,CHW,PIT,1538.351519,1430.161577,0.681559189,0.318440811,1539.535239,1428.977856,1541.63835,1422.013277,Carlos Rodon,Max Kranick,57.37089066,45.10372693,12.43801225,-5.865787494,0.717508741,0.282491259,1542.377956,1421.27367,6,3
2021-09-01,2021,460,0,,TBD,BOS,1581.315254,1518.457019,0.622458436,0.377541564,1579.443975,1520.328298,1575.161368,1516.587766,Drew Rasmussen,Chris Sale,51.1251876,59.31546872,0.329263115,36.99798006,0.565680689,0.434319311,1573.918064,1517.83107,2,3
2021-09-01,2021,461,0,,DET,OAK,1466.003602,1535.607655,0.434744823,0.565255177,1468.021468,1533.589789,1463.251111,1526.122807,Wily Peralta,James Kaprielian,48.25214155,51.57025413,-6.679783996,-6.666767963,0.444272886,0.555727114,1464.732936,1524.640982,8,6
2021-09-01,2021,462,0,,TOR,BAL,1529.915237,1423.743781,0.679032068,0.320967932,1530.660056,1422.998962,1529.104885,1415.450087,Steven Matz,Matt Harvey,50.21747012,46.08346191,-11.92650138,1.470354586,0.671568166,0.328431834,1529.682881,1414.872091,5,4
2021-09-01,2021,463,0,,ANA,NYY,1486.046109,1550.665557,0.441808801,0.558191199,1484.129353,1552.582313,1495.953786,1562.252004,Packy Naughton,Gerrit Cole,47.4,62.7839412,-10.495175,36.31748378,0.374499083,0.625500917,1494.804716,1563.401073,1,4
2021-09-01,2021,464,0,,CIN,STL,1515.906714,1503.871546,0.551673617,0.448326383,1519.829346,1499.948915,1512.364081,1501.175813,Sonny Gray,J.A. Happ,55.47976021,47.51789146,13.9324738,-16.62640596,0.593504275,0.406495725,1514.947302,1498.592592,12,2
2021-09-01,2021,465,0,,SEA,HOU,1500.648819,1558.053875,0.452073851,0.547926149,1502.246832,1556.455862,1487.220512,1561.7986,Logan Gilbert,Jake Odorizzi,48.05003263,50.04580541,-2.511980488,-17.42079351,0.448847377,0.551152623,1488.427766,1560.591347,1,0
2021-09-01,2021,466,0,,ARI,SDP,1441.713944,1513.452154,0.431728292,0.568271708,1445.130903,1510.035195,1443.846701,1534.826758,Luke Weaver,Yu Darvish,50.1035935,54.92783069,5.580726674,20.29018772,0.38455881,0.61544119,1446.681023,1531.992435,8,3
2021-09-01,2021,467,0,,TEX,COL,1441.350096,1490.55073,0.463796839,0.536203161,1439.086668,1492.814158,1441.290786,1469.454183,Kohei Arihara,Kyle Freeland,45.21446749,53.47259055,-19.63651614,2.422156273,0.462334898,0.537665102,1439.600088,1471.144881,5,9
2021-09-01,2021,468,0,,CIN,STL,1517.479013,1502.299247,0.556146418,0.443853582,1515.906714,1503.871546,1513.522591,1500.017303,Wade Miley,Miles Mikolas,53.75323376,52.84535453,4.07103853,7.947932465,0.548244586,0.451755414,1512.364081,1501.175813,4,5
2021-08-31,2021,469,0,,SEA,HOU,1497.634837,1561.067857,0.443493745,0.556506255,1500.648819,1558.053875,1484.822001,1564.197112,Yusei Kikuchi,Lance McCullers Jr.,48.59630398,54.67993269,1.160430676,4.459936695,0.416354128,0.583645872,1487.220512,1561.7986,4,0
2021-08-31,2021,470,0,,LAD,ATL,1593.486112,1552.379196,0.592614824,0.407385176,1594.631147,1551.234161,1601.070266,1547.800597,Walker Buehler,Charlie Morton,61.89660123,57.3773001,30.63215679,18.80583413,0.625480846,0.374519154,1601.835023,1547.03584,3,2
2021-08-31,2021,471,0,,SFG,MIL,1560.919291,1549.109169,0.551353189,0.448646811,1557.928964,1552.099496,1543.585105,1545.707768,Johnny Cueto,Brandon Woodruff,49.24328548,60.57744305,-13.32240377,25.14324209,0.476145628,0.523854372,1541.717803,1547.575071,2,6
2021-08-31,2021,472,0,,ARI,SDP,1443.550694,1511.615404,0.436923627,0.563076373,1441.713944,1513.452154,1445.195619,1533.477839,Zac Gallen,Blake Snell,54.06173702,52.15959393,24.16592874,8.833209096,0.430018426,0.569981574,1443.846701,1534.826758,0,3
2021-08-31,2021,473,0,,ANA,NYY,1483.903712,1552.807954,0.435735036,0.564264964,1486.046109,1550.665557,1494.355313,1563.850477,Jaime Barria,Jameson Taillon,48.52666637,53.55062127,-5.6404042,-7.895417525,0.438091726,0.561908274,1495.953786,1562.252004,6,4
2021-08-31,2021,474,0,,MIN,CHC,1481.863279,1456.551671,0.570492405,0.429507595,1479.829086,1458.585864,1493.110481,1463.265589,John Gant,Zach Davies,47.84867165,47.05047874,-10.48391307,1.618710624,0.556051294,0.443948706,1491.632627,1464.743443,1,3
2021-08-31,2021,475,0,,KCR,CLE,1470.477002,1498.648806,0.493996581,0.506003419,1467.634211,1501.491597,1468.654004,1502.994765,Jakob Junis,Zach Plesac,47.72332285,51.05972745,-8.482177116,0.46153445,0.47111278,0.52888722,1466.646253,1505.002516,2,7
2021-08-31,2021,476,0,,CHW,PIT,1537.37594,1431.137155,0.679116534,0.320883466,1538.351519,1430.161577,1540.989588,1422.662038,Lucas Giolito,Bryse Wilson,57.92235386,48.37900158,14.79915626,9.186147187,0.703675157,0.296324843,1541.63835,1422.013277,4,2
2021-08-31,2021,477,0,,TEX,COL,1439.846671,1492.054155,0.459495123,0.540504877,1441.350096,1490.55073,1440.198288,1470.546681,Jordan Lyles,Austin Gomber,45.34277459,51.81483295,-18.89510098,-6.536397573,0.473104311,0.526895689,1441.290786,1469.454183,4,3
2021-08-31,2021,478,0,,TBD,BOS,1579.728164,1520.044109,0.618154923,0.381845077,1581.315254,1518.457019,1573.911638,1517.837496,Ryan Yarbrough,Brad Peacock,49.94581761,51.98589403,-4.876815687,1.533053049,0.60445093,0.39554907,1575.161368,1516.587766,8,5
2021-08-31,2021,479,0,,NYM,FLA,1495.585484,1474.786006,0.564116683,0.435883317,1497.132951,1473.238539,1515.898084,1468.333339,Trevor Williams,Edward Cabrera,46.42304673,47.43888743,-28.24334997,-13.311811,0.585258953,0.414741047,1516.984432,1467.24699,3,1
2021-08-31,2021,480,0,,DET,OAK,1468.756878,1532.854379,0.442549898,0.557450102,1466.003602,1535.607655,1465.554355,1523.819563,Tarik Skubal,Cole Irvin,51.99290925,51.11049443,9.988089229,-9.932724415,0.481750615,0.518249385,1463.251111,1526.122807,3,9
2021-08-31,2021,481,0,,TOR,BAL,1532.60899,1421.050029,0.68575341,0.31424659,1529.915237,1423.743781,1531.238787,1413.316185,Hyun Jin Ryu,Keegan Akin,53.38108692,43.53764181,3.15457801,-9.768515398,0.709171465,0.290828535,1529.104885,1415.450087,2,4
2021-08-31,2021,482,0,,WSN,PHI,1482.815059,1507.552643,0.498938532,0.501061468,1479.507789,1510.859913,1493.096641,1506.970488,Patrick Corbin,Matt Moore,46.27802286,44.47254333,-15.1498925,-38.98063255,0.548712889,0.451287111,1490.304926,1509.762204,6,12
2021-08-30,2021,483,0,,SEA,HOU,1498.870997,1559.831696,0.447009028,0.552990972,1497.634837,1561.067857,1485.684495,1563.334618,Chris Flexen,Luis Garcia,49.60807464,55.89495393,6.084457226,9.940226065,0.423150236,0.576849764,1484.822001,1564.197112,3,4
2021-08-30,2021,484,0,,LAD,ATL,1591.988249,1553.877058,0.58844499,0.41155501,1593.486112,1552.379196,1600.137167,1548.733696,Julio Urias,Drew Smyly,55.129107,49.05055082,-1.014723075,-21.69104447,0.639990862,0.360009138,1601.070266,1547.800597,5,3
2021-08-30,2021,485,0,,SFG,MIL,1563.069419,1546.959041,0.557468388,0.442531612,1560.919291,1549.109169,1544.85295,1544.439923,Jose Alvarez,Corbin Burnes,47.72779784,61.53103871,-21.33530796,30.42586618,0.460178599,0.539821401,1543.585105,1545.707768,1,3
2021-08-30,2021,486,0,,ARI,SDP,1445.063998,1510.1021,0.441214555,0.558785445,1443.550694,1511.615404,1446.299371,1532.374088,Tyler Gilbert,Chris Paddack,50.2716131,47.43510549,5.83114848,-12.76825442,0.431953723,0.568046277,1445.195619,1533.477839,5,7
2021-08-30,2021,487,0,,ANA,NYY,1482.260485,1554.451181,0.431089366,0.568910634,1483.903712,1552.807954,1493.051121,1565.154668,Mike Mayers,Corey Kluber,45.01649708,55.62331029,-22.37068426,1.017216024,0.404790232,0.595209768,1494.355313,1563.850477,8,7
2021-08-30,2021,488,0,,TEX,COL,1438.328293,1493.572533,0.455156743,0.544843257,1439.846671,1492.054155,1439.047811,1471.697158,A.J. Alexy,German Marquez,47.4,57.82425019,-8.29233007,20.78404925,0.450641783,0.549358217,1440.198288,1470.546681,4,3
2021-08-30,2021,489,0,,TBD,BOS,1577.590273,1522.182,0.612328545,0.387671455,1579.728164,1520.044109,1572.220453,1519.528681,Luis Patino,Nick Pivetta,48.34061655,51.0708109,-12.00362725,-3.466486613,0.596968674,0.403031326,1573.911638,1517.837496,6,1
2021-08-30,2021,490,0,,TOR,BAL,1531.227955,1422.431064,0.682317006,0.317682994,1532.60899,1421.050029,1530.374035,1414.180937,Robbie Ray,Chris Ellis,58.70441983,47.01327993,28.92001478,7.282728243,0.717764631,0.282235369,1531.238787,1413.316185,7,3
2021-08-30,2021,491,0,,WSN,PHI,1485.106013,1505.261689,0.5055322,0.4944678,1482.815059,1507.552643,1494.634105,1505.433024,Josiah Gray,Zack Wheeler,49.31397631,60.62870523,-1.950648647,36.66192207,0.463045771,0.536954229,1493.096641,1506.970488,4,7
2021-08-30,2021,492,0,,CIN,STL,1519.588611,1500.189649,0.562133306,0.437866694,1517.479013,1502.299247,1515.301223,1498.23867,Luis Castillo,Jon Lester,54.34771049,43.38755911,7.051461713,-35.63350699,0.616776048,0.383223952,1513.522591,1500.017303,1,3
2021-08-30,2021,493,0,,DET,MIN,1470.189187,1480.43097,0.519789322,0.480210678,1468.756878,1481.863279,1466.56651,1492.098326,Casey Mize,Bailey Ober,51.45720959,52.49453368,7.661981965,11.71746642,0.495601205,0.504398795,1465.554355,1493.110481,2,3
2021-08-29,2021,494,0,,OAK,NYY,1531.008141,1556.297419,0.498144588,0.501855412,1532.854379,1554.451181,1522.163824,1566.810407,Paul Blackburn,Jordan Montgomery,45.46988096,55.1064755,-36.20506279,-1.118201278,0.420474094,0.579525906,1523.819563,1565.154668,3,1
2021-08-29,2021,495,0,,SEA,KCR,1497.701795,1471.646205,0.571541483,0.428458517,1498.870997,1470.477002,1484.862915,1469.475584,Marco Gonzales,Brady Singer,53.09784982,48.9282121,22.61247376,-2.587600189,0.59189264,0.40810736,1485.684495,1468.654004,4,3
2021-08-29,2021,496,0,,LAD,COL,1596.518193,1489.042589,0.680666056,0.319333944,1591.988249,1493.572533,1603.459293,1468.375033,Mitch White,Antonio Senzatela,47.80949196,52.99166034,-36.39396614,-0.739198925,0.670515449,0.329484551,1600.137167,1471.697158,0,5
2021-08-29,2021,497,0,,TEX,HOU,1431.707641,1566.452349,0.345812388,0.654187612,1438.328293,1559.831696,1433.895422,1568.487007,Taylor Hearn,Zack Greinke,46.18399356,54.18580819,-13.06714486,0.371685497,0.328720783,0.671279217,1439.047811,1563.334618,13,2
2021-08-29,2021,498,0,,MIN,MIL,1482.602761,1544.78725,0.445268291,0.554731709,1480.43097,1546.959041,1493.976504,1542.561746,Griffin Jax,Aaron Ashby,46.50208884,46.44520291,-17.33003964,-40.35906523,0.49776044,0.50223956,1492.098326,1544.439923,2,6
2021-08-29,2021,499,0,,CHW,CHC,1534.092894,1459.834718,0.637751792,0.362248208,1537.37594,1456.551671,1538.127519,1466.127658,Dylan Cease,Kyle Hendricks,53.69955068,52.00664218,-4.525623263,23.66268206,0.596368081,0.403631919,1540.989588,1463.265589,13,1
2021-08-29,2021,500,0,,ATL,SFG,1549.761345,1567.185132,0.509462801,0.490537199,1553.877058,1563.069419,1545.786492,1547.800154,Ian Anderson,Anthony DeSclafani,54.02678869,53.53996134,2.082322097,5.254826032,0.527048849,0.472951151,1548.733696,1544.85295,9,0
2021-08-29,2021,501,0,,NYM,WSN,1491.726662,1487.777533,0.540135491,0.459864509,1494.398182,1485.106013,1513.238126,1496.601901,Tylor Megill,Erick Fedde,48.34991804,47.4937927,-19.46463032,-11.24575475,0.546517406,0.453482594,1515.205921,1494.634105,9,4
2021-08-29,2021,502,0,,FLA,CIN,1474.412014,1521.149904,0.467324183,0.532675817,1475.973307,1519.588611,1467.716666,1516.610058,Jesus Luzardo,Tyler Mahle,44.1788599,53.94424695,-27.62639419,5.436908336,0.417358733,0.582641267,1469.025501,1515.301223,2,1
2021-08-29,2021,503,0,,DET,TOR,1471.383311,1530.03383,0.450298571,0.549701429,1470.189187,1531.227955,1467.403521,1529.537024,Matthew Boyd,Jose Berrios,49.90389045,55.04850101,0.255040934,12.73239887,0.427675958,0.572324042,1466.56651,1530.374035,1,2
2021-08-29,2021,504,0,,CLE,BOS,1496.856258,1523.974548,0.495512541,0.504487459,1498.648806,1522.182,1501.586528,1520.936919,Eli Morgan,Tanner Houck,48.73321443,54.01210995,-10.67256473,10.40603097,0.476374394,0.523625606,1502.994765,1519.528681,7,5
2021-08-29,2021,505,0,,PIT,STL,1429.455603,1501.871202,0.430771882,0.569228118,1431.137155,1500.189649,1421.316085,1499.584624,Wil Crowe,Kwang Hyun Kim,43.77555178,51.64329115,-12.54024267,3.285103999,0.400473438,0.599526562,1422.662038,1498.23867,4,3
2021-08-29,2021,506,0,,PHI,ARI,1503.671641,1446.654046,0.614525353,0.385474647,1505.261689,1445.063998,1504.05382,1447.678574,Ranger Suarez,Madison Bumgarner,49.25559562,52.19978287,-16.51401879,14.29210743,0.57085559,0.42914441,1505.433024,1446.299371,7,4
2021-08-29,2021,507,0,,BAL,TBD,1423.851657,1576.16968,0.323297689,0.676702311,1422.431064,1577.590273,1415.177271,1571.224118,Spenser Watkins,Chris Archer,43.27552894,50.15944409,-11.05951312,-3.413705266,0.309141577,0.690858423,1414.180937,1572.220453,8,12
2021-08-28,2021,508,0,,LAD,COL,1595.240912,1490.31987,0.677461273,0.322538727,1596.518193,1489.042589,1602.419631,1469.414694,Corey Knebel,Jon Gray,47.3557332,54.01129185,-38.82542541,3.710246635,0.659021798,0.340978202,1603.459293,1468.375033,5,2
2021-08-28,2021,509,0,,ANA,SDP,1478.156384,1514.206201,0.482665869,0.517334131,1482.260485,1510.1021,1489.909798,1535.515411,Jose Suarez,Ryan Weathers,41.72041813,41.43296811,-38.03366191,-41.64442739,0.474126465,0.525873535,1493.051121,1532.374088,10,2
2021-08-28,2021,510,0,,ATL,SFG,1552.848095,1564.098382,0.518340081,0.481659919,1549.761345,1567.185132,1548.097065,1545.489581,Huascar Ynoa,Logan Webb,52.25297505,53.96718613,-6.124536397,8.29568548,0.517531689,0.482468311,1545.786492,1547.800154,0,5
2021-08-28,2021,511,0,,NYM,WSN,1490.045087,1489.459108,0.535323128,0.464676872,1491.726662,1487.777533,1512.209667,1497.63036,Marcus Stroman,Sean Nolin,54.77771038,45.20571841,10.99128793,-22.08393885,0.601681585,0.398318415,1513.238126,1496.601901,5,3
2021-08-28,2021,512,0,,MIN,MIL,1480.613247,1546.776764,0.439617954,0.560382046,1482.602761,1544.78725,1492.560699,1543.97755,Charlie Barnes,Adrian Houser,45.73719914,50.30725838,-21.13089004,-22.70784709,0.462881817,0.537118183,1493.976504,1542.561746,6,4
2021-08-28,2021,513,0,,CHW,CHC,1539.099991,1454.82762,0.650960955,0.349039045,1534.092894,1459.834718,1541.976376,1462.278801,Lance Lynn,Alec Mills,60.22521902,49.065782,24.73795031,11.32102519,0.662435202,0.337564798,1538.127519,1466.127658,0,7
2021-08-28,2021,514,0,,TEX,HOU,1433.009545,1565.150445,0.34921102,0.65078898,1431.707641,1566.452349,1434.825128,1567.557302,Kolby Allard,Framber Valdez,47.92644241,54.60958275,-5.357598499,2.980234349,0.337622074,0.662377926,1433.895422,1568.487007,2,5
2021-08-28,2021,515,0,,PIT,STL,1434.063254,1497.263551,0.443824408,0.556175592,1429.455603,1501.871202,1424.445223,1496.455486,Steven Brault,Adam Wainwright,51.25257346,58.23304553,21.3566573,35.26310926,0.411826152,0.588173848,1421.316085,1499.584624,0,13
2021-08-28,2021,516,0,,BAL,TBD,1424.611167,1575.41017,0.325213658,0.674786342,1423.851657,1576.16968,1415.941105,1570.460285,John Means,Michael Wacha,53.04242101,45.69587676,35.82541007,-23.94330022,0.399566318,0.600433682,1415.177271,1571.224118,3,4
2021-08-28,2021,517,0,,FLA,CIN,1471.092871,1524.469048,0.457824739,0.542175261,1474.412014,1521.149904,1465.495009,1518.831715,Sandy Alcantara,Vladimir Gutierrez,55.15769622,51.39107933,25.07475511,-7.857778021,0.505174627,0.494825373,1467.716666,1516.610058,6,1
2021-08-28,2021,518,0,,DET,TOR,1472.589277,1528.827865,0.45373764,0.54626236,1471.383311,1530.03383,1468.181858,1528.758687,Jose Urena,Alek Manoah,44.70955727,53.55500108,-23.66874902,6.488428544,0.405125919,0.594874081,1467.403521,1529.537024,2,3
2021-08-28,2021,519,0,,PHI,ARI,1501.034336,1449.291351,0.607308283,0.392691717,1503.671641,1446.654046,1502.27912,1449.453274,Kyle Gibson,Humberto Mejia,54.11925978,46.40797452,7.203632367,-13.37726781,0.636618725,0.363381275,1504.05382,1447.678574,7,0
2021-08-28,2021,520,0,,SEA,KCR,1499.936629,1469.411371,0.577830239,0.422169761,1497.701795,1471.646205,1486.547118,1467.791381,Tyler Anderson,Daniel Lynch,51.5261283,49.90426741,15.20851578,1.851459936,0.580057929,0.419942071,1484.862915,1469.475584,2,4
2021-08-28,2021,521,0,,OAK,NYY,1529.594399,1557.711162,0.494075779,0.505924221,1531.008141,1556.297419,1521.186848,1567.787383,Frankie Montas,Nestor Cortes,55.55219843,49.42159658,12.38444415,-28.20764074,0.525868802,0.474131198,1522.163824,1566.810407,3,2
2021-08-28,2021,522,0,,CLE,BOS,1498.63163,1522.199176,0.500622352,0.499377648,1496.856258,1523.974548,1502.889981,1519.633466,Cal Quantrill,Nathan Eovaldi,52.44216048,55.98172698,7.274570932,19.95209159,0.492199179,0.507800821,1501.586528,1520.936919,3,5
2021-08-27,2021,523,0,,SEA,KCR,1501.661528,1467.686472,0.58266697,0.41733303,1499.936629,1469.411371,1487.88023,1466.458269,Logan Gilbert,Kris Bubic,49.27650081,45.67473013,3.634014634,-19.01837289,0.596732169,0.403267831,1486.547118,1467.791381,7,8
2021-08-27,2021,524,0,,LAD,COL,1598.141217,1487.419565,0.684713807,0.315286193,1595.240912,1490.31987,1604.522858,1467.311467,Brusdar Graterol,Kyle Freeland,47.60946961,53.12869863,-38.60741263,-0.115841518,0.669526617,0.330473383,1602.419631,1469.414694,2,4
2021-08-27,2021,525,0,,OAK,NYY,1532.924087,1554.381473,0.50365905,0.49634095,1529.594399,1557.711162,1523.169368,1565.804863,Sean Manaea,Gerrit Cole,52.61566227,62.57699662,-2.490234368,34.15885591,0.421103842,0.578896158,1521.186848,1567.787383,2,8
2021-08-27,2021,526,0,,ANA,SDP,1481.059185,1511.3034,0.49101482,0.50898518,1478.156384,1514.206201,1491.72679,1533.698419,Cooper Criswell,Joe Musgrove,47.4,53.82653411,-12.16351076,18.32201168,0.426868056,0.573131944,1489.909798,1535.515411,0,5
2021-08-27,2021,527,0,,MIN,MIL,1478.59856,1548.791451,0.433912035,0.566087965,1480.613247,1546.776764,1491.14505,1545.393199,Andrew Albers,Eric Lauer,45.6300565,49.55651984,-20.88616231,-26.48155968,0.462929368,0.537070632,1492.560699,1543.97755,2,0
2021-08-27,2021,528,0,,CHW,CHC,1537.485435,1456.442177,0.646725736,0.353274264,1539.099991,1454.82762,1540.460805,1463.794372,Dallas Keuchel,Keegan Thompson,48.79912593,48.13774032,-30.92586795,6.189815158,0.584825554,0.415174446,1541.976376,1462.278801,17,13
2021-08-27,2021,529,0,,TEX,HOU,1433.860212,1564.299778,0.351440028,0.648559972,1433.009545,1565.150445,1435.491572,1566.890858,Glenn Otto,Jake Odorizzi,47.4,49.93758461,-6.332798542,-19.06710037,0.362317026,0.637682974,1434.825128,1567.557302,4,5
2021-08-27,2021,530,0,,ATL,SFG,1551.524272,1565.422206,0.514533947,0.485466053,1552.848095,1564.098382,1547.167637,1546.419009,Max Fried,Kevin Gausman,55.81833659,55.50000225,10.6698957,15.66642772,0.53903002,0.46096998,1548.097065,1545.489581,6,5
2021-08-27,2021,531,0,,NYM,WSN,1491.586476,1487.917719,0.539734578,0.460265422,1490.045087,1489.459108,1513.483144,1496.356883,Rich Hill,Paolo Espino,51.86414021,46.29471891,-2.237304848,-16.45425063,0.583455339,0.416544661,1512.209667,1497.63036,1,2
2021-08-27,2021,532,0,,FLA,CIN,1474.147133,1521.414786,0.466565124,0.533434876,1471.092871,1524.469048,1467.868757,1516.457967,Zach Thompson,Wade Miley,51.67045422,53.12793496,8.079494904,0.902246754,0.479780638,0.520219362,1465.495009,1518.831715,0,6
2021-08-27,2021,533,0,,DET,TOR,1471.050845,1530.366297,0.449351292,0.550648708,1472.589277,1528.827865,1466.991308,1529.949237,Matt Manning,Steven Matz,45.29957003,49.47724609,-20.13423105,-12.10223163,0.435255055,0.564744945,1468.181858,1528.758687,2,1
2021-08-27,2021,534,0,,CLE,BOS,1500.011937,1520.818869,0.504595066,0.495404934,1498.63163,1522.199176,1503.739684,1518.783763,Logan Allen,Eduardo Rodriguez,39.82296901,53.4353235,-50.86315044,7.775152656,0.432567644,0.567432356,1502.889981,1519.633466,3,4
2021-08-27,2021,535,0,,PIT,STL,1435.305206,1496.021599,0.447356689,0.552643311,1434.063254,1497.263551,1425.357725,1495.542984,Dillon Peters,J.A. Happ,44.09309989,47.11646454,-12.22423635,-16.77523237,0.440368642,0.559631358,1424.445223,1496.455486,3,4
2021-08-27,2021,536,0,,PHI,ARI,1500.01053,1450.315157,0.604493733,0.395506267,1501.034336,1449.291351,1501.58341,1450.148985,Aaron Nola,Taylor Widener,56.24030867,49.18505928,17.81023161,-0.374343929,0.631559817,0.368440183,1502.27912,1449.453274,7,6
2021-08-27,2021,537,0,,BAL,TBD,1425.852591,1574.168746,0.328357927,0.671642073,1424.611167,1575.41017,1416.78122,1569.620169,Matt Harvey,Shane McClanahan,45.30672563,53.37568653,0.19977161,12.24845449,0.306552413,0.693447587,1415.941105,1570.460285,3,6
2021-08-26,2021,538,0,,SEA,KCR,1503.950931,1465.397069,0.589061973,0.410938027,1501.661528,1467.686472,1489.560444,1464.778055,Yusei Kikuchi,Brad Keller,48.6997789,49.34464053,0.834500234,-2.303244899,0.578958353,0.421041647,1487.88023,1466.458269,4,6
2021-08-26,2021,539,0,,OAK,NYY,1534.344192,1552.961368,0.507745886,0.492254114,1532.924087,1554.381473,1524.169136,1564.805095,James Kaprielian,Jameson Taillon,52.72336298,54.79073358,-2.934722238,-3.638672654,0.482817937,0.517182063,1523.169368,1565.804863,6,7
2021-08-26,2021,540,0,,SDP,LAD,1513.422854,1596.021763,0.416460035,0.583539965,1511.3034,1598.141217,1535.426987,1602.79429,Yu Darvish,Max Scherzer,55.0644099,59.84496803,24.25418527,20.18691512,0.443682693,0.556317307,1533.698419,1604.522858,0,4
2021-08-26,2021,541,0,,NYM,SFG,1492.748227,1564.260454,0.432047472,0.567952528,1491.586476,1565.422206,1514.547012,1545.355141,Carlos Carrasco,Alex Wood,52.32525844,50.19819148,0.674679213,-9.49035232,0.504830821,0.495169179,1513.483144,1546.419009,2,3
2021-08-26,2021,542,0,,FLA,WSN,1472.309526,1489.755325,0.509431135,0.490568865,1474.147133,1487.917719,1466.470843,1497.754797,Elieser Hernandez,Patrick Corbin,49.56969261,47.58986569,-1.7490927,-11.71736668,0.50386297,0.49613703,1467.868757,1496.356883,7,5
2021-08-26,2021,543,0,,CLE,TEX,1498.244927,1435.627222,0.622132995,0.377867005,1500.011937,1433.860212,1502.306027,1436.925229,Sam Hentges,Jordan Lyles,44.54667466,46.88663172,-29.24443765,-10.29985369,0.5999996,0.4000004,1503.739684,1435.491572,10,6
2021-08-26,2021,544,0,,BOS,MIN,1517.316446,1482.100983,0.584402231,0.415597769,1520.818869,1478.59856,1516.539756,1493.389056,Chris Sale,John Gant,59.10597423,48.03513186,34.97387463,-9.856142143,0.629362654,0.370637346,1518.783763,1491.14505,12,2
2021-08-26,2021,545,0,,PIT,STL,1432.254292,1499.072512,0.438689713,0.561310287,1435.305206,1496.021599,1422.872839,1498.02787,Mitch Keller,Miles Mikolas,45.27605373,53.78408551,-7.674195564,13.81836269,0.400471293,0.599528707,1425.357725,1495.542984,11,7
2021-08-26,2021,546,0,,PHI,ARI,1501.791286,1448.534401,0.609384655,0.390615345,1500.01053,1450.315157,1502.708663,1449.023731,Matt Moore,Zac Gallen,45.08674646,53.94746856,-35.54430478,22.33978992,0.531298465,0.468701535,1501.58341,1450.148985,7,8
2021-08-26,2021,547,0,,TOR,CHW,1532.730257,1535.121474,0.531057503,0.468942497,1530.366297,1537.485435,1531.712191,1538.697851,Hyun Jin Ryu,Carlos Rodon,55.12947492,57.52553968,12.94925167,10.04333998,0.528636174,0.471363826,1529.949237,1540.460805,7,10
2021-08-26,2021,548,0,,MIL,CIN,1551.987593,1518.218644,0.582378437,0.417621563,1548.791451,1521.414786,1547.546965,1514.304202,Brett Anderson,Sonny Gray,50.11139218,54.72602672,-24.18046098,9.213926764,0.534266771,0.465733229,1545.393199,1516.457967,1,5
2021-08-26,2021,549,0,,BAL,ANA,1420.025988,1486.885788,0.438630775,0.561369225,1425.852591,1481.059185,1412.073893,1496.434118,Keegan Akin,Jaime Barria,42.07519583,48.56293038,-13.82066082,-6.799824391,0.404228578,0.595771422,1416.78122,1491.72679,13,1
2021-08-25,2021,550,0,,SDP,LAD,1514.960142,1594.484475,0.420767444,0.579232556,1513.422854,1596.021763,1536.536515,1601.684762,Blake Snell,Walker Buehler,50.73990025,61.38223882,5.316668646,28.17736216,0.408911965,0.591088035,1535.426987,1602.79429,3,5
2021-08-25,2021,551,0,,MIL,CIN,1550.156979,1520.049257,0.577243808,0.422756192,1551.987593,1518.218644,1546.274805,1515.576361,Brandon Woodruff,Luis Castillo,59.66241307,53.87182734,21.7873388,5.703555422,0.60047754,0.39952246,1547.546965,1514.304202,4,1
2021-08-25,2021,552,0,,NYM,SFG,1493.921759,1563.086922,0.435365779,0.564634221,1492.748227,1564.260454,1515.610362,1544.29179,Taijuan Walker,Johnny Cueto,50.84265363,49.30340942,-5.989573079,-13.89125705,0.504634188,0.495365812,1514.547012,1545.355141,2,3
2021-08-25,2021,553,0,,FLA,WSN,1470.885871,1491.17898,0.505334443,0.494665557,1472.309526,1489.755325,1465.320726,1498.904914,Edward Cabrera,Josiah Gray,47.4,49.17430322,-12.04516712,-4.234075425,0.474987076,0.525012924,1466.470843,1497.754797,4,3
2021-08-25,2021,554,0,,CLE,TEX,1496.191429,1437.68072,0.616559369,0.383440631,1498.244927,1435.627222,1500.883647,1438.347609,Zach Plesac,Jake Latz,51.60246821,47.4,3.44203608,-8.203932835,0.637650489,0.362349511,1502.306027,1436.925229,7,2
2021-08-25,2021,555,0,,BOS,MIN,1519.964795,1479.452634,0.591788008,0.408211992,1517.316446,1482.100983,1518.415698,1491.513115,Nick Pivetta,Bailey Ober,51.85612552,51.0703837,0.163020185,5.400638601,0.565341343,0.434658657,1516.539756,1493.389056,6,9
2021-08-25,2021,556,0,,TOR,CHW,1531.061476,1536.790256,0.526270186,0.473729814,1532.730257,1535.121474,1530.520839,1539.889203,Robbie Ray,Lucas Giolito,57.61518407,57.3357715,25.91511748,9.800825191,0.544131807,0.455868193,1531.712191,1538.697851,3,1
2021-08-25,2021,557,0,,PIT,ARI,1434.627752,1446.160941,0.517933487,0.482066513,1432.254292,1448.534401,1424.57509,1447.32148,Bryse Wilson,Tyler Gilbert,47.34572068,50.11524978,3.006019117,4.461162203,0.499709971,0.500290029,1422.872839,1449.023731,2,5
2021-08-25,2021,558,0,,PHI,TBD,1503.669882,1572.29015,0.436136998,0.563863002,1501.791286,1574.168746,1504.415164,1567.913668,Zack Wheeler,Ryan Yarbrough,61.45522156,50.17005605,41.02081094,-3.059386784,0.506593204,0.493406796,1502.708663,1569.620169,4,7
2021-08-25,2021,559,0,,BAL,ANA,1416.996479,1489.915296,0.430061719,0.569938281,1420.025988,1486.885788,1409.560848,1498.947163,Chris Ellis,Shohei Ohtani,47.4,56.18211663,11.09879664,28.68896813,0.382806948,0.617193052,1412.073893,1496.434118,10,6
2021-08-25,2021,560,0,,CHC,COL,1458.666489,1485.195252,0.496360882,0.503639118,1456.442177,1487.419565,1465.452132,1465.653707,Justin Steele,German Marquez,46.75580945,59.17131577,-0.760397756,27.29112871,0.493879601,0.506120399,1463.794372,1467.311467,10,13
2021-08-25,2021,561,0,,CHC,COL,1456.363928,1487.497813,0.489734956,0.510265044,1458.666489,1485.195252,1463.907606,1467.198233,Zach Davies,Austin Gomber,46.64415232,52.93538158,-0.912363028,-3.102098696,0.53290683,0.46709317,1465.452132,1465.653707,5,2
2021-08-25,2021,562,0,,HOU,KCR,1563.499178,1466.197669,0.667803569,0.332196431,1564.299778,1465.397069,1566.293758,1465.375155,Lance McCullers Jr.,Mike Minor,55.04445681,51.38592451,4.638935669,7.268440234,0.669063539,0.330936461,1566.890858,1464.778055,6,5
2021-08-25,2021,563,0,,STL,DET,1497.931011,1472.192346,0.57109467,0.42890533,1499.072512,1471.050845,1497.006704,1468.012474,Jon Lester,Tarik Skubal,43.03855583,51.74816735,-36.72481186,10.50932701,0.508288678,0.491711322,1498.02787,1466.991308,3,2
2021-08-24,2021,564,0,,SDP,LAD,1516.84525,1592.599367,0.426065878,0.573934122,1514.960142,1594.484475,1537.997557,1600.223719,Pierce Johnson,Julio Urias,47.4,54.59349172,-10.6923535,-3.25885946,0.436787358,0.563212642,1536.536515,1601.684762,2,5
2021-08-24,2021,565,0,,MIL,CIN,1548.29616,1521.910077,0.572007298,0.427992702,1550.156979,1520.049257,1545.081765,1516.769402,Corbin Burnes,Tyler Mahle,62.19347696,53.33409607,33.39459304,3.787636626,0.618655912,0.381344088,1546.274805,1515.576361,7,4
2021-08-24,2021,566,0,,HOU,KCR,1561.971896,1467.724951,0.663891372,0.336108628,1563.499178,1466.197669,1565.233903,1466.43501,Luis Garcia,Brady Singer,55.04963779,49.14578671,5.513013586,-3.499724772,0.681086355,0.318913645,1566.293758,1465.375155,4,0
2021-08-24,2021,567,0,,STL,DET,1499.587845,1470.535512,0.575760538,0.424239462,1497.931011,1472.192346,1498.35994,1466.659238,Jack Flaherty,Casey Mize,57.74841815,50.96790692,30.95748136,7.375805547,0.615840656,0.384159344,1497.006704,1468.012474,3,4
2021-08-24,2021,568,0,,ATL,NYY,1553.024853,1551.460788,0.536723398,0.463276602,1551.524272,1552.961368,1548.406699,1563.566033,Charlie Morton,Andrew Heaney,58.00786805,49.87487558,20.57369668,-26.63799306,0.579973179,0.420026821,1547.167637,1564.805095,4,5
2021-08-24,2021,569,0,,NYM,SFG,1497.311763,1559.696919,0.444982987,0.555017013,1493.921759,1563.086922,1518.808616,1541.093536,Tylor Megill,Sammy Long,51.86244261,46.88415585,-3.209725973,-24.69134978,0.533422127,0.466577873,1515.610362,1544.29179,0,8
2021-08-24,2021,570,0,,FLA,WSN,1473.625239,1488.439612,0.5132161,0.4867839,1470.885871,1491.17898,1467.209632,1497.016008,Jesus Luzardo,Erick Fedde,45.07423965,46.5974687,-24.05848255,-15.65924555,0.480007411,0.519992589,1465.320726,1498.904914,1,5
2021-08-24,2021,571,0,,CLE,TEX,1499.579867,1434.292282,0.625739169,0.374260831,1496.191429,1437.68072,1503.557691,1435.673565,Eli Morgan,Taylor Hearn,50.38221961,46.20959872,-3.25572853,-13.95278804,0.649844688,0.350155312,1500.883647,1438.347609,3,7
2021-08-24,2021,572,0,,BOS,MIN,1518.613816,1480.803613,0.588025323,0.411974677,1519.964795,1479.452634,1517.406173,1492.52264,Tanner Houck,Griffin Jax,54.45476958,49.35121576,12.24948206,-4.329654838,0.589144373,0.410855627,1518.415698,1491.513115,11,9
2021-08-24,2021,573,0,,TOR,CHW,1533.43661,1534.415121,0.533082184,0.466917816,1531.061476,1536.790256,1532.449518,1537.960524,Jose Berrios,Dylan Cease,56.1411562,52.6921006,18.14150568,-11.18931814,0.568386959,0.431613041,1530.520839,1539.889203,2,5
2021-08-24,2021,574,0,,PIT,ARI,1432.815667,1447.973026,0.512722837,0.487277163,1434.627752,1446.160941,1423.064944,1448.831627,JT Brubaker,Madison Bumgarner,46.17418573,52.97895708,-1.863895142,17.36178055,0.469826277,0.530173723,1424.57509,1447.32148,4,2
2021-08-24,2021,575,0,,PHI,TBD,1505.231309,1570.728723,0.440562791,0.559437209,1503.669882,1572.29015,1505.491212,1566.837621,Ranger Suarez,Drew Rasmussen,47.53929739,50.47321478,-23.65256609,-1.279624291,0.413359713,0.586640287,1504.415164,1567.913668,1,3
2021-08-24,2021,576,0,,BAL,ANA,1419.750639,1487.161137,0.437850349,0.562149651,1416.996479,1489.915296,1411.543229,1496.964782,Spenser Watkins,Dylan Bundy,45.48611254,48.98192241,0.865410545,-5.551259773,0.424437698,0.575562302,1409.560848,1498.947163,8,14
2021-08-24,2021,577,0,,OAK,SEA,1537.531396,1500.763727,0.586570734,0.413429266,1534.344192,1503.950931,1526.514272,1487.215307,Cole Irvin,Chris Flexen,52.13387614,48.81550683,-6.734635529,2.144884108,0.577681646,0.422318354,1524.169136,1489.560444,1,5
2021-08-23,2021,578,0,,OAK,SEA,1539.803199,1498.491924,0.592898799,0.407101201,1537.531396,1500.763727,1527.921828,1485.807751,Paul Blackburn,Marco Gonzales,44.93084582,53.33239617,-40.48705559,23.38766711,0.508476499,0.491523501,1526.514272,1487.215307,3,5
2021-08-23,2021,579,0,,HOU,KCR,1566.843625,1462.853222,0.676289576,0.323710424,1561.971896,1467.724951,1568.994143,1462.67477,Zack Greinke,Daniel Lynch,54.40658568,49.26843318,2.306199803,-2.590581697,0.689090827,0.310909173,1565.233903,1466.43501,1,7
2021-08-23,2021,580,0,,CHC,COL,1454.448072,1489.41367,0.484224474,0.515775526,1456.363928,1487.497813,1462.774788,1468.331051,Kyle Hendricks,Antonio Senzatela,51.93730009,52.58852981,24.2733465,-4.397332658,0.571644044,0.428355956,1463.907606,1467.198233,6,4
2021-08-23,2021,581,0,,ATL,NYY,1555.91733,1548.56831,0.544992831,0.455007169,1553.024853,1551.460788,1550.384999,1561.587734,Huascar Ynoa,Jordan Montgomery,51.7710193,55.14690484,-8.484559248,-1.916625336,0.50600272,0.49399728,1548.406699,1563.566033,1,5
2021-08-23,2021,582,0,,TOR,CHW,1532.172907,1535.678824,0.529459198,0.470540802,1533.43661,1534.415121,1531.431808,1538.978234,Alek Manoah,Lance Lynn,52.86165699,59.39127634,3.183325883,21.2936505,0.502233523,0.497766477,1532.449518,1537.960524,2,1
2021-08-23,2021,583,0,,PIT,ARI,1431.415479,1449.373214,0.508694642,0.491305358,1432.815667,1447.973026,1421.994882,1449.901688,Wil Crowe,Humberto Mejia,44.26669689,46.00008859,-11.40481723,-15.36247848,0.501294172,0.498705828,1423.064944,1448.831627,6,5
2021-08-23,2021,584,0,,BOS,TEX,1517.02776,1435.878337,0.646865352,0.353134648,1518.613816,1434.292282,1516.352211,1436.727527,Nathan Eovaldi,Kolby Allard,55.16209697,47.70229756,16.50946767,-6.794350847,0.674949912,0.325050088,1517.406173,1435.673565,8,4
2021-08-22,2021,585,1,,CLE,ANA,1497.463991,1489.277013,0.511779829,0.488220171,1499.579867,1487.161137,1502.184861,1498.337612,Cal Quantrill,Jose Suarez,50.91979838,41.74423828,0.709002048,-39.99067282,0.563759171,0.436240829,1503.557691,1496.964782,3,0
2021-08-22,2021,586,0,,LAD,NYM,1597.088934,1492.822195,0.67663772,0.32336228,1592.599367,1497.311763,1603.201323,1515.831012,David Price,Marcus Stroman,51.51896954,54.32719896,-18.13320936,8.886979388,0.619059533,0.380940467,1600.223719,1518.808616,2,7
2021-08-22,2021,587,0,,OAK,SFG,1541.231241,1558.268877,0.510018307,0.489981693,1539.803199,1559.696919,1529.008005,1540.007359,Frankie Montas,Logan Webb,54.17895898,53.34750319,4.313051879,6.332206732,0.515798377,0.484201623,1527.921828,1541.093536,1,2
2021-08-22,2021,588,0,,SDP,PHI,1519.503925,1502.572635,0.558633849,0.441366151,1516.84525,1505.231309,1539.986548,1503.502221,Craig Stammen,Kyle Gibson,46.40891763,53.44379119,-15.57028242,4.781308328,0.557500139,0.442499861,1537.997557,1505.491212,4,7
2021-08-22,2021,589,0,,COL,ARI,1492.463123,1446.323761,0.599589413,0.400410587,1489.41367,1449.373214,1470.530027,1447.702712,Jon Gray,Taylor Widener,54.30761929,47.68907719,3.438222352,-6.64696782,0.581178887,0.418821113,1468.331051,1449.901688,4,8
2021-08-22,2021,590,0,,CHC,KCR,1458.723219,1458.578074,0.534691826,0.465308174,1454.448072,1462.853222,1466.261345,1459.188213,Alec Mills,Carlos Hernandez,50.32533338,48.85785134,15.66982289,-3.692208121,0.572076465,0.427923535,1462.774788,1462.67477,1,9
2021-08-22,2021,591,0,,STL,PIT,1498.060985,1432.942339,0.625511394,0.374488606,1499.587845,1431.415479,1497.301837,1423.052985,Adam Wainwright,Steven Brault,56.85830252,51.41389754,28.34969324,22.25796078,0.645801042,0.354198958,1498.35994,1421.994882,3,0
2021-08-22,2021,592,0,,MIL,WSN,1546.409156,1490.326616,0.613249517,0.386750483,1548.29616,1488.439612,1543.565391,1498.532381,Adrian Houser,Sean Nolin,50.09849854,45.77902602,-23.49047604,-20.02956735,0.59326115,0.40673885,1545.081765,1497.016008,7,3
2021-08-22,2021,593,0,,HOU,SEA,1569.890052,1495.445497,0.637999617,0.362000383,1566.843625,1498.491924,1571.26082,1483.541074,Framber Valdez,Tyler Anderson,53.5251697,51.58904765,-0.825360638,15.2876615,0.634218308,0.365781692,1568.994143,1485.807751,3,6
2021-08-22,2021,594,0,,TBD,CHW,1567.27976,1539.127787,0.574494069,0.425505931,1570.728723,1535.678824,1564.486967,1541.328888,Chris Archer,Reynaldo Lopez,49.83702956,48.57089381,-4.006692087,-29.91271415,0.603624608,0.396375392,1566.837621,1538.978234,9,0
2021-08-22,2021,595,0,,CIN,FLA,1520.541055,1474.994261,0.598770192,0.401229808,1521.910077,1473.625239,1515.590337,1468.388697,Vladimir Gutierrez,Sandy Alcantara,49.85801263,54.57998399,-11.5122115,21.37531851,0.554916005,0.445083995,1516.769402,1467.209632,3,1
2021-08-22,2021,596,0,,TOR,DET,1534.547339,1468.161081,0.627219113,0.372780887,1532.172907,1470.535512,1533.326245,1464.764801,Steven Matz,Drew Hutchison,49.07748386,42.00809439,-14.37021349,-34.27496111,0.656425998,0.343574002,1531.431808,1466.659238,3,5
2021-08-22,2021,597,0,,BAL,ATL,1420.847167,1554.820802,0.346817214,0.653182786,1419.750639,1555.91733,1412.662491,1549.265737,John Means,Touki Toussaint,52.73576032,47.05272173,35.58284459,-30.46612347,0.433401113,0.566598887,1411.543229,1550.384999,1,3
2021-08-21,2021,598,0,,SDP,PHI,1518.223153,1503.853407,0.554995105,0.445004895,1519.503925,1502.572635,1539.120313,1504.368456,Joe Musgrove,Aaron Nola,53.39081614,55.29851586,17.83254085,14.52909042,0.588367081,0.411632919,1539.986548,1503.502221,4,3
2021-08-21,2021,599,0,,COL,ARI,1490.909636,1447.877248,0.595287958,0.404712042,1492.463123,1446.323761,1469.11594,1449.116798,Kyle Freeland,Zac Gallen,52.18721232,52.26439747,-5.699690199,16.6051761,0.531180061,0.468819939,1470.530027,1447.702712,5,2
2021-08-21,2021,600,0,,STL,PIT,1499.921846,1431.081478,0.630516239,0.369483761,1498.060985,1432.942339,1498.719623,1421.635199,J.A. Happ,Dillon Peters,46.94940811,43.21751691,-18.24755296,-15.59795976,0.637986689,0.362013311,1497.301837,1423.052985,4,5
2021-08-21,2021,601,0,,BOS,TEX,1522.981338,1429.92476,0.662360638,0.337639362,1517.02776,1435.878337,1521.134366,1431.945372,Eduardo Rodriguez,Jordan Lyles,54.65566378,45.68200113,13.11324425,-15.31049629,0.693214024,0.306785976,1516.352211,1436.727527,1,10
2021-08-21,2021,602,0,,BAL,ATL,1421.689392,1553.978578,0.349017053,0.650982947,1420.847167,1554.820802,1413.359326,1548.568901,Matt Harvey,Drew Smyly,45.33522886,49.15367306,0.78136736,-20.89756273,0.37393322,0.62606678,1412.662491,1549.265737,4,5
2021-08-21,2021,603,0,,CIN,FLA,1518.842542,1476.692774,0.594063308,0.405936692,1520.541055,1474.994261,1514.327016,1469.652019,Wade Miley,Zach Thompson,53.40699948,51.17083521,4.955258665,5.691014539,0.596544997,0.403455003,1515.590337,1468.388697,7,4
2021-08-21,2021,604,0,,HOU,SEA,1566.097465,1499.238084,0.62785569,0.37214431,1569.890052,1495.445497,1568.19242,1486.609474,Jake Odorizzi,Logan Gilbert,49.60674183,50.91823973,-19.12220142,10.93243926,0.607013524,0.392986476,1571.26082,1483.541074,15,1
2021-08-21,2021,605,0,,CLE,ANA,1495.16095,1491.580054,0.539608932,0.460391068,1497.463991,1489.277013,1500.595624,1499.926849,Triston McKenzie,Reid Detmers,51.72945145,46.77101433,5.881989445,-17.06347683,0.568096619,0.431903381,1502.184861,1498.337612,5,1
2021-08-21,2021,606,0,,OAK,SFG,1542.67378,1556.826338,0.514167814,0.485832186,1541.231241,1558.268877,1530.025579,1538.989786,Sean Manaea,Kevin Gausman,52.8028193,56.36541992,-2.354274978,19.90194218,0.48961047,0.51038953,1529.008005,1540.007359,5,6
2021-08-21,2021,607,0,,MIL,WSN,1544.760859,1491.974913,0.608739165,0.391260835,1546.409156,1490.326616,1542.219036,1499.878736,Eric Lauer,Paolo Espino,49.65510579,46.2225385,-25.92635632,-18.07492069,0.583386009,0.416613991,1543.565391,1498.532381,9,6
2021-08-21,2021,608,0,,LAD,NYM,1596.256277,1493.654853,0.674536701,0.325463299,1597.088934,1492.822195,1602.598427,1516.433909,Max Scherzer,Rich Hill,60.10932095,52.50676747,22.21510152,-0.275876996,0.682140551,0.317859449,1603.201323,1515.831012,4,3
2021-08-21,2021,609,0,,TOR,DET,1533.037786,1469.670634,0.623146649,0.376853351,1534.547339,1468.161081,1532.311025,1465.780021,Hyun Jin Ryu,Wily Peralta,54.30873325,47.81251635,11.09914732,-6.647404229,0.650967735,0.349032265,1533.326245,1464.764801,3,0
2021-08-21,2021,610,0,,CHC,KCR,1460.753675,1456.547618,0.540502836,0.459497164,1458.723219,1458.578074,1467.965824,1457.483735,Keegan Thompson,Kris Bubic,48.51284952,44.58584731,7.009684021,-22.97684569,0.591727456,0.408272544,1466.261345,1459.188213,2,4
2021-08-21,2021,611,0,,TBD,CHW,1565.097739,1541.309808,0.568341927,0.431658073,1567.27976,1539.127787,1562.90247,1542.913385,Luis Patino,Dallas Keuchel,47.52601707,49.6971494,-14.55456233,-25.72066152,0.57871456,0.42128544,1564.486967,1541.328888,8,4
2021-08-21,2021,612,0,,NYY,MIN,1546.327381,1483.044542,0.623032665,0.376967335,1548.56831,1480.803613,1560.021146,1494.089227,Gerrit Cole,Kenta Maeda,62.179162,54.71623325,31.82722004,20.81020606,0.641322494,0.358677506,1561.587734,1492.52264,7,1
2021-08-20,2021,613,0,,SDP,PHI,1519.933587,1502.142973,0.559853154,0.440146846,1518.223153,1503.853407,1540.650283,1502.838486,Blake Snell,Matt Moore,50.58860461,45.11483314,4.852893521,-33.69759581,0.642474487,0.357525513,1539.120313,1504.368456,3,4
2021-08-20,2021,614,0,,LAD,NYM,1595.415544,1494.495585,0.672408159,0.327591841,1596.256277,1493.654853,1602.017049,1517.015287,Walker Buehler,Carlos Carrasco,61.24813632,52.14871201,27.97332334,-1.810892955,0.689742621,0.310257379,1602.598427,1516.433909,3,2
2021-08-20,2021,615,0,,OAK,SFG,1540.477917,1559.022201,0.507850762,0.492149238,1542.67378,1556.826338,1528.430099,1540.585266,James Kaprielian,Alex Wood,52.59954228,49.78160216,-3.24905435,-10.7579872,0.52004909,0.47995091,1530.025579,1538.989786,4,1
2021-08-20,2021,616,0,,COL,ARI,1488.745236,1450.041647,0.589270594,0.410729406,1490.909636,1447.877248,1467.279767,1450.952971,Austin Gomber,Tyler Gilbert,53.19603655,50.86842781,-1.21538586,9.716491179,0.54918634,0.45081366,1469.11594,1449.116798,9,4
2021-08-20,2021,617,0,,STL,PIT,1503.487278,1427.516046,0.640026847,0.359973153,1499.921846,1431.081478,1501.632884,1418.721938,Miles Mikolas,Mitch Keller,53.62286521,44.45765155,13.40327526,-9.090938311,0.67972316,0.32027684,1498.719623,1421.635199,0,4
2021-08-20,2021,618,0,,MIL,WSN,1547.716522,1489.01925,0.616813232,0.383186768,1544.760859,1491.974913,1544.296227,1497.801545,Brett Anderson,Patrick Corbin,50.00238445,46.4378931,-24.43603974,-16.14131297,0.586112269,0.413887731,1542.219036,1499.878736,1,4
2021-08-20,2021,619,0,,HOU,SEA,1563.151934,1502.183616,0.619898388,0.380101612,1566.097465,1499.238084,1566.128469,1488.673426,Lance McCullers Jr.,Yusei Kikuchi,54.84746307,50.70553307,5.751881353,8.128594983,0.637810083,0.362189917,1568.19242,1486.609474,12,3
2021-08-20,2021,620,0,,TBD,CHW,1567.312662,1539.094885,0.574586664,0.425413336,1565.097739,1541.309808,1564.394466,1541.421389,Michael Wacha,Lucas Giolito,45.64045308,56.67365067,-23.60062103,7.768977777,0.526903803,0.473096197,1562.90247,1542.913385,5,7
2021-08-20,2021,621,0,,CLE,ANA,1491.564371,1495.176633,0.529306682,0.470693318,1495.16095,1491.580054,1497.591166,1502.931307,Sam Hentges,Jaime Barria,43.31303205,49.60393656,-33.31253262,-4.77503855,0.487275792,0.512724208,1500.595624,1499.926849,9,1
2021-08-20,2021,622,0,,CIN,FLA,1517.433442,1478.101874,0.590145238,0.409854762,1518.842542,1476.692774,1513.318836,1470.660199,Sonny Gray,Elieser Hernandez,53.57669762,50.09791136,6.90223157,0.153279592,0.604097598,0.395902402,1514.327016,1469.652019,5,3
2021-08-20,2021,623,0,,BOS,TEX,1521.045561,1431.860537,0.657358624,0.342641376,1522.981338,1429.92476,1519.811553,1433.268185,Chris Sale,Dane Dunning,59.09430383,53.21420302,34.32911378,19.38640559,0.678357564,0.321642436,1521.134366,1431.945372,6,0
2021-08-20,2021,624,0,,TOR,DET,1535.976101,1466.732319,0.631057075,0.368942925,1533.037786,1469.670634,1534.738127,1463.352918,Robbie Ray,Tyler Alexander,56.41102852,47.27392265,22.33519323,-8.179616028,0.676102583,0.323897417,1532.311025,1465.780021,1,4
2021-08-20,2021,625,0,,NYY,MIN,1543.576579,1485.795344,0.615566139,0.384433861,1546.327381,1483.044542,1557.771182,1496.339191,Nestor Cortes,Charlie Barnes,47.93498162,47.86039707,-34.62825949,-12.73707841,0.590436541,0.409563459,1560.021146,1494.089227,10,2
2021-08-20,2021,626,0,,BAL,ATL,1423.066824,1552.601145,0.352628691,0.647371309,1421.689392,1553.978578,1414.251927,1547.6763,Keegan Akin,Max Fried,41.95203099,54.31417824,-15.16713652,4.818909545,0.319161376,0.680838624,1413.359326,1548.568901,0,3
2021-08-20,2021,627,0,,CHC,KCR,1463.693305,1453.607989,0.548895945,0.451104055,1460.753675,1456.547618,1470.244964,1455.204594,Zach Davies,Brad Keller,47.16043205,48.78816738,0.169716098,-2.730158179,0.563797722,0.436202278,1467.965824,1457.483735,2,6
2021-08-19,2021,628,0,,LAD,NYM,1594.088554,1495.822576,0.669034071,0.330965929,1595.415544,1494.495585,1600.77112,1518.261216,Corey Knebel,Taijuan Walker,47.4,50.71956284,-37.51301399,-8.497160291,0.612683753,0.387316247,1602.017049,1517.015287,4,1
2021-08-19,2021,629,0,,STL,MIL,1500.631716,1550.572084,0.462738023,0.537261977,1503.487278,1547.716522,1499.060215,1546.868895,Jon Lester,Brandon Woodruff,43.46908757,61.29755444,-35.07492876,27.38810739,0.378335329,0.621664671,1501.632884,1544.296227,8,4
2021-08-19,2021,630,0,,CIN,FLA,1515.10268,1480.432636,0.583639476,0.416360524,1517.433442,1478.101874,1511.792428,1472.186607,Luis Castillo,Nick Neidert,53.35479357,47.15744622,6.409388178,-14.10021553,0.622871904,0.377128096,1513.318836,1470.660199,6,1
2021-08-19,2021,631,0,,NYY,MIN,1542.30152,1487.070403,0.612086438,0.387913562,1543.576579,1485.795344,1556.893347,1497.217026,Jameson Taillon,John Gant,54.76293262,48.04477339,-2.536118098,-11.99956842,0.635090664,0.364909336,1557.771182,1496.339191,7,5
2021-08-19,2021,632,0,,ARI,PHI,1447.168797,1505.015823,0.451443725,0.548556275,1450.041647,1502.142973,1448.591044,1505.200413,Madison Bumgarner,Zack Wheeler,51.69321015,62.09349584,14.95108109,45.96175863,0.409453163,0.590546837,1450.952971,1502.838486,6,2
2021-08-19,2021,633,0,,KCR,HOU,1455.12484,1561.635083,0.383441265,0.616558735,1453.607989,1563.151934,1456.333066,1564.999997,Mike Minor,Luis Garcia,51.13320944,55.39839708,8.615244098,8.094381284,0.381217513,0.618782487,1455.204594,1566.128469,3,6
2021-08-19,2021,634,0,,CHW,OAK,1540.585465,1538.987337,0.536772153,0.463227847,1539.094885,1540.477917,1542.565784,1527.285704,Dylan Cease,Cole Irvin,52.96163441,52.65468722,-10.03117212,-3.514581339,0.547011183,0.452988817,1541.421389,1528.430099,4,5
2021-08-19,2021,635,0,,TEX,SEA,1433.008714,1501.035438,0.436977423,0.563022577,1431.860537,1502.183616,1434.180157,1487.761453,Spencer Howard,Chris Flexen,48.38144599,48.08169943,-4.171012083,-3.549135541,0.456643303,0.543356697,1433.268185,1488.673426,8,9
2021-08-19,2021,636,0,,TBD,BAL,1566.002436,1424.37705,0.721801716,0.278198284,1567.312662,1423.066824,1563.535116,1415.111278,Shane McClanahan,Jorge Lopez,52.94667929,44.89626299,11.23408648,-2.087474612,0.744451686,0.255548314,1564.394466,1414.251927,7,2
2021-08-19,2021,637,0,,DET,ANA,1468.874882,1493.034071,0.499770909,0.500229091,1466.732319,1495.176633,1464.89484,1501.389386,Matt Manning,Jose Quintana,44.90972351,46.61921821,-19.26411974,-20.39424589,0.483651115,0.516348885,1463.352918,1502.931307,10,13
2021-08-18,2021,638,0,,LAD,PIT,1592.459477,1429.145123,0.746166098,0.253833902,1594.088554,1427.516046,1599.300237,1420.192821,Justin Bruihl,JT Brubaker,47.07820005,47.60983503,-39.39278368,4.419003748,0.714426229,0.285573771,1600.77112,1418.721938,9,0
2021-08-18,2021,639,0,,ARI,PHI,1445.150169,1507.034451,0.445695186,0.554304814,1447.168797,1505.015823,1447.167147,1506.62431,Humberto Castellanos,Ranger Suarez,47.96366347,48.56873692,-2.054777777,-18.36890116,0.472478796,0.527521204,1448.591044,1505.200413,4,2
2021-08-18,2021,640,0,,KCR,HOU,1453.333176,1563.426746,0.378576551,0.621423449,1455.12484,1561.635083,1454.959945,1566.373118,Brady Singer,Zack Greinke,48.2927988,54.11034898,-3.972603306,2.342442128,0.368293899,0.631706101,1456.333066,1564.999997,3,2
2021-08-18,2021,641,0,,CHW,OAK,1539.334564,1540.238238,0.533189409,0.466810591,1540.585465,1538.987337,1541.910738,1527.94075,Lance Lynn,Paul Blackburn,59.80150645,44.57916762,21.95011126,-41.57118672,0.642040332,0.357959668,1542.565784,1527.285704,3,2
2021-08-18,2021,642,0,,TEX,SEA,1434.450797,1499.593355,0.441066313,0.558933687,1433.008714,1501.035438,1435.20319,1486.73842,Mike Foltynewicz,Marco Gonzales,47.78440937,53.01463278,-6.350556894,20.13570587,0.422877328,0.577122672,1434.180157,1487.761453,1,3
2021-08-18,2021,643,0,,STL,MIL,1502.317677,1548.886123,0.467566998,0.532433002,1500.631716,1550.572084,1500.436025,1545.493086,Jack Flaherty,Freddy Peralta,57.81722438,58.13867558,32.62286502,11.71164133,0.499790123,0.500209877,1499.060215,1546.868895,4,6
2021-08-18,2021,644,0,,TBD,BAL,1564.828308,1425.551178,0.719079198,0.280920802,1566.002436,1424.37705,1562.577408,1416.068986,Louis Head,Spenser Watkins,47.4,46.52572716,-15.48034431,5.035014487,0.703376672,0.296623328,1563.535116,1415.111278,8,4
2021-08-18,2021,645,0,,FLA,ATL,1482.009598,1551.024182,0.43557887,0.56442113,1480.432636,1552.601145,1473.132177,1546.73073,Jesus Luzardo,Charlie Morton,45.56778503,57.60616215,-22.25813713,20.8776136,0.36962601,0.63037399,1472.186607,1547.6763,9,11
2021-08-18,2021,646,0,,DET,ANA,1470.628499,1491.280454,0.504818075,0.495181925,1468.874882,1493.034071,1466.094713,1500.189512,Tarik Skubal,Shohei Ohtani,51.11785388,55.38544471,10.61271484,21.77362653,0.46944868,0.53055132,1464.89484,1501.389386,1,3
2021-08-18,2021,647,0,,NYY,BOS,1540.442325,1522.904756,0.559494179,0.440505821,1542.30152,1521.045561,1555.392537,1521.312364,Andrew Heaney,Nick Pivetta,48.72586827,52.94499351,-30.13156935,4.448302422,0.53376817,0.46623183,1556.893347,1519.811553,5,2
2021-08-18,2021,648,0,,WSN,TOR,1486.531985,1538.463366,0.459889886,0.540110114,1489.01925,1535.976101,1495.82533,1536.714343,Josiah Gray,Jose Berrios,48.5754279,56.67833762,-5.815286596,23.3197934,0.434150726,0.565849274,1497.801545,1534.738127,8,5
2021-08-18,2021,649,0,,SFG,NYM,1562.581149,1492.263627,0.632494978,0.367505022,1559.022201,1495.822576,1543.053494,1515.792988,Anthony DeSclafani,Tylor Megill,53.87803238,50.80798618,8.260048532,-7.56248202,0.595358198,0.404641802,1540.585266,1518.261216,2,6
2021-08-18,2021,650,0,,COL,SDP,1487.058701,1521.620123,0.484805572,0.515194428,1488.745236,1519.933587,1465.879057,1542.050993,Chi Chi Gonzalez,Jake Arrieta,46.55548007,40.46238066,-32.65145658,-43.37491218,0.440632218,0.559367782,1467.279767,1540.650283,7,5
2021-08-18,2021,651,0,,MIN,CLE,1485.789229,1492.845545,0.524364609,0.475635391,1487.070403,1491.564371,1496.144793,1498.663399,Lewis Thorpe,Zach Plesac,45.31033586,52.52597402,-25.48592325,9.212322381,0.480988591,0.519011409,1497.217026,1497.591166,8,7
2021-08-18,2021,652,0,,CIN,CHC,1519.39493,1459.401055,0.618575804,0.381424196,1515.10268,1463.693305,1515.080224,1466.957167,Tyler Mahle,Adrian Sampson,54.44597762,45.21995991,10.59877227,-8.695959255,0.628606447,0.371393553,1511.792428,1470.244964,1,7
2021-08-17,2021,653,0,,LAD,PIT,1591.887735,1429.716865,0.744917353,0.255082647,1592.459477,1429.145123,1598.900261,1420.592797,David Price,Wil Crowe,51.53815807,43.97051805,-18.63537194,-12.53270501,0.755736572,0.244263428,1599.300237,1420.192821,4,3
2021-08-17,2021,654,0,,SFG,NYM,1561.61571,1493.229067,0.62990756,0.37009244,1562.581149,1492.263627,1542.151616,1516.694865,Logan Webb,Marcus Stroman,53.03868731,54.18452061,4.651932953,8.526613604,0.565224082,0.434775918,1543.053494,1515.792988,3,2
2021-08-17,2021,655,0,,ARI,PHI,1443.583627,1508.600993,0.441243984,0.558756016,1445.150169,1507.034451,1445.969831,1507.821626,Taylor Widener,Kyle Gibson,46.74218226,53.77333677,-7.335041132,5.841358848,0.43267256,0.56732744,1447.167147,1506.62431,3,2
2021-08-17,2021,656,0,,COL,SDP,1484.489025,1524.189798,0.47742014,0.52257986,1487.058701,1521.620123,1463.937299,1543.992751,German Marquez,Matt Strahm,59.35071195,47.45013672,27.5934352,-10.55666294,0.474254912,0.525745088,1465.879057,1542.050993,7,3
2021-08-17,2021,657,0,,MIN,CLE,1487.644672,1490.990101,0.52968935,0.47031065,1485.789229,1492.845545,1497.601071,1497.207121,Bailey Ober,Eli Morgan,50.72077299,48.20980365,0.158326649,-9.947914912,0.549487219,0.450512781,1496.144793,1498.663399,1,3
2021-08-17,2021,658,0,,KCR,HOU,1451.017572,1565.74235,0.372325371,0.627674629,1453.333176,1563.426746,1453.184793,1568.14827,Daniel Lynch,Framber Valdez,47.2893627,53.60382817,-7.649047684,-0.113277424,0.361927674,0.638072326,1454.959945,1566.373118,3,1
2021-08-17,2021,659,0,,CHW,OAK,1535.371008,1544.201795,0.521816392,0.478183608,1539.334564,1540.238238,1538.46142,1531.390068,Reynaldo Lopez,Chris Bassitt,47.48213551,58.38053496,-35.2803024,22.64013709,0.46143779,0.53856221,1541.910738,1527.94075,9,0
2021-08-17,2021,660,0,,TEX,SEA,1435.91063,1498.133522,0.445213688,0.554786312,1434.450797,1499.593355,1436.3086,1485.63301,Spencer Howard,Tyler Anderson,48.45737023,50.90971394,-3.277510983,10.99107174,0.448498397,0.551501603,1435.20319,1486.73842,1,3
2021-08-17,2021,661,0,,STL,MIL,1504.02625,1547.17755,0.472466944,0.527533056,1502.317677,1548.886123,1501.724991,1544.20412,Adam Wainwright,Corbin Burnes,57.30374619,61.88028323,30.09171765,29.89050441,0.474645358,0.525354642,1500.436025,1545.493086,0,2
2021-08-17,2021,662,0,,TBD,BAL,1562.753442,1427.626044,0.71422861,0.28577139,1564.828308,1425.551178,1560.620529,1418.025864,Drew Rasmussen,John Means,49.37317666,54.154135,-5.642416691,39.95480718,0.667415152,0.332584848,1562.577408,1416.068986,10,0
2021-08-17,2021,663,0,,FLA,ATL,1483.608139,1549.425642,0.440108704,0.559891296,1482.009598,1551.024182,1474.438474,1545.424433,Sandy Alcantara,Huascar Ynoa,53.42978157,50.84952859,15.9337746,-10.37598306,0.470279632,0.529720368,1473.132177,1546.73073,0,2
2021-08-17,2021,664,0,,DET,ANA,1473.963089,1487.945863,0.514411953,0.485588047,1470.628499,1491.280454,1468.680401,1497.603825,Casey Mize,Dylan Bundy,51.08797164,48.70002622,10.46404792,-9.477634283,0.528395116,0.471604884,1466.094713,1500.189512,2,8
2021-08-17,2021,665,0,,CIN,CHC,1521.211548,1457.584438,0.623497999,0.376502001,1519.39493,1459.401055,1516.268704,1465.768688,Vladimir Gutierrez,Kyle Hendricks,49.76304931,51.48353412,-11.45862796,21.38321167,0.559665283,0.440334717,1515.080224,1466.957167,1,2
2021-08-17,2021,666,0,,WSN,TOR,1482.792291,1542.20306,0.449215532,0.550784468,1486.531985,1538.463366,1492.889304,1539.650369,Erick Fedde,Alek Manoah,46.51144221,55.33278743,-15.59106509,15.75958579,0.428534088,0.571465912,1495.82533,1536.714343,12,6
2021-08-17,2021,667,0,,NYY,BOS,1538.909721,1524.43736,0.555140988,0.444859012,1540.442325,1522.904756,1554.158982,1522.545919,Luis Gil,Nathan Eovaldi,51.23091571,55.58593507,-18.017803,16.628606,0.530136866,0.469863134,1555.392537,1521.312364,2,0
2021-08-17,2021,668,0,,NYY,BOS,1537.35726,1525.98982,0.550722756,0.449277244,1538.909721,1524.43736,1553.025641,1523.679259,Jordan Montgomery,Tanner Houck,55.34926319,54.62110845,1.15981145,12.12131891,0.559916399,0.440083601,1554.158982,1522.545919,5,3
2021-08-16,2021,669,0,,LAD,PIT,1591.311468,1430.293132,0.743654645,0.256345355,1591.887735,1429.716865,1598.334408,1421.15865,Justin Bruihl,Steven Brault,47.4,50.45999188,-38.65273739,19.05504378,0.695246511,0.304753489,1598.900261,1420.592797,2,1
2021-08-16,2021,670,0,,SFG,NYM,1560.338773,1494.506003,0.626473844,0.373526156,1561.61571,1493.229067,1541.104885,1517.741596,Kevin Gausman,Rich Hill,56.66465542,52.74522952,21.62899162,1.55332441,0.601729979,0.398270021,1542.151616,1516.694865,7,5
2021-08-16,2021,671,0,,COL,SDP,1483.032823,1525.646,0.473239083,0.526760917,1484.489025,1524.189798,1462.807005,1545.123046,Antonio Senzatela,Ryan Weathers,51.67580169,41.86186479,-7.697655132,-37.51926395,0.458440051,0.541559949,1463.937299,1543.992751,6,5
2021-08-16,2021,672,0,,MIN,CLE,1486.369207,1492.265567,0.526029679,0.473970321,1487.644672,1490.990101,1496.638781,1498.169411,Griffin Jax,Cal Quantrill,49.82165169,51.24743586,-4.376635665,4.06159318,0.523816261,0.476183739,1497.601071,1497.207121,5,4
2021-08-16,2021,673,0,,KCR,HOU,1449.18331,1567.576613,0.367403627,0.632596373,1451.017572,1565.74235,1451.894474,1569.438589,Carlos Hernandez,Jake Odorizzi,49.34776688,50.32891788,1.766807675,-16.34767806,0.39783594,0.60216406,1453.184793,1568.14827,7,6
2021-08-16,2021,674,0,,CHW,OAK,1533.263302,1546.3095,0.515758568,0.484241432,1535.371008,1544.201795,1536.822825,1533.028662,Dallas Keuchel,Frankie Montas,49.72168381,54.57931285,-25.02776537,4.442485374,0.501751687,0.498248313,1538.46142,1531.390068,5,2
2021-08-16,2021,675,0,,TBD,BAL,1561.052139,1429.327346,0.710214072,0.289785928,1562.753442,1427.626044,1559.454902,1419.191491,Collin McHugh,Matt Harvey,51.72831568,45.74001328,5.665880942,0.028219926,0.726588337,0.273411663,1560.620529,1418.025864,9,2
2021-08-16,2021,676,0,,FLA,ATL,1487.601323,1545.432458,0.451466379,0.548533621,1483.608139,1549.425642,1477.537647,1542.32526,Braxton Garrett,Touki Toussaint,46.3212768,46.53740786,-18.10492763,-30.53658054,0.463597559,0.536402441,1474.438474,1545.424433,2,12
2021-08-16,2021,677,0,,CIN,CHC,1518.224532,1460.571453,0.615391545,0.384608455,1521.211548,1457.584438,1513.929153,1468.108239,Wade Miley,Justin Steele,52.30158017,46.77886088,1.52682955,-0.749246012,0.603097886,0.396902114,1516.268704,1465.768688,14,5
2021-08-16,2021,678,0,,NYY,ANA,1536.341843,1488.961281,0.601303553,0.398696447,1537.35726,1487.945863,1552.549433,1498.080032,Gerrit Cole,Jose Suarez,61.68386274,41.1439663,31.71516225,-44.87561642,0.711086677,0.288913323,1553.025641,1497.603825,2,1
2021-08-15,2021,679,0,,NYM,LAD,1497.958898,1587.858574,0.406283913,0.593716087,1494.506003,1591.311468,1520.320157,1595.755848,Carlos Carrasco,Max Scherzer,54.02215236,60.09581816,5.85235132,21.24272788,0.40499821,0.59500179,1517.741596,1598.334408,4,14
2021-08-15,2021,680,0,,SEA,TOR,1500.967111,1539.36947,0.479285203,0.520714797,1498.133522,1542.20306,1487.924289,1537.35909,Logan Gilbert,Steven Matz,52.25976673,48.73553653,16.49241571,-15.07683129,0.508827259,0.491172741,1485.63301,1539.650369,3,8
2021-08-15,2021,681,0,,ARI,SDP,1446.217509,1523.012117,0.424601883,0.575398117,1443.583627,1525.646,1448.152108,1542.940769,Zac Gallen,Craig Stammen,53.40395914,45.88485028,23.13547703,-18.50066484,0.458144335,0.541855665,1445.969831,1545.123046,2,8
2021-08-15,2021,682,0,,ANA,HOU,1486.723983,1569.813911,0.415773292,0.584226708,1488.961281,1567.576613,1496.29352,1571.225101,Reid Detmers,Lance McCullers Jr.,45.03465123,54.51296779,-25.86877625,3.668466736,0.386223228,0.613776772,1498.080032,1569.438589,3,1
2021-08-15,2021,683,0,,SFG,COL,1558.856889,1484.514708,0.6378635,0.3621365,1560.338773,1483.032823,1539.891128,1464.020762,Alex Wood,Jon Gray,49.27871039,54.69500555,-12.73962805,6.190363556,0.614420051,0.385579949,1541.104885,1462.807005,5,2
2021-08-15,2021,684,0,,TEX,OAK,1433.096358,1549.123772,0.370574643,0.629425357,1435.91063,1546.3095,1434.23273,1535.104532,Kolby Allard,Sean Manaea,47.51102144,54.2801335,-7.621768416,1.664310185,0.378489464,0.621510536,1436.3086,1533.028662,7,4
2021-08-15,2021,685,0,,MIN,TBD,1484.738773,1562.682572,0.422986483,0.577013517,1486.369207,1561.052139,1495.442684,1560.650999,Charlie Barnes,Luis Patino,46.6798721,47.78831578,-18.66382189,-13.13136875,0.433137512,0.566862488,1496.638781,1559.454902,5,4
2021-08-15,2021,686,0,,KCR,STL,1451.803004,1501.406556,0.463220082,0.536779918,1449.18331,1504.02625,1453.953412,1499.666052,Kris Bubic,J.A. Happ,46.6205831,46.28932517,-13.09455327,-21.26826585,0.480525774,0.519474226,1451.894474,1501.724991,2,7
2021-08-15,2021,687,0,,CHW,NYY,1535.211424,1534.393721,0.535654925,0.464345075,1533.263302,1536.341843,1538.454145,1550.918113,Lucas Giolito,Nestor Cortes,57.39712477,46.82246063,10.47145605,-37.88481398,0.585348213,0.414651787,1536.822825,1552.549433,3,5
2021-08-15,2021,688,0,,FLA,CHC,1485.708516,1462.464259,0.567573971,0.432426029,1487.601323,1460.571453,1475.902845,1469.743041,Elieser Hernandez,Alec Mills,49.87891125,50.4850609,-1.190086466,16.68661635,0.517669441,0.482330559,1477.537647,1468.108239,4,1
2021-08-15,2021,689,0,,DET,CLE,1478.961744,1487.266912,0.522571328,0.477428672,1473.963089,1492.265567,1471.908383,1494.94143,Drew Hutchison,Triston McKenzie,43.30852886,49.62140563,-27.59771871,-1.615339206,0.464061987,0.535938013,1468.680401,1498.169411,0,11
2021-08-15,2021,690,0,,BOS,BAL,1524.508987,1430.80818,0.663189499,0.336810501,1525.98982,1429.327346,1522.785267,1420.085484,Eduardo Rodriguez,Keegan Akin,54.02513516,42.05203538,10.01307209,-17.56078758,0.708491826,0.291508174,1523.679259,1419.191491,6,2
2021-08-15,2021,691,0,,WSN,ATL,1484.024609,1544.20014,0.448126549,0.551873451,1482.792291,1545.432458,1493.893947,1541.320616,Paolo Espino,Drew Smyly,47.97139767,49.20472733,-9.979821976,-18.23047477,0.478173835,0.521826165,1492.889304,1542.32526,5,6
2021-08-15,2021,692,0,,PIT,MIL,1431.260743,1546.209938,0.372023517,0.627976483,1430.293132,1547.17755,1421.910398,1543.452372,Dillon Peters,Eric Lauer,42.98162622,49.18138392,-16.03185615,-29.64547856,0.381513193,0.618486807,1421.15865,1544.20412,1,2
2021-08-15,2021,693,0,,PHI,CIN,1510.99404,1515.831485,0.527549203,0.472450797,1508.600993,1518.224532,1509.678368,1512.072411,Aaron Nola,Sonny Gray,56.17370384,53.86135016,16.46505796,8.676944546,0.542200829,0.457799171,1507.821626,1513.929153,4,7
2021-08-14,2021,694,0,,SEA,TOR,1497.386316,1542.950265,0.46900677,0.53099323,1500.967111,1539.36947,1485.143108,1540.140271,Yusei Kikuchi,Hyun Jin Ryu,51.15160083,54.55746023,10.97447705,12.17414824,0.453797214,0.546202786,1487.924289,1537.35909,9,3
2021-08-14,2021,695,0,,ANA,HOU,1489.389013,1567.148881,0.423244922,0.576755078,1486.723983,1569.813911,1498.253735,1569.264887,Jaime Barria,Luis Garcia,50.35935639,55.82976858,-1.568441039,9.54741541,0.417120347,0.582879653,1496.29352,1571.225101,2,8
2021-08-14,2021,696,0,,SFG,COL,1562.007248,1481.364348,0.646199013,0.353800987,1558.856889,1484.514708,1542.155204,1461.756686,Sammy Long,Kyle Freeland,47.21028012,51.58597812,-22.87392361,-7.936267899,0.625972736,0.374027264,1539.891128,1464.020762,1,4
2021-08-14,2021,697,0,,ARI,SDP,1441.848524,1527.381102,0.412361882,0.587638118,1446.217509,1523.012117,1444.453981,1546.638896,Tyler Gilbert,Joe Musgrove,47.4,54.80841596,-3.158522892,22.33085864,0.355076779,0.644923221,1448.152108,1542.940769,7,0
2021-08-14,2021,698,0,,NYM,LAD,1499.039625,1586.777846,0.409288684,0.590711316,1497.958898,1587.858574,1521.035049,1595.040956,Taijuan Walker,Walker Buehler,49.71682055,61.0487305,-13.57588932,26.17056298,0.373634479,0.626365521,1520.320157,1595.755848,1,2
2021-08-14,2021,699,0,,MIN,TBD,1478.533612,1568.887733,0.405653044,0.594346956,1484.738773,1562.682572,1491.498072,1564.595611,Kenta Maeda,Michael Wacha,53.82820702,46.81092861,15.9273706,-19.01549034,0.479641043,0.520358957,1495.442684,1560.650999,12,0
2021-08-14,2021,700,0,,KCR,STL,1454.478365,1498.731194,0.470886804,0.529113196,1451.803004,1501.406556,1456.23645,1497.383015,Brad Keller,Jon Lester,48.4091518,42.99272985,-4.375763355,-36.68130057,0.521801682,0.478198318,1453.953412,1499.666052,4,9
2021-08-14,2021,701,0,,CHW,NYY,1537.185007,1532.420138,0.541301651,0.458698349,1535.211424,1534.393721,1539.805846,1549.566413,Dylan Cease,Jameson Taillon,52.82749124,55.18903481,-10.98962319,1.0480289,0.503168575,0.496831425,1538.454145,1550.918113,5,7
2021-08-14,2021,702,0,,TEX,OAK,1435.049382,1547.170748,0.375834339,0.624165661,1433.096358,1549.123772,1435.725667,1533.611595,Jordan Lyles,James Kaprielian,46.15335153,53.12747598,-14.59180445,-4.167043871,0.380994001,0.619005999,1434.23273,1535.104532,3,8
2021-08-14,2021,703,0,,PIT,MIL,1433.561914,1543.908767,0.378233606,0.621766394,1431.260743,1546.209938,1423.918025,1541.444745,Mitch Keller,Aaron Ashby,44.58132522,45.23653407,-8.71669101,-47.98442788,0.422543721,0.577456279,1421.910398,1543.452372,0,6
2021-08-14,2021,704,0,,FLA,CHC,1484.498527,1463.674249,0.564151786,0.435848214,1485.708516,1462.464259,1474.935221,1470.710665,Zach Thompson,Zach Davies,50.15198809,46.75654362,0.674752016,-0.462383562,0.542154564,0.457845436,1475.902845,1469.743041,5,4
2021-08-14,2021,705,0,,DET,CLE,1477.306473,1488.922183,0.517814881,0.482185119,1478.961744,1487.266912,1470.712111,1496.137701,Wily Peralta,Sam Hentges,47.94747392,43.82741037,-5.981350547,-29.43154173,0.53165356,0.46834644,1471.908383,1494.94143,6,4
2021-08-14,2021,706,0,,WSN,ATL,1488.098647,1540.126102,0.459752517,0.540247483,1484.024609,1544.20014,1496.853349,1538.361214,Patrick Corbin,Max Fried,47.02246507,53.6282159,-15.14070995,3.237097066,0.448539235,0.551460765,1493.893947,1541.320616,2,12
2021-08-14,2021,707,0,,BOS,BAL,1521.135677,1434.18149,0.654460358,0.345539642,1524.508987,1430.80818,1520.862637,1422.008113,Chris Sale,Jorge Lopez,59.40643305,46.20401616,35.36542496,0.731549611,0.712299017,0.287700983,1522.785267,1420.085484,16,2
2021-08-14,2021,708,0,,PHI,CIN,1508.17521,1518.650315,0.519454063,0.480545937,1510.99404,1515.831485,1507.203568,1514.547211,Matt Moore,Luis Castillo,43.25417656,53.044334,-42.93707381,5.180606669,0.454846864,0.545153136,1509.678368,1512.072411,6,1
2021-08-14,2021,709,0,,PIT,MIL,1427.383781,1550.086901,0.361656694,0.638343306,1433.561914,1543.908767,1419.64409,1545.71868,Bryse Wilson,Brett Anderson,48.34164975,51.23890094,8.196240698,-21.1471001,0.400016537,0.599983463,1423.918025,1541.444745,14,4
2021-08-13,2021,710,0,,SEA,TOR,1495.833253,1544.503329,0.464556454,0.535443546,1497.386316,1542.950265,1483.856467,1541.426913,Chris Flexen,Robbie Ray,47.51715584,56.13321331,-5.633074191,20.04175152,0.419865887,0.580134113,1485.143108,1540.140271,3,2
2021-08-13,2021,711,0,,SFG,COL,1561.092855,1482.278742,0.643788503,0.356211497,1562.007248,1481.364348,1541.487635,1462.424255,Anthony DeSclafani,Austin Gomber,54.09333238,54.50176455,9.36771717,4.586408109,0.650401367,0.349598633,1542.155204,1461.756686,5,4
2021-08-13,2021,712,0,,ARI,SDP,1440.163623,1529.066004,0.407669458,0.592330542,1441.848524,1527.381102,1443.179925,1547.912951,Madison Bumgarner,Blake Snell,51.38269782,50.70186448,16.01216006,2.953133713,0.403822539,0.596177461,1444.453981,1546.638896,3,2
2021-08-13,2021,713,0,,ANA,HOU,1491.229671,1565.308223,0.42842615,0.57157385,1489.389013,1567.148881,1499.710262,1567.80836,Patrick Sandoval,Zack Greinke,51.03840108,52.61567276,1.289623172,-4.195797295,0.446263324,0.553736676,1498.253735,1569.264887,1,4
2021-08-13,2021,714,0,,MIN,TBD,1481.039096,1566.38225,0.412626137,0.587373863,1478.533612,1568.887733,1493.592383,1562.5013,Michael Pineda,Shane McClanahan,53.53310162,53.12664416,13.63599121,10.62234593,0.447845367,0.552154633,1491.498072,1564.595611,4,10
2021-08-13,2021,715,0,,KCR,STL,1457.538335,1495.671225,0.479672347,0.520327653,1454.478365,1498.731194,1458.400334,1495.219131,Mike Minor,Jack Flaherty,51.14023527,56.95166934,8.539115817,30.03973411,0.458118353,0.541881647,1456.23645,1497.383015,0,6
2021-08-13,2021,716,0,,TEX,OAK,1432.784731,1549.435399,0.369738195,0.630261805,1435.049382,1547.170748,1434.197258,1535.140004,Dane Dunning,Cole Irvin,52.91969439,53.44810802,17.66347992,-3.440291757,0.419571893,0.580428107,1435.725667,1533.611595,8,6
2021-08-13,2021,717,0,,NYM,LAD,1500.131203,1585.686269,0.412330515,0.587669485,1499.039625,1586.777846,1521.89465,1594.181354,Tylor Megill,Julio Urias,50.49042183,54.08972746,-9.859451522,-6.124457473,0.427652745,0.572347255,1521.035049,1595.040956,5,6
2021-08-13,2021,718,0,,FLA,CHC,1482.231988,1465.940788,0.557725157,0.442274843,1484.498527,1463.674249,1472.915772,1472.730113,Jesus Luzardo,Adbert Alzolay,46.45683238,49.77606736,-17.70523671,12.28877892,0.493818447,0.506181553,1474.935221,1470.710665,14,10
2021-08-13,2021,719,0,,DET,CLE,1479.581209,1486.647447,0.524350365,0.475649635,1477.306473,1488.922183,1472.226871,1494.622941,Tyler Alexander,Zach Plesac,47.39602347,51.58753381,-8.76410604,8.003204267,0.476922352,0.523077648,1470.712111,1496.137701,4,7
2021-08-13,2021,720,0,,BOS,BAL,1518.92694,1436.390227,0.648687425,0.351312575,1521.135677,1434.18149,1519.27902,1423.591731,Nick Pivetta,Spenser Watkins,52.21419473,48.2257728,2.271571436,9.368666748,0.65943834,0.34056166,1520.862637,1422.008113,8,1
2021-08-13,2021,721,0,,WSN,ATL,1489.792503,1538.432246,0.464599887,0.535400113,1488.098647,1540.126102,1498.022433,1537.19213,Josiah Gray,Charlie Morton,48.32432,57.40357974,-8.970067589,21.38559049,0.435815163,0.564184837,1496.853349,1538.361214,2,4
2021-08-13,2021,722,0,,PHI,CIN,1511.3511,1515.474425,0.528573669,0.471426331,1508.17521,1518.650315,1509.959168,1511.79161,Zack Wheeler,Tyler Mahle,62.59905247,53.04524716,47.98850478,6.567257728,0.594264408,0.405735592,1507.203568,1514.547211,1,6
2021-08-12,2021,723,0,,SFG,COL,1558.713876,1484.657721,0.637483083,0.362516917,1561.092855,1482.278742,1539.438064,1464.473826,Logan Webb,German Marquez,52.22660778,60.99206317,1.371178103,33.88680955,0.599545137,0.400454863,1541.487635,1462.424255,7,0
2021-08-12,2021,724,0,,ARI,SDP,1434.83296,1534.396667,0.392937863,0.607062137,1440.163623,1529.066004,1438.461011,1552.631866,Matt Peacock,Yu Darvish,44.84891849,56.45112611,-14.81218153,28.96075774,0.315489579,0.684510421,1443.179925,1547.912951,12,3
2021-08-12,2021,725,0,,ANA,TOR,1488.70627,1547.02673,0.450768916,0.549231084,1491.229671,1544.503329,1497.843842,1543.293332,Shohei Ohtani,Jose Berrios,54.85716354,58.17214883,19.93372833,28.50562216,0.456902962,0.543097038,1499.710262,1541.426913,6,3
2021-08-12,2021,726,1,,CHW,NYY,1535.830541,1533.774604,0.502958696,0.497041304,1537.185007,1532.420138,1538.925603,1550.446656,Lance Lynn,Andrew Heaney,60.55559278,49.84563678,24.87233624,-25.37224669,0.555640047,0.444359953,1539.805846,1549.566413,9,8
2021-08-12,2021,727,0,,ATL,CIN,1543.518088,1510.388583,0.581482912,0.418517088,1538.432246,1515.474425,1541.110155,1507.873586,Kyle Muller,Vladimir Gutierrez,52.18765322,48.63777675,-4.662349968,-13.54285236,0.594017918,0.405982082,1537.19213,1511.79161,3,12
2021-08-12,2021,728,0,,SEA,TEX,1494.529107,1434.088877,0.619181848,0.380818152,1495.833253,1432.784731,1482.929549,1435.124176,Marco Gonzales,Mike Foltynewicz,51.78011993,47.52305611,15.72050416,-7.530351465,0.633482855,0.366517145,1483.856467,1434.197258,3,1
2021-08-12,2021,729,0,,BOS,TBD,1522.257119,1563.052071,0.475848931,0.524151069,1518.92694,1566.38225,1522.072365,1559.707955,Tanner Houck,Drew Rasmussen,54.9369374,48.04670316,15.04074186,-12.63156134,0.520189471,0.479810529,1519.27902,1562.5013,1,8
2021-08-12,2021,730,0,,BAL,DET,1438.080892,1477.890544,0.477263771,0.522736229,1436.390227,1479.581209,1425.144893,1470.673709,John Means,Matt Manning,55.84660528,44.95788784,44.03601752,-20.45505875,0.561514451,0.438485549,1423.591731,1472.226871,4,6
2021-08-12,2021,731,0,,NYM,WSN,1498.890679,1491.033027,0.545718787,0.454281213,1500.131203,1489.792503,1520.966847,1498.950236,Trevor Williams,Erick Fedde,45.92155277,46.5030147,-31.17346644,-17.69927336,0.546695829,0.453304171,1521.89465,1498.022433,5,4
2021-08-12,2021,732,0,,CHC,MIL,1470.298394,1545.729295,0.426520916,0.573479084,1465.940788,1550.086901,1476.135342,1542.313452,Kyle Hendricks,Brandon Woodruff,53.78139075,61.97285115,29.24627639,28.95725958,0.44000716,0.55999284,1472.730113,1545.71868,4,17
2021-08-12,2021,733,0,,CLE,OAK,1492.352137,1543.730709,0.460680421,0.539319579,1486.647447,1549.435399,1498.845147,1530.917798,Eli Morgan,Chris Bassitt,48.89949147,57.74548013,-5.070281477,17.52960478,0.45597299,0.54402701,1494.622941,1535.140004,0,17
2021-08-12,2021,734,0,,PHI,LAD,1509.690472,1587.346897,0.423390288,0.576609712,1511.3511,1585.686269,1508.728076,1595.412447,Ranger Suarez,Mitch White,47.29321134,47.74017632,-23.46419403,-36.29116547,0.428737921,0.571262079,1509.959168,1594.181354,2,1
2021-08-12,2021,735,0,,PIT,STL,1428.59931,1494.455696,0.440053551,0.559946449,1427.383781,1495.671225,1420.636118,1494.227102,JT Brubaker,Wade LeBlanc,48.2485356,46.20968936,7.230530942,-21.31158775,0.469745254,0.530254746,1419.64409,1495.219131,6,7
2021-08-12,2021,736,0,,NYM,WSN,1496.869209,1493.054497,0.53994329,0.46005671,1498.890679,1491.033027,1519.664254,1500.252829,Marcus Stroman,Sean Nolin,53.53029303,47.4,5.255138085,-14.54310282,0.589975498,0.410024502,1520.966847,1498.950236,4,1
2021-08-11,2021,737,0,,SEA,TEX,1493.523005,1435.094979,0.616446841,0.383553159,1494.529107,1434.088877,1482.192821,1435.860904,Tyler Anderson,Spencer Howard,50.79996783,47.86055283,11.33025317,-5.579152101,0.622976534,0.377023466,1482.929549,1435.124176,2,1
2021-08-11,2021,738,0,,SFG,ARI,1557.214914,1436.331921,0.697202904,0.302797096,1558.713876,1434.83296,1538.109929,1439.789146,Kevin Gausman,Merrill Kelly,57.08844865,54.6295789,24.06410557,30.08647146,0.661383913,0.338616087,1539.438064,1438.461011,7,2
2021-08-11,2021,739,0,,ANA,TOR,1492.253195,1543.479805,0.460897769,0.539102231,1488.70627,1547.02673,1500.406516,1540.730658,Dylan Bundy,Alek Manoah,48.87323534,54.45596092,-8.437930083,11.65057488,0.447789009,0.552210991,1497.843842,1543.293332,2,10
2021-08-11,2021,740,0,,CHC,MIL,1474.105961,1541.921728,0.437276214,0.562723786,1470.298394,1545.729295,1478.438759,1540.010035,Jake Arrieta,Corbin Burnes,41.7246445,60.48763291,-28.89591819,23.5210355,0.37331677,0.62668323,1476.135342,1542.313452,0,10
2021-08-11,2021,741,0,,ATL,CIN,1542.05237,1511.854302,0.577370718,0.422629282,1543.518088,1510.388583,1539.822667,1509.161074,Touki Toussaint,Wade Miley,46.2671349,52.95879335,-32.61165738,6.210247742,0.522779364,0.477220636,1541.110155,1507.873586,8,6
2021-08-11,2021,742,0,,CLE,OAK,1494.348494,1541.734352,0.466395778,0.533604222,1492.352137,1543.730709,1500.469906,1529.293039,Cal Quantrill,Frankie Montas,50.64181861,54.05212299,3.725188207,0.673115831,0.497451261,0.502548739,1498.845147,1530.917798,3,6
2021-08-11,2021,743,0,,BOS,TBD,1516.744148,1568.565041,0.460047871,0.539952129,1522.257119,1563.052071,1518.398681,1563.381639,Nathan Eovaldi,Josh Fleming,54.54171665,48.46285615,14.30784815,-12.8689616,0.508912726,0.491087274,1522.072365,1559.707955,20,8
2021-08-11,2021,744,0,,PIT,STL,1430.886813,1492.168192,0.44655276,0.55344724,1428.59931,1494.455696,1422.002681,1492.860539,Wil Crowe,Adam Wainwright,43.44248913,55.72912864,-15.01165685,25.16153272,0.377307813,0.622692187,1420.636118,1494.227102,0,4
2021-08-11,2021,745,0,,BAL,DET,1440.187783,1475.783653,0.483318396,0.516681604,1438.080892,1477.890544,1426.640819,1469.177783,Matt Harvey,Tarik Skubal,46.04679758,50.1456029,-2.334803918,4.890018122,0.462993606,0.537006394,1425.144893,1470.673709,2,5
2021-08-11,2021,746,0,,PHI,LAD,1512.416129,1584.62124,0.431069017,0.568930983,1509.690472,1587.346897,1510.942067,1593.198456,Kyle Gibson,David Price,54.78996729,51.64116432,10.92416794,-18.23570482,0.458224366,0.541775634,1508.728076,1595.412447,2,8
2021-08-11,2021,747,0,,SDP,FLA,1539.228144,1477.400511,0.621063237,0.378936763,1534.396667,1482.231988,1556.037752,1469.509886,Ryan Weathers,Sandy Alcantara,43.20175435,52.43909614,-34.60193097,11.45721944,0.591727591,0.408272409,1552.631866,1472.915772,0,7
2021-08-11,2021,748,0,,KCR,NYY,1459.312318,1532.000621,0.430386994,0.569613006,1457.538335,1533.774604,1459.84913,1548.99786,Brady Singer,Lucas Luetge,49.51024807,47.4,-0.268915512,-37.14870082,0.459407257,0.540592743,1458.400334,1550.446656,2,5
2021-08-11,2021,749,0,,HOU,COL,1563.63351,1486.332434,0.641788649,0.358211351,1565.308223,1484.657721,1566.761579,1465.520607,Framber Valdez,Antonio Senzatela,53.17772311,51.71551561,-1.165274612,-9.848782914,0.683722314,0.316277686,1567.80836,1464.473826,5,1
2021-08-11,2021,750,0,,MIN,CHW,1479.507865,1537.361772,0.451433916,0.548566084,1481.039096,1535.830541,1492.609564,1539.908422,Bailey Ober,Reynaldo Lopez,49.36243346,46.79479957,-5.252571402,-39.5528243,0.515826991,0.484173009,1493.592383,1538.925603,1,0
2021-08-10,2021,751,0,,SEA,TEX,1495.395941,1433.222043,0.621532225,0.378467775,1493.523005,1435.094979,1483.644859,1434.408866,Logan Gilbert,Kolby Allard,52.27723398,47.41654587,18.44554512,-7.653714926,0.63728179,0.36271821,1482.192821,1435.860904,4,5
2021-08-10,2021,752,0,,SDP,FLA,1538.186405,1478.442249,0.618236583,0.381763417,1539.228144,1477.400511,1555.339793,1470.207846,Craig Stammen,Braxton Garrett,47.52132848,47.66231592,-15.37667303,-11.86868045,0.647489087,0.352510913,1556.037752,1469.509886,6,5
2021-08-10,2021,753,0,,ANA,TOR,1494.659842,1541.073158,0.467789316,0.532210684,1492.253195,1543.479805,1502.046982,1539.090192,Jose Suarez,Ross Stripling,40.76191328,48.98776771,-46.66870093,-14.00051982,0.434592988,0.565407012,1500.406516,1540.730658,0,4
2021-08-10,2021,754,0,,SFG,ARI,1556.489214,1437.057622,0.695436184,0.304563816,1557.214914,1436.331921,1537.345581,1440.553494,Alex Wood,Zac Gallen,49.55326588,53.79780917,-11.7266016,26.06761079,0.615305749,0.384694251,1538.109929,1439.789146,8,7
2021-08-10,2021,755,0,,MIN,CHW,1477.961393,1538.908244,0.447028734,0.552971266,1479.507865,1537.361772,1491.562436,1540.95555,Griffin Jax,Dallas Keuchel,49.10113769,49.97025498,-6.135648097,-25.11297045,0.490767983,0.509232017,1492.609564,1539.908422,4,3
2021-08-10,2021,756,0,,KCR,NYY,1456.281869,1535.03107,0.42185532,0.57814468,1459.312318,1532.000621,1457.662991,1551.183998,Daniel Lynch,Nestor Cortes,47.44172254,47.47015804,-10.17870346,-37.55985795,0.439651513,0.560348487,1459.84913,1548.99786,8,4
2021-08-10,2021,757,0,,HOU,COL,1561.694513,1488.271431,0.63664048,0.36335952,1563.63351,1486.332434,1565.352704,1466.929482,Jake Odorizzi,Jon Gray,49.75113389,54.92003994,-16.89608788,5.051463767,0.644622682,0.355377318,1566.761579,1465.520607,5,0
2021-08-10,2021,758,0,,CHC,MIL,1476.0274,1540.000289,0.44272687,0.55727313,1474.105961,1541.921728,1480.293597,1538.155197,Alec Mills,Aaron Ashby,50.13893769,44.67933566,11.08749052,-50.97343602,0.540493214,0.459506786,1478.438759,1540.010035,3,6
2021-08-10,2021,759,0,,ATL,CIN,1540.935383,1512.971288,0.574229671,0.425770329,1542.05237,1511.854302,1538.888464,1510.095277,Drew Smyly,Sonny Gray,48.46705238,53.70246463,-21.79659673,9.95439915,0.537189551,0.462810449,1539.822667,1509.161074,3,2
2021-08-10,2021,760,0,,NYM,WSN,1495.59542,1494.328286,0.536298358,0.463701642,1496.869209,1493.054497,1518.863558,1501.053525,Carlos Carrasco,Paolo Espino,55.50379725,48.48032238,13.27056737,-9.875293559,0.594390588,0.405609412,1519.664254,1500.252829,8,7
2021-08-10,2021,761,0,,CLE,OAK,1495.610386,1540.47246,0.470013092,0.529986908,1494.348494,1541.734352,1501.453795,1528.309151,Triston McKenzie,Sean Manaea,49.02893641,55.45642472,-3.331754633,6.229919409,0.484589597,0.515410403,1500.469906,1529.293039,3,4
2021-08-10,2021,762,0,,BOS,TBD,1519.059498,1566.249692,0.466676101,0.533323899,1516.744148,1568.565041,1520.355965,1561.424355,Eduardo Rodriguez,Luis Patino,53.65574115,47.90482334,10.59696327,-15.71457175,0.513102036,0.486897964,1518.398681,1563.381639,4,8
2021-08-10,2021,763,0,,PIT,STL,1432.885567,1490.169438,0.452246653,0.547753347,1430.886813,1492.168192,1423.693619,1491.169601,Steven Brault,J.A. Happ,50.45689802,45.41715251,18.14037696,-22.71203314,0.497060844,0.502939156,1422.002681,1492.860539,1,4
2021-08-10,2021,764,0,,PHI,LAD,1514.918366,1582.119002,0.438147721,0.561852279,1512.416129,1584.62124,1512.702916,1591.437606,Aaron Nola,Max Scherzer,55.17226236,59.90560532,13.80031286,20.99592723,0.417600687,0.582399313,1510.942067,1593.198456,0,5
2021-08-10,2021,765,0,,BAL,DET,1443.054333,1472.917103,0.491563597,0.508436403,1440.187783,1475.783653,1428.490956,1467.327646,Keegan Akin,Casey Mize,42.74016776,51.8846134,-18.57923198,12.43891334,0.437353355,0.562646645,1426.640819,1469.177783,4,9
2021-08-10,2021,766,0,,TOR,ANA,1543.870408,1491.862592,0.60767179,0.39232821,1541.073158,1494.659842,1541.127925,1500.009249,Steven Matz,Chris Rodriguez,48.91531985,48.20929328,-14.65658698,-11.56689484,0.593918539,0.406081461,1539.090192,1502.046982,3,6
2021-08-10,2021,767,0,,CHC,MIL,1477.626056,1538.401633,0.447272461,0.552727539,1476.0274,1540.000289,1481.452078,1536.996716,Justin Steele,Freddy Peralta,47.4,58.17621449,-2.157413228,12.55212916,0.435682906,0.564317094,1480.293597,1538.155197,2,4
2021-08-09,2021,768,0,,SDP,FLA,1536.01479,1480.613865,0.612318505,0.387681495,1538.186405,1478.442249,1554.031626,1471.516012,Joe Musgrove,Zach Thompson,54.48341387,51.67545831,17.82891948,6.195809672,0.66750366,0.33249634,1555.339793,1470.207846,8,3
2021-08-09,2021,769,0,,KCR,NYY,1457.697279,1533.61566,0.425834668,0.574165332,1456.281869,1535.03107,1458.636007,1550.210982,Carlos Hernandez,Jameson Taillon,47.85679669,54.81486177,-7.46156342,-2.715179541,0.399176548,0.600823452,1457.662991,1551.183998,6,8
2021-08-09,2021,770,0,,MIN,CHW,1481.939779,1534.929858,0.458376476,0.541623524,1477.961393,1538.908244,1494.395208,1538.122777,Beau Burrows,Lucas Giolito,47.4,56.08632051,-15.98561172,4.913831844,0.440424321,0.559575679,1491.562436,1540.95555,1,11
2021-08-09,2021,771,0,,CLE,CIN,1492.36308,1516.218594,0.500207932,0.499792068,1495.610386,1512.971288,1498.731074,1512.817997,Sam Hentges,Luis Castillo,43.55415312,55.20231229,-29.20113031,15.12644805,0.453315293,0.546684707,1501.453795,1510.095277,9,3
2021-08-08,2021,772,0,,CHC,CHW,1480.603737,1531.952176,0.460723519,0.539276481,1477.626056,1534.929858,1483.788522,1535.786333,Zach Davies,Dylan Cease,48.57321037,52.82011817,1.66566543,-10.53574594,0.477282805,0.522717195,1481.452078,1538.122777,3,9
2021-08-08,2021,773,0,,SDP,ARI,1534.908092,1438.164319,0.667090943,0.332909057,1536.01479,1437.057622,1553.184724,1441.400396,Blake Snell,Madison Bumgarner,49.34875353,51.03516923,-5.082888698,13.5453333,0.662488756,0.337511244,1554.031626,1440.553494,2,0
2021-08-08,2021,774,0,,LAD,ANA,1580.059711,1493.921883,0.65339687,0.34660313,1582.119002,1491.862592,1590.317267,1501.129589,Walker Buehler,Reid Detmers,61.02827259,45.61692302,26.55726651,-24.32266294,0.719997471,0.280002529,1591.437606,1500.009249,8,2
2021-08-08,2021,775,0,,OAK,TEX,1539.239964,1434.45454,0.677290664,0.322709336,1540.47246,1433.222043,1527.334908,1435.383109,James Kaprielian,Jordan Lyles,52.87284559,47.28364571,-5.803389598,-9.435173974,0.665606106,0.334393894,1528.309151,1434.408866,6,3
2021-08-08,2021,776,0,,COL,FLA,1485.745939,1483.139357,0.538215274,0.461784726,1488.271431,1480.613865,1465.170333,1473.275162,Kyle Freeland,David Hess,51.52692738,42.31664532,-10.95015916,-39.58138375,0.563730109,0.436269891,1466.929482,1471.516012,13,8
2021-08-08,2021,777,0,,STL,KCR,1491.860662,1456.006056,0.585295544,0.414704456,1490.169438,1457.697279,1492.358729,1457.44688,Jon Lester,Kris Bubic,43.20305737,46.56334983,-33.65251331,-13.62319636,0.555724017,0.444275983,1491.169601,1458.636007,5,6
2021-08-08,2021,778,0,,MIL,SFG,1539.881012,1555.009835,0.512763876,0.487236124,1538.401633,1556.489214,1538.135308,1536.206988,Brett Anderson,Johnny Cueto,50.86049312,49.540727,-21.69298778,-12.12991198,0.523534078,0.476465922,1536.996716,1537.345581,4,5
2021-08-08,2021,779,0,,HOU,MIN,1564.268244,1479.366048,0.651784271,0.348215729,1561.694513,1481.939779,1567.204484,1492.543428,Lance McCullers Jr.,Kenta Maeda,55.80613577,54.00558432,10.45135664,15.04434335,0.632161133,0.367838867,1565.352704,1494.395208,5,7
2021-08-08,2021,780,0,,ATL,WSN,1539.899258,1495.364411,0.597369912,0.402630088,1540.935383,1494.328286,1538.144988,1501.797,Max Fried,Patrick Corbin,53.21232264,47.10904756,0.906174906,-16.56734623,0.610158049,0.389841951,1538.888464,1501.053525,5,4
2021-08-08,2021,781,0,,CLE,DET,1490.848637,1474.431545,0.557903909,0.442096091,1492.36308,1472.917103,1497.728914,1468.329806,Zach Plesac,Wily Peralta,52.10180411,48.34009118,10.59536893,-4.63575892,0.597501974,0.402498026,1498.731074,1467.327646,7,5
2021-08-08,2021,782,0,,CIN,PIT,1515.355991,1433.748171,0.647467888,0.352532112,1516.218594,1432.885567,1512.183502,1424.328114,Tyler Mahle,Bryse Wilson,52.40104519,47.56836665,2.591962126,5.23447749,0.652190058,0.347809942,1512.817997,1423.693619,3,2
2021-08-08,2021,783,0,,TOR,BOS,1542.734515,1520.195391,0.566577465,0.433422535,1543.870408,1519.059498,1540.411592,1521.072299,Hyun Jin Ryu,Garrett Richards,56.19030158,46.66564984,18.18278414,-22.49918161,0.618612995,0.381387005,1541.127925,1520.355965,9,8
2021-08-08,2021,784,0,,PHI,NYM,1512.998516,1497.515269,0.556577612,0.443422388,1514.918366,1495.59542,1511.455232,1520.111242,Zack Wheeler,Taijuan Walker,60.97402524,49.9282626,43.02638788,-13.26585961,0.601656344,0.398343656,1512.702916,1518.863558,3,0
2021-08-08,2021,785,0,,NYY,SEA,1535.823926,1493.187674,0.594738458,0.405261542,1533.61566,1495.395941,1551.813535,1482.042307,Luis Gil,Yusei Kikuchi,49.43114534,50.5186312,-27.27633971,10.8839429,0.579354066,0.420645934,1550.210982,1483.644859,0,2
2021-08-08,2021,786,0,,BAL,TBD,1444.500452,1564.803572,0.364852216,0.635147784,1443.054333,1566.249692,1429.586748,1560.328563,Jorge Lopez,Michael Wacha,45.54291659,47.8129722,-4.833210967,-17.26080111,0.367509433,0.632490567,1428.490956,1561.424355,6,9
2021-08-07,2021,787,0,,LAD,ANA,1578.866252,1495.115342,0.650278611,0.349721389,1580.059711,1493.921883,1589.428895,1502.01796,Julio Urias,Jaime Barria,54.5211453,50.31840325,-4.476529816,-2.20930296,0.652099738,0.347900262,1590.317267,1501.129589,5,3
2021-08-07,2021,788,0,,SDP,ARI,1533.333534,1439.738877,0.663052996,0.336947004,1534.908092,1438.164319,1552.314336,1442.270784,Yu Darvish,Taylor Widener,55.86528126,46.5395776,26.35907654,-7.545129655,0.724478219,0.275521781,1553.184724,1441.400396,6,2
2021-08-07,2021,789,0,,COL,FLA,1483.869033,1485.016263,0.532840433,0.467159567,1485.745939,1483.139357,1463.795838,1474.649656,Austin Gomber,Jesus Luzardo,53.24019589,47.2074876,-1.729214771,-17.43915165,0.541432069,0.458567931,1465.170333,1473.275162,7,4
2021-08-07,2021,790,0,,ATL,WSN,1541.631396,1493.632273,0.602156883,0.397843117,1539.899258,1495.364411,1539.535849,1500.406139,Charlie Morton,Josiah Gray,56.59803347,47.36123439,17.75376697,-14.98877561,0.634572826,0.365427174,1538.144988,1501.797,2,3
2021-08-07,2021,791,0,,STL,KCR,1490.075784,1457.790934,0.580299171,0.419700829,1491.860662,1456.006056,1491.070035,1458.735574,Kwang Hyun Kim,Brad Keller,51.8900783,49.37825123,7.014651666,-1.317286109,0.592002477,0.407997523,1492.358729,1457.44688,5,2
2021-08-07,2021,792,0,,MIL,SFG,1542.265909,1552.624938,0.519620854,0.480379146,1539.881012,1555.009835,1540.350748,1533.991548,Brandon Woodruff,Aaron Sanchez,61.86477067,47.61033911,30.4330428,-21.69899012,0.616532865,0.383467135,1538.135308,1536.206988,6,9
2021-08-07,2021,793,0,,HOU,MIN,1562.631644,1481.002648,0.647495712,0.352504288,1564.268244,1479.366048,1565.871007,1493.876905,Luis Garcia,Michael Pineda,54.65365483,53.40488991,6.20226577,12.46626126,0.626335542,0.373664458,1567.204484,1492.543428,4,0
2021-08-07,2021,794,0,,CLE,DET,1492.427801,1472.852381,0.562383312,0.437616688,1490.848637,1474.431545,1498.976796,1467.081924,Eli Morgan,Tyler Alexander,47.76529803,46.16425909,-9.238913639,-14.01817171,0.586440148,0.413559852,1497.728914,1468.329806,1,2
2021-08-07,2021,795,0,,CIN,PIT,1512.835438,1436.268723,0.640816224,0.359183776,1515.355991,1433.748171,1510.245129,1426.266488,Vladimir Gutierrez,Mitch Keller,47.53553462,44.92477986,-19.80047232,-7.589118998,0.634432701,0.365567299,1512.183502,1424.328114,11,3
2021-08-07,2021,796,0,,TOR,BOS,1544.344229,1518.585677,0.57112271,0.42887729,1542.734515,1520.195391,1541.649846,1519.834044,Jose Berrios,Tanner Houck,57.8066194,54.35534529,26.38694501,14.11152016,0.582829574,0.417170426,1540.411592,1521.072299,1,2
2021-08-07,2021,797,0,,BAL,TBD,1447.341944,1561.962081,0.372466152,0.627533848,1444.500452,1564.803572,1431.646164,1558.269147,Spenser Watkins,Shane McClanahan,48.91703651,52.51884947,10.74270699,5.396414148,0.363554484,0.636445516,1429.586748,1560.328563,3,12
2021-08-07,2021,798,0,,OAK,TEX,1536.848915,1436.845588,0.671244807,0.328755193,1539.239964,1434.45454,1525.487058,1437.230958,Cole Irvin,Drew Anderson,53.36926494,47.4,-3.430410252,-9.879114549,0.664479236,0.335520764,1527.334908,1435.383109,12,3
2021-08-07,2021,799,0,,PHI,NYM,1511.402761,1499.111024,0.552038879,0.447961121,1512.998516,1497.515269,1510.051985,1521.514489,Ranger Suarez,Tylor Megill,46.31909198,51.20963456,-25.55797489,-7.72631045,0.492381669,0.507618331,1511.455232,1520.111242,5,3
2021-08-07,2021,800,0,,TOR,BOS,1543.213011,1519.716894,0.567929771,0.432070229,1544.344229,1518.585677,1540.850635,1520.633255,Robbie Ray,Nick Pivetta,55.22876963,50.74637673,15.2739678,-1.485740584,0.586863047,0.413136953,1541.649846,1519.834044,1,0
2021-08-07,2021,801,0,,CHC,CHW,1483.00867,1529.547243,0.467609809,0.532390191,1480.603737,1531.952176,1485.543788,1534.031067,Adbert Alzolay,Carlos Rodon,48.90302911,56.80902844,4.077241856,8.975406991,0.457811496,0.542188504,1483.788522,1535.786333,0,4
2021-08-07,2021,802,0,,NYY,SEA,1534.775549,1494.236051,0.591826024,0.408173976,1535.823926,1493.187674,1551.040025,1482.815816,Andrew Heaney,Chris Flexen,49.60120671,47.75359603,-26.5124111,-2.357551662,0.596725245,0.403274755,1551.813535,1482.042307,5,4
2021-08-06,2021,803,0,,SDP,ARI,1536.719008,1436.353404,0.671704847,0.328295153,1533.333534,1439.738877,1554.853354,1439.731766,Ryan Weathers,Caleb Smith,44.81250563,46.30914215,-26.91802348,-10.15002731,0.671689196,0.328310804,1552.314336,1442.270784,5,8
2021-08-06,2021,804,0,,LAD,ANA,1580.97608,1493.005515,0.655782258,0.344217742,1578.866252,1495.115342,1590.962202,1500.484654,David Price,Patrick Sandoval,51.6571456,51.06281335,-18.1336877,1.279269685,0.64096717,0.35903283,1589.428895,1502.01796,3,4
2021-08-06,2021,805,0,,OAK,TEX,1535.5634,1438.131103,0.667970567,0.332029433,1536.848915,1436.845588,1524.642652,1438.075364,Chris Bassitt,Mike Foltynewicz,57.20046011,46.73374905,15.24093522,-12.39247009,0.696147119,0.303852881,1525.487058,1437.230958,4,1
2021-08-06,2021,806,0,,COL,FLA,1479.16889,1489.716405,0.519350013,0.480649987,1483.869033,1485.016263,1460.415601,1478.029893,German Marquez,Sandy Alcantara,59.95273698,54.99142829,31.10777271,16.91533067,0.534907866,0.465092134,1463.795838,1474.649656,14,2
2021-08-06,2021,807,0,,STL,KCR,1488.592484,1459.274234,0.576134394,0.423865606,1490.075784,1457.790934,1490.045458,1459.760151,Adam Wainwright,Mike Minor,55.63739057,51.89459332,24.96288195,9.89941937,0.601226606,0.398773394,1491.070035,1458.735574,4,2
2021-08-06,2021,808,0,,MIL,SFG,1540.888709,1554.002138,0.515661909,0.484338091,1542.265909,1552.624938,1539.506556,1534.83574,Corbin Burnes,Logan Webb,60.00485323,51.46096993,22.36893304,-2.91042998,0.585174205,0.414825795,1540.350748,1533.991548,2,1
2021-08-06,2021,809,0,,HOU,MIN,1564.586537,1479.047755,0.652615504,0.347384496,1562.631644,1481.002648,1567.301228,1492.446684,Zack Greinke,Bailey Ober,52.7453181,49.81465823,-2.917963091,-4.709982222,0.640922015,0.359077985,1565.871007,1493.876905,4,5
2021-08-06,2021,810,0,,ATL,WSN,1539.667388,1495.596281,0.596727678,0.403272322,1541.631396,1493.632273,1538.102182,1501.839807,Kyle Muller,Erick Fedde,51.86546802,46.88336069,-4.351089096,-17.77000729,0.604642599,0.395357401,1539.535849,1500.406139,8,4
2021-08-06,2021,811,0,,CLE,DET,1489.920455,1475.359728,0.555266608,0.444733392,1492.427801,1472.852381,1497.299611,1468.75911,Cal Quantrill,Matt Manning,49.06296607,46.33034494,-1.672477265,-14.15316566,0.59196094,0.40803906,1498.976796,1467.081924,6,1
2021-08-06,2021,812,0,,CIN,PIT,1509.84408,1439.260081,0.632851469,0.367148531,1512.835438,1436.268723,1507.979462,1428.532154,Wade Miley,JT Brubaker,52.24649175,49.75026058,3.040999691,13.81719083,0.630289235,0.369710765,1510.245129,1426.266488,10,0
2021-08-06,2021,813,0,,TOR,BOS,1539.893946,1523.035959,0.558529806,0.441470194,1543.213011,1519.716894,1538.258347,1523.225543,Alek Manoah,Nathan Eovaldi,54.32647498,55.73202514,11.21839698,21.03829999,0.544557025,0.455442975,1540.850635,1520.633255,12,4
2021-08-06,2021,814,0,,NYY,SEA,1533.716934,1495.294667,0.588878588,0.411121412,1534.775549,1494.236051,1550.168609,1483.687232,Wandy Peralta,Marco Gonzales,47.4,50.62310973,-36.91558112,12.34015385,0.55905159,0.44094841,1551.040025,1482.815816,3,2
2021-08-06,2021,815,0,,BAL,TBD,1449.116938,1560.187087,0.37725493,0.62274507,1447.341944,1561.962081,1433.220276,1556.695035,John Means,Ryan Yarbrough,56.04376437,51.03976852,44.49797816,-2.39676369,0.426608082,0.573391918,1431.646164,1558.269147,6,10
2021-08-06,2021,816,0,,PHI,NYM,1509.785652,1500.728134,0.547430549,0.452569451,1511.402761,1499.111024,1508.78443,1522.782044,Kyle Gibson,Marcus Stroman,54.5642126,53.50030469,13.54171865,3.099018376,0.531652746,0.468347254,1510.051985,1521.514489,4,2
2021-08-06,2021,817,0,,CHC,CHW,1484.724596,1527.831318,0.472530903,0.527469097,1483.00867,1529.547243,1486.810324,1532.764531,Kyle Hendricks,Lance Lynn,53.69622628,60.28068886,26.95487191,25.80870772,0.466659221,0.533340779,1485.543788,1534.031067,6,8
2021-08-05,2021,818,0,,STL,ATL,1490.993938,1537.265934,0.467991853,0.532008147,1488.592484,1539.667388,1491.927274,1536.220366,Wade LeBlanc,Touki Toussaint,45.76502065,46.33942169,-21.23158395,-30.68128186,0.484400166,0.515599834,1490.045458,1538.102182,4,8
2021-08-05,2021,819,0,,HOU,MIN,1567.202647,1476.431646,0.659411999,0.340588001,1564.586537,1479.047755,1569.254174,1490.493738,Framber Valdez,Griffin Jax,53.12528008,48.20510254,-1.093783185,-11.88841431,0.657239113,0.342760887,1567.301228,1492.446684,3,5
2021-08-05,2021,820,0,,CHW,KCR,1529.675163,1457.430389,0.635069949,0.364930051,1527.831318,1459.274234,1534.124666,1458.400016,Dallas Keuchel,Daniel Lynch,49.42251289,46.37456936,-24.95943617,-15.59880692,0.627189182,0.372810818,1532.764531,1459.760151,2,3
2021-08-05,2021,821,0,,CIN,PIT,1508.343261,1440.7609,0.62882759,0.37117241,1509.84408,1439.260081,1507.043718,1429.467898,Sonny Gray,Wil Crowe,54.031377,44.80647503,11.23311388,-10.7440815,0.673379469,0.326620531,1507.979462,1428.532154,7,4
2021-08-05,2021,822,0,,TOR,CLE,1538.256804,1491.557597,0.600362883,0.399637117,1539.893946,1489.920455,1536.901743,1498.656215,Ross Stripling,Triston McKenzie,47.79787486,48.21217571,-18.53285282,-4.952966565,0.569581026,0.430418974,1538.258347,1497.299611,3,0
2021-08-05,2021,823,0,,NYY,SEA,1532.318915,1496.692685,0.584976412,0.415023588,1533.716934,1495.294667,1549.036871,1484.818971,Nestor Cortes,Tyler Anderson,47.51384239,50.56285604,-36.77288877,12.40388544,0.560390947,0.439609053,1550.168609,1483.687232,5,3
2021-08-05,2021,824,0,,WSN,PHI,1497.078699,1508.303234,0.518377091,0.481622909,1495.596281,1509.785652,1502.920145,1507.704093,Joe Ross,Aaron Nola,51.48111333,55.74702989,4.097045079,18.74816003,0.506569095,0.493430905,1501.839807,1508.78443,6,7
2021-08-05,2021,825,0,,ARI,SFG,1437.271811,1553.08373,0.370864033,0.629135967,1436.353404,1554.002138,1440.62325,1533.944256,Merrill Kelly,Alex Wood,53.28392941,50.23268608,24.13776092,-9.416180879,0.448708125,0.551291875,1439.731766,1534.83574,4,5
2021-08-05,2021,826,0,,COL,CHC,1477.882438,1486.011048,0.522824892,0.477175108,1479.16889,1484.724596,1459.448421,1487.777504,Antonio Senzatela,Jake Arrieta,51.70043799,42.3302447,-7.741272316,-27.30758154,0.521914084,0.478085916,1460.415601,1486.810324,6,5
2021-08-05,2021,827,0,,TEX,ANA,1440.715106,1490.421511,0.463072869,0.536927131,1438.131103,1493.005515,1440.005718,1498.5543,Spencer Howard,Dylan Bundy,48.20784976,47.6895219,-5.750220327,-13.59849446,0.461650633,0.538349367,1438.075364,1500.484654,0,5
2021-08-05,2021,828,0,,DET,BOS,1471.414306,1526.981381,0.454695921,0.545304079,1475.359728,1523.035959,1465.942202,1526.042451,Tarik Skubal,Martin Perez,49.41998835,47.56113993,1.060844475,-18.30705258,0.47593881,0.52406119,1468.75911,1523.225543,8,1
2021-08-05,2021,829,0,,FLA,NYM,1487.897791,1502.546748,0.513453984,0.486546016,1489.716405,1500.728134,1476.397321,1524.414616,Braxton Garrett,Rich Hill,46.89165386,52.45369565,-20.92823812,-1.56161846,0.437888014,0.562111986,1478.029893,1522.782044,4,2
2021-08-04,2021,830,0,,LAD,HOU,1579.287114,1568.891613,0.549338029,0.450661971,1580.97608,1567.202647,1589.891612,1570.324764,Max Scherzer,Jake Odorizzi,59.54427609,51.78156116,19.47017684,-9.411983559,0.60277713,0.39722287,1590.962202,1569.254174,7,5
2021-08-04,2021,831,0,,ARI,SFG,1439.510343,1550.845199,0.376897011,0.623102989,1437.271811,1553.08373,1442.538247,1532.029259,Zac Gallen,Kevin Gausman,53.74888221,56.52438985,26.63538427,20.89398196,0.414851167,0.585148833,1440.62325,1533.944256,1,7
2021-08-04,2021,832,0,,COL,CHC,1479.339488,1484.553998,0.527008179,0.472991821,1477.882438,1486.011048,1460.457313,1486.768612,Jon Gray,Alec Mills,54.70146679,49.81672064,6.635375563,8.264383269,0.494329686,0.505670314,1459.448421,1487.777504,2,3
2021-08-04,2021,833,0,,CHW,KCR,1535.097742,1452.00781,0.649412822,0.350587178,1529.675163,1457.430389,1538.537368,1453.987314,Lucas Giolito,Carlos Hernandez,57.98184901,46.54408868,13.62388568,-14.20373615,0.686768131,0.313231869,1534.124666,1458.400016,1,9
2021-08-04,2021,834,0,,TEX,ANA,1441.965469,1489.171149,0.466653915,0.533346085,1440.715106,1490.421511,1440.798714,1497.761304,Kolby Allard,Shohei Ohtani,46.70476334,54.11072463,-12.26833426,17.45738481,0.410750695,0.589249305,1440.005718,1498.5543,1,2
2021-08-04,2021,835,0,,STL,ATL,1493.085735,1535.174137,0.47399219,0.52600781,1490.993938,1537.265934,1493.466148,1534.681492,J.A. Happ,Drew Smyly,45.00925083,49.0119777,-24.64674195,-18.82070549,0.466889317,0.533110683,1491.927274,1536.220366,4,7
2021-08-04,2021,836,0,,FLA,NYM,1489.870168,1500.574371,0.519124855,0.480875145,1487.897791,1502.546748,1477.648276,1523.163661,Zach Thompson,Carlos Carrasco,52.13743139,55.67265254,3.501377251,13.5441969,0.454708582,0.545291418,1476.397321,1524.414616,3,5
2021-08-04,2021,837,0,,DET,BOS,1473.343871,1525.051817,0.460209382,0.539790618,1471.414306,1526.981381,1467.406577,1524.578076,Casey Mize,Eduardo Rodriguez,52.78569095,52.95001795,16.1945796,7.761670632,0.464458352,0.535541648,1465.942202,1526.042451,1,4
2021-08-04,2021,838,0,,TOR,CLE,1536.906097,1492.908304,0.596626117,0.403373883,1538.256804,1491.557597,1535.910587,1499.64737,Steven Matz,J.C. Mejia,47.92321325,43.35329426,-17.18301229,-29.55126175,0.603028586,0.396971414,1536.901743,1498.656215,8,6
2021-08-04,2021,839,0,,WSN,PHI,1499.884886,1505.497048,0.526437547,0.473562453,1497.078699,1508.303234,1505.193965,1505.430273,Paolo Espino,Chase Anderson,49.89481469,47.0781452,-4.198315309,-22.57045838,0.56034279,0.43965721,1502.920145,1507.704093,5,9
2021-08-04,2021,840,0,,NYY,BAL,1530.043789,1451.392063,0.643574106,0.356425894,1532.318915,1449.116938,1547.617898,1434.639248,Jameson Taillon,Matt Harvey,54.32770361,45.95610346,-4.333143782,-2.85734914,0.685683808,0.314316192,1549.036871,1433.220276,10,3
2021-08-04,2021,841,0,,OAK,SDP,1534.27217,1538.010238,0.529126252,0.470873748,1535.5634,1536.719008,1523.499133,1555.996873,Frankie Montas,Joe Musgrove,53.82763278,54.10797571,-0.404376212,17.29656338,0.462368368,0.537631632,1524.642652,1554.853354,5,4
2021-08-04,2021,842,0,,MIL,PIT,1539.81675,1441.832859,0.668674412,0.331325588,1540.888709,1440.7609,1538.743549,1430.230905,Freddy Peralta,Steven Brault,58.10968147,50.22778136,13.66077455,15.10245245,0.680159551,0.319840449,1539.506556,1429.467898,4,2
2021-08-04,2021,843,0,,TBD,SEA,1559.199084,1497.680689,0.620644209,0.379355791,1560.187087,1496.692685,1555.840104,1485.673901,Josh Fleming,Logan Gilbert,47.75822894,52.47938657,-17.49821972,21.49349752,0.578741649,0.421258351,1556.695035,1484.818971,4,3
2021-08-04,2021,844,0,,CIN,MIN,1507.231767,1477.54314,0.576654967,0.423345033,1508.343261,1476.431646,1506.268804,1491.268652,Luis Castillo,Charlie Barnes,54.86211083,47.67560057,15.6134871,-15.08956002,0.598986476,0.401013524,1507.043718,1490.493738,6,5
2021-08-03,2021,845,0,,LAD,HOU,1581.943104,1566.235622,0.556896158,0.443103842,1579.287114,1568.891613,1592.066244,1568.150132,Walker Buehler,Lance McCullers Jr.,61.06371483,54.90739032,26.84669012,6.186095174,0.597390522,0.402609478,1589.891612,1570.324764,0,3
2021-08-03,2021,846,0,,OAK,SDP,1538.26091,1534.021499,0.540550521,0.459449479,1534.27217,1538.010238,1526.348452,1553.147554,Sean Manaea,Blake Snell,56.44551056,49.3093494,11.08071582,-5.272667056,0.519726368,0.480273632,1523.499133,1555.996873,1,8
2021-08-03,2021,847,0,,ARI,SFG,1437.138728,1553.216814,0.370506609,0.629493391,1439.510343,1550.845199,1440.985447,1533.582059,Madison Bumgarner,Johnny Cueto,50.3071934,49.71346132,11.25630722,-11.39368931,0.434260294,0.565739706,1442.538247,1532.029259,3,1
2021-08-03,2021,848,0,,COL,CHC,1476.028196,1487.86529,0.517496682,0.482503318,1479.339488,1484.553998,1457.626578,1489.599347,Kyle Freeland,Zach Davies,50.9393609,49.76064061,-10.60021176,6.954164327,0.464226575,0.535773425,1460.457313,1486.768612,13,6
2021-08-03,2021,849,0,,STL,ATL,1495.915858,1532.344014,0.48212207,0.51787793,1493.085735,1535.174137,1495.376686,1532.770954,Jon Lester,Max Fried,44.05954362,52.36561835,-30.21763927,-2.285547871,0.444223388,0.555776612,1493.466148,1534.681492,1,6
2021-08-03,2021,850,0,,MIL,PIT,1543.179077,1438.470532,0.677193929,0.322806071,1539.81675,1441.832859,1541.183071,1427.791383,Adrian Houser,Max Kranick,49.31045628,45.68796277,-27.22709508,-6.630509031,0.662023939,0.337976061,1538.743549,1430.230905,5,8
2021-08-03,2021,851,0,,CHW,KCR,1533.02664,1454.078912,0.643964867,0.356035133,1535.097742,1452.00781,1537.025038,1455.499644,Dylan Cease,Kris Bubic,51.47744063,46.12872617,-15.84314832,-15.9064583,0.650527633,0.349472367,1538.537368,1453.987314,7,1
2021-08-03,2021,852,0,,TEX,ANA,1445.570329,1485.566289,0.476996216,0.523003784,1441.965469,1489.171149,1443.803424,1494.756594,Jordan Lyles,Jose Suarez,47.75554454,40.19417341,-7.85176518,-47.89568732,0.518830198,0.481169802,1440.798714,1497.761304,3,11
2021-08-03,2021,853,0,,TBD,SEA,1561.67647,1495.203302,0.627336081,0.372663919,1559.199084,1497.680689,1557.599897,1483.914109,Luis Patino,Yusei Kikuchi,48.60299634,50.43193053,-14.06220456,12.07267952,0.601538609,0.398461391,1555.840104,1485.673901,2,4
2021-08-03,2021,854,0,,FLA,NYM,1488.48198,1501.96256,0.515134038,0.484865962,1489.870168,1500.574371,1476.425114,1524.386823,Nick Neidert,Taijuan Walker,46.6145252,50.81230863,-22.37381252,-10.23275022,0.448230134,0.551769866,1477.648276,1523.163661,5,4
2021-08-03,2021,855,0,,DET,BOS,1471.413883,1526.981804,0.454694713,0.545305287,1473.343871,1525.051817,1466.031201,1525.953451,Wily Peralta,Garrett Richards,48.39841266,46.88569175,-4.525707624,-21.15909282,0.476726603,0.523273397,1467.406577,1524.578076,4,2
2021-08-03,2021,856,0,,CIN,MIN,1509.438629,1475.336277,0.582845145,0.417154855,1507.231767,1477.54314,1507.780314,1489.757141,Tyler Mahle,Kenta Maeda,52.83831934,54.89622238,5.748110539,18.19208354,0.541769082,0.458230918,1506.268804,1491.268652,5,7
2021-08-03,2021,857,0,,TOR,CLE,1534.649259,1495.165142,0.590357619,0.409642381,1536.906097,1492.908304,1534.192076,1501.365882,Hyun Jin Ryu,Zach Plesac,55.65141053,53.37348049,19.84451768,16.51337148,0.585718472,0.414281528,1535.910587,1499.64737,7,2
2021-08-03,2021,858,0,,WSN,PHI,1501.411593,1503.97034,0.53081733,0.46918267,1499.884886,1505.497048,1506.115635,1504.508602,Patrick Corbin,Zack Wheeler,47.01481343,61.3581503,-17.82398096,44.63079596,0.447169762,0.552830238,1505.193965,1505.430273,4,5
2021-08-03,2021,859,0,,NYY,BAL,1526.725926,1454.709927,0.634764687,0.365235313,1530.043789,1451.392063,1545.139797,1437.11735,Luis Gil,Alexander Wells,47.4,46.54915518,-36.10887351,-0.901690943,0.6358307,0.3641693,1547.617898,1434.639248,13,1
2021-08-02,2021,860,0,,ARI,SFG,1438.628533,1551.727009,0.374515805,0.625484195,1437.138728,1553.216814,1442.17054,1532.396966,Taylor Widener,Anthony DeSclafani,46.97066701,54.00192972,-4.715657813,8.937404744,0.390706967,0.609293033,1440.985447,1533.582059,8,11
2021-08-02,2021,861,0,,MIL,PIT,1541.698406,1439.951203,0.673456247,0.326543753,1543.179077,1438.470532,1539.927619,1429.046835,Eric Lauer,Bryse Wilson,48.33670168,46.9224952,-31.32297007,-0.345970978,0.644776777,0.355223223,1541.183071,1427.791383,6,2
2021-08-02,2021,862,0,,TEX,ANA,1443.306629,1487.829989,0.470498815,0.529501185,1445.570329,1485.566289,1442.228263,1496.331755,Dane Dunning,Chris Rodriguez,52.25948685,47.4,14.07814018,-13.70895046,0.501412483,0.498587517,1443.803424,1494.756594,4,1
2021-08-02,2021,863,0,,TBD,SEA,1566.203436,1490.676337,0.639437608,0.360562392,1561.67647,1495.203302,1560.957348,1480.556658,Michael Wacha,Chris Flexen,48.93564138,47.41428723,-13.6909918,-1.809387589,0.634132973,0.365867027,1557.599897,1483.914109,2,8
2021-08-02,2021,864,0,,FLA,NYM,1486.251014,1504.193526,0.508716542,0.491283458,1488.48198,1501.96256,1474.465181,1526.346756,Jesus Luzardo,Tylor Megill,47.27390079,52.31872997,-19.52619479,-3.816262386,0.44212562,0.55787438,1476.425114,1524.386823,6,3
2021-08-02,2021,865,0,,NYY,BAL,1531.23252,1450.203332,0.646707232,0.353292768,1526.725926,1454.709927,1548.72,1433.537146,Andrew Heaney,Jorge Lopez,50.60257693,44.53527327,-22.22025249,-9.514900174,0.673412119,0.326587881,1545.139797,1437.11735,1,7
2021-08-02,2021,866,0,,WSN,PHI,1503.441674,1501.940259,0.536633723,0.463366277,1501.411593,1503.97034,1507.734095,1502.890143,Josiah Gray,Ranger Suarez,46.85692936,44.86824202,-18.46627079,-32.3772662,0.56375848,0.43624152,1506.115635,1504.508602,5,7
2021-08-02,2021,867,0,,TOR,CLE,1537.389687,1492.424714,0.597965294,0.402034706,1534.649259,1495.165142,1536.429622,1499.128336,Robbie Ray,Eli Morgan,55.29603205,46.14598197,18.29395165,-16.70967407,0.638282505,0.361717495,1534.192076,1501.365882,2,5
2021-08-01,2021,868,0,,TBD,BOS,1565.093008,1528.092233,0.586896105,0.413103895,1566.203436,1526.981804,1560.124965,1526.785834,Shane McClanahan,Nick Pivetta,51.83163545,50.66958791,0.441379054,-3.335958953,0.587057564,0.412942436,1560.957348,1525.953451,3,2
2021-08-01,2021,869,0,,SDP,COL,1531.349312,1478.700383,0.608551291,0.391448709,1534.021499,1476.028196,1551.300687,1459.473445,Reiss Knehr,Austin Gomber,46.74992736,54.55338578,-17.545169,5.203340073,0.630835842,0.369164158,1553.147554,1457.626578,8,1
2021-08-01,2021,870,0,,ARI,LAD,1441.82104,1578.750598,0.342972683,0.657027317,1438.628533,1581.943104,1444.478963,1589.757821,Caleb Smith,Julio Urias,47.13680765,53.83896514,-4.760406433,-6.53372128,0.33449389,0.66550611,1442.17054,1592.066244,0,13
2021-08-01,2021,871,0,,ANA,OAK,1490.575363,1535.515536,0.469901106,0.530098894,1487.829989,1538.26091,1498.767845,1523.912362,Reid Detmers,Daulton Jefferies,47.4,45.2079809,-14.86323825,-42.00032016,0.537336678,0.462663322,1496.331755,1526.348452,3,8
2021-08-01,2021,872,0,,SFG,HOU,1549.888101,1568.07453,0.508365622,0.491634378,1551.727009,1566.235622,1530.848506,1569.698592,Logan Webb,Luis Garcia,51.42374538,55.81981346,-3.176838963,9.473025061,0.460506829,0.539493171,1532.396966,1568.150132,5,3
2021-08-01,2021,873,0,,TEX,SEA,1441.812307,1492.170659,0.46213989,0.53786011,1443.306629,1490.676337,1441.053191,1481.731729,Mike Foltynewicz,Marco Gonzales,46.23532685,49.85203255,-13.90595451,10.47760401,0.441180501,0.558819499,1442.228263,1480.556658,4,3
2021-08-01,2021,874,0,,STL,MIN,1493.682057,1477.570078,0.557470661,0.442529339,1495.915858,1475.336277,1493.684057,1491.449771,Adam Wainwright,Michael Pineda,55.61164612,53.8334595,24.34489116,12.92347738,0.553979714,0.446020286,1495.376686,1489.757141,7,3
2021-08-01,2021,875,0,,CHW,CLE,1531.968329,1493.483025,0.588966436,0.411033564,1533.02664,1492.424714,1536.103641,1500.049733,Jimmy Lambert,Cal Quantrill,46.68069503,48.22486173,-38.62109319,-6.213253635,0.539702132,0.460297868,1537.025038,1499.128336,2,1
2021-08-01,2021,876,0,,ATL,MIL,1533.80497,1540.23745,0.52526017,0.47473983,1532.344014,1541.698406,1534.02057,1538.678003,Charlie Morton,Brett Anderson,56.36457214,50.07856217,16.89796828,-22.62748553,0.583916388,0.416083612,1532.770954,1539.927619,1,2
2021-08-01,2021,877,0,,NYM,CIN,1507.808592,1505.823563,0.537325893,0.462674107,1504.193526,1509.438629,1529.533563,1504.593507,Marcus Stroman,Vladimir Gutierrez,54.17825551,46.07982818,4.329529195,-25.45028232,0.611387434,0.388612566,1526.346756,1507.780314,1,7
2021-08-01,2021,878,0,,FLA,NYY,1488.014611,1529.468923,0.474902336,0.525097664,1486.251014,1531.23252,1475.697734,1547.487448,Sandy Alcantara,Jordan Montgomery,53.63115342,55.09944848,11.74904138,-0.858717513,0.449541446,0.550458554,1474.465181,1548.72,1,3
2021-08-01,2021,879,0,,DET,BAL,1469.262446,1452.354769,0.558600336,0.441399664,1471.413883,1450.203332,1464.328471,1435.239876,Tyler Alexander,Spenser Watkins,45.95177452,48.45333938,-16.02537222,9.254076484,0.539935332,0.460064668,1466.031201,1433.537146,6,2
2021-08-01,2021,880,0,,TOR,KCR,1535.767509,1455.701089,0.645439954,0.354560046,1537.389687,1454.078912,1535.37763,1456.551636,Jose Berrios,Brad Keller,57.26865561,49.82060458,28.35451348,1.039957628,0.678993291,0.321006709,1536.429622,1455.499644,5,1
2021-08-01,2021,881,0,,WSN,CHC,1502.214174,1489.09279,0.553219609,0.446780391,1503.441674,1487.86529,1506.732445,1490.600997,Erick Fedde,Adbert Alzolay,46.52647863,49.25556559,-19.88274757,4.291845888,0.522947628,0.477052372,1507.734095,1489.599347,6,5
2021-08-01,2021,882,0,,PIT,PHI,1444.262949,1497.628514,0.457839901,0.542160099,1439.951203,1501.940259,1431.804787,1500.13219,Mitch Keller,Kyle Gibson,45.00487618,54.2950878,-9.529364562,12.30493561,0.405920125,0.594079875,1429.046835,1502.890143,4,15
2021-07-31,2021,883,0,,SDP,COL,1533.839414,1476.21028,0.61535892,0.38464108,1531.349312,1478.700383,1553.365914,1457.408218,Yu Darvish,German Marquez,56.983388,60.33001843,29.7990663,32.32208987,0.662847214,0.337152786,1551.300687,1459.473445,3,5
2021-07-31,2021,884,0,,ARI,LAD,1443.609667,1576.961971,0.347627897,0.652372103,1441.82104,1578.750598,1446.220781,1588.016003,Merrill Kelly,Mitch White,53.26706955,47.4,24.31078056,-36.97474544,0.419385627,0.580614373,1444.478963,1589.757821,3,8
2021-07-31,2021,885,0,,ATL,MIL,1530.335993,1543.706427,0.515292404,0.484707596,1533.80497,1540.23745,1531.026884,1541.671689,Kyle Muller,Brandon Woodruff,51.25181321,62.63740366,-6.854441795,36.03312571,0.457601563,0.542398437,1534.02057,1538.678003,8,1
2021-07-31,2021,886,0,,STL,MIN,1497.935359,1473.316776,0.569514612,0.430485388,1493.682057,1477.570078,1496.690921,1488.442907,Jake Woodford,Bailey Ober,48.42439857,49.22377888,-10.79284977,-8.493702604,0.542993451,0.457006549,1493.684057,1491.449771,1,8
2021-07-31,2021,887,0,,NYM,CIN,1506.525467,1507.106689,0.533651383,0.466348617,1507.808592,1505.823563,1528.642332,1505.484738,Rich Hill,Wade Miley,53.13614253,52.28384568,-1.222123132,3.71059318,0.560469063,0.439530937,1529.533563,1504.593507,5,4
2021-07-31,2021,888,0,,CHW,CLE,1533.658032,1491.793322,0.593667533,0.406332467,1531.968329,1493.483025,1537.277274,1498.8761,Dallas Keuchel,Triston McKenzie,50.11396959,49.44856604,-23.36835562,-1.64045487,0.558267608,0.441732392,1536.103641,1500.049733,11,12
2021-07-31,2021,889,0,,WSN,CHC,1504.818936,1486.488029,0.560619413,0.439380587,1502.214174,1489.09279,1508.602763,1488.730679,Joe Ross,Kyle Hendricks,52.3486594,52.76431705,6.73334217,21.87774995,0.541248489,0.458751511,1506.732445,1490.600997,3,6
2021-07-31,2021,890,0,,TEX,SEA,1440.303125,1493.67984,0.457823969,0.542176031,1441.812307,1492.170659,1439.845897,1482.939023,Taylor Hearn,Tyler Anderson,45.66422504,50.63201074,-16.44701239,14.22070314,0.428874061,0.571125939,1441.053191,1481.731729,5,4
2021-07-31,2021,891,0,,PIT,PHI,1442.663417,1499.228046,0.453272486,0.546727514,1444.262949,1497.628514,1430.518104,1501.418874,JT Brubaker,Aaron Nola,48.94561436,55.3763107,9.846941752,17.91430232,0.421547983,0.578452017,1431.804787,1500.13219,3,2
2021-07-31,2021,892,0,,TBD,BOS,1562.99585,1530.18939,0.581030292,0.418969708,1565.093008,1528.092233,1558.346759,1528.564041,Ryan Yarbrough,Nathan Eovaldi,51.55511577,56.76661906,-1.356252374,24.59350418,0.539969385,0.460030615,1560.124965,1526.785834,9,5
2021-07-31,2021,893,0,,FLA,NYY,1489.802483,1527.681051,0.480037752,0.519962248,1488.014611,1529.468923,1477.07,1546.115182,Trevor Rogers,Domingo German,56.30112422,52.46302088,23.94896039,-13.37589301,0.488891382,0.511108618,1475.697734,1547.487448,2,4
2021-07-31,2021,894,0,,DET,BAL,1471.761419,1449.855796,0.565681733,0.434318267,1469.262446,1452.354769,1465.940616,1433.627731,Matt Manning,John Means,47.01978893,55.69597878,-11.50964735,44.06202032,0.501066696,0.498933304,1464.328471,1435.239876,2,5
2021-07-31,2021,895,0,,SFG,HOU,1548.023928,1569.938703,0.503000843,0.496999157,1549.888101,1568.07453,1529.304871,1571.242227,Alex Wood,Zack Greinke,50.953611,54.72403682,-6.125393944,2.487756803,0.461864953,0.538135047,1530.848506,1569.698592,8,6
2021-07-31,2021,896,0,,ANA,OAK,1489.054547,1537.036352,0.465542116,0.534457884,1490.575363,1535.515536,1497.711419,1524.968787,Jaime Barria,Cole Irvin,49.2980346,52.61524335,-5.033665774,-6.542834675,0.497484161,0.502515839,1498.767845,1523.912362,1,0
2021-07-31,2021,897,0,,TOR,KCR,1534.116699,1457.3519,0.641078638,0.358921362,1535.767509,1455.701089,1534.114587,1457.814679,Alek Manoah,Mike Minor,52.37519726,51.62332361,6.520989753,9.866394552,0.636016273,0.363983727,1535.37763,1456.551636,4,0
2021-07-30,2021,898,0,,SDP,COL,1537.862298,1472.187397,0.626261164,0.373738836,1533.839414,1476.21028,1556.534272,1454.23986,Ryan Weathers,Jon Gray,48.36633832,54.77304933,-13.00248379,6.199037917,0.6494167,0.3505833,1553.365914,1457.408218,4,9
2021-07-30,2021,899,0,,SFG,HOU,1550.356692,1567.605939,0.509713894,0.490286106,1548.023928,1569.938703,1531.097406,1569.449692,Kevin Gausman,Framber Valdez,57.00055503,52.9911492,22.06833104,-5.586597932,0.519741109,0.480258891,1529.304871,1571.242227,6,9
2021-07-30,2021,900,0,,ARI,LAD,1441.676288,1578.895349,0.342597246,0.657402754,1443.609667,1576.961971,1444.902806,1589.333978,Zac Gallen,Tony Gonsolin,53.19585912,52.40870869,24.74336689,-14.33164792,0.387783781,0.612216219,1446.220781,1588.016003,6,5
2021-07-30,2021,901,0,,ANA,OAK,1490.761383,1535.329516,0.470434607,0.529565393,1489.054547,1537.036352,1499.043486,1523.636721,Patrick Sandoval,Chris Bassitt,50.84276201,56.37360403,2.457981142,12.01889416,0.485391164,0.514608836,1497.711419,1524.968787,0,2
2021-07-30,2021,902,0,,STL,MIN,1495.740119,1475.512016,0.563307758,0.436692242,1497.935359,1473.316776,1494.877365,1490.256462,Wade LeBlanc,Griffin Jax,45.2317638,47.23217176,-25.55249675,-17.48032638,0.529477089,0.470522911,1496.690921,1488.442907,5,1
2021-07-30,2021,903,0,,CHW,CLE,1532.275183,1493.17617,0.589821403,0.410178597,1533.658032,1491.793322,1536.471646,1499.681728,Lance Lynn,J.C. Mejia,60.72668506,43.83035063,26.35572796,-28.60113845,0.657431808,0.342568192,1537.277274,1498.8761,6,4
2021-07-30,2021,904,0,,TEX,SEA,1442.569757,1491.413208,0.46430821,0.53569179,1440.303125,1493.67984,1441.409049,1481.375872,Kolby Allard,Logan Gilbert,47.90169663,53.12677586,-7.127286057,25.80863065,0.43528238,0.56471762,1439.845897,1482.939023,5,9
2021-07-30,2021,905,0,,ATL,MIL,1533.085805,1540.956615,0.52319511,0.47680489,1530.335993,1543.706427,1532.73089,1539.967683,Touki Toussaint,Corbin Burnes,48.45430783,61.52948316,-21.61041628,29.68964364,0.449993205,0.550006795,1531.026884,1541.671689,5,9
2021-07-30,2021,906,0,,TBD,BOS,1560.858523,1532.326718,0.57502847,0.42497153,1562.99585,1530.18939,1556.710055,1530.200745,Josh Fleming,Martin Perez,47.7194956,48.96889185,-19.55371783,-13.51424292,0.568304359,0.431695641,1558.346759,1528.564041,7,3
2021-07-30,2021,907,0,,NYM,CIN,1509.421181,1504.210975,0.541938101,0.458061899,1506.525467,1507.106689,1531.005914,1503.121156,Carlos Carrasco,Sonny Gray,55.86312908,53.49487722,11.53097549,10.00681939,0.580166125,0.419833875,1528.642332,1505.484738,2,6
2021-07-30,2021,908,0,,FLA,NYY,1491.614968,1525.868565,0.48524817,0.51475183,1489.802483,1527.681051,1478.317474,1544.867708,Zach Thompson,Jameson Taillon,51.89103051,54.01603409,3.394434396,-5.842183426,0.453730739,0.546269261,1477.07,1546.115182,1,3
2021-07-30,2021,909,0,,DET,BAL,1473.367969,1448.249246,0.570220318,0.429779682,1471.761419,1449.855796,1467.213622,1432.354725,Tarik Skubal,Matt Harvey,50.09280212,44.77700466,2.324312811,-6.210914345,0.595789531,0.404210469,1465.940616,1433.627731,3,4
2021-07-30,2021,910,0,,TOR,KCR,1532.954763,1458.513836,0.637994794,0.362005206,1534.116699,1457.3519,1533.247848,1458.681417,Ross Stripling,Daniel Lynch,47.61153891,46.08327096,-15.85156431,-16.16925312,0.639370936,0.360629064,1534.114587,1457.814679,6,4
2021-07-30,2021,911,0,,WSN,CHC,1503.605602,1487.701362,0.557175631,0.442824369,1504.818936,1486.488029,1507.776469,1489.556972,Paolo Espino,Jake Arrieta,48.73475157,42.08958678,-9.694695959,-28.35077159,0.588224043,0.411775957,1508.602763,1488.730679,4,3
2021-07-30,2021,912,0,,PIT,PHI,1438.479417,1503.412046,0.44136425,0.55863575,1442.663417,1499.228046,1427.352475,1504.584503,Wil Crowe,Vince Velasquez,43.42723094,47.01826181,-15.07335336,-22.60219312,0.437401739,0.562598261,1430.518104,1501.418874,7,0
2021-07-29,2021,913,0,,SDP,COL,1536.260547,1473.789148,0.621934986,0.378065014,1537.862298,1472.187397,1555.685489,1455.088643,Joe Musgrove,Kyle Freeland,53.01275208,50.73133483,9.96481929,-12.72876336,0.701771665,0.298228335,1556.534272,1454.23986,3,0
2021-07-29,2021,914,0,,ANA,OAK,1493.232109,1532.85879,0.47752655,0.52247345,1490.761383,1535.329516,1500.986595,1521.693612,Dylan Bundy,Frankie Montas,47.71431184,52.54512835,-12.39296687,-4.817562993,0.495806402,0.504193598,1499.043486,1523.636721,0,4
2021-07-29,2021,915,0,,DET,BAL,1471.252555,1450.36466,0.564241829,0.435758171,1473.367969,1448.249246,1465.746071,1433.822276,Casey Mize,Alexander Wells,52.1031989,47.4,12.54012142,5.694229592,0.589011213,0.410988787,1467.213622,1432.354725,6,2
2021-07-29,2021,916,0,,BOS,TOR,1537.963073,1527.318408,0.549693088,0.450306912,1532.326718,1532.954763,1534.232231,1529.216362,Eduardo Rodriguez,Hyun Jin Ryu,53.86097572,54.43076954,8.709344381,17.52143655,0.529042844,0.470957156,1530.200745,1533.247848,1,13
2021-07-29,2021,917,0,,PIT,MIL,1442.281419,1537.154613,0.399396842,0.600603158,1438.479417,1540.956615,1429.999315,1537.320843,Chad Kuhl,Freddy Peralta,48.37166156,57.44453958,8.347834196,11.22792142,0.378430242,0.621569758,1427.352475,1539.967683,0,12
2021-07-29,2021,918,0,,SFG,LAD,1547.242219,1582.009822,0.484509133,0.515490867,1550.356692,1578.895349,1528.532903,1591.898481,Johnny Cueto,David Price,48.78799729,52.13404506,-15.81894357,-16.23318434,0.444178197,0.555821803,1531.097406,1589.333978,5,0
2021-07-29,2021,919,0,,PHI,WSN,1501.332354,1505.685294,0.528244293,0.471755707,1503.412046,1503.605602,1502.970263,1509.390709,Cristopher Sanchez,Patrick Corbin,47.4,47.85639575,-21.6897343,-14.76167243,0.515323929,0.484676071,1504.584503,1507.776469,11,8
2021-07-29,2021,920,0,,CHC,CIN,1490.044757,1501.86758,0.517517194,0.482482806,1487.701362,1504.210975,1491.273499,1501.404629,Alec Mills,Luis Castillo,50.31351622,55.33124922,9.934049424,18.38058353,0.507802735,0.492197265,1489.556972,1503.121156,4,7
2021-07-29,2021,921,0,,KCR,CHW,1455.036234,1535.752785,0.419095706,0.580904294,1458.513836,1532.275183,1455.76304,1539.390023,Carlos Hernandez,Carlos Rodon,44.43850128,58.08757466,-22.94153466,12.87886428,0.365994506,0.634005494,1458.681417,1536.471646,5,0
2021-07-29,2021,922,0,,TBD,NYY,1556.242337,1530.484751,0.571121348,0.428878652,1560.858523,1525.868565,1551.981936,1549.595827,Luis Patino,Gerrit Cole,46.52495062,63.05471403,-24.23844589,35.70809305,0.451852315,0.548147685,1556.710055,1544.867708,14,0
2021-07-29,2021,923,0,,NYM,ATL,1511.707831,1530.799155,0.507063682,0.492936318,1509.421181,1533.085805,1532.891581,1530.845223,Taijuan Walker,Drew Smyly,51.51765976,49.69330733,-9.652283231,-16.59350353,0.547330802,0.452669198,1531.005914,1532.73089,3,6
2021-07-29,2021,924,0,,PHI,WSN,1503.324776,1503.692872,0.533956695,0.466043305,1501.332354,1505.685294,1504.47533,1507.885643,Zack Wheeler,Max Scherzer,61.62357631,59.43408011,45.36522618,40.15861444,0.537055791,0.462944209,1502.970263,1509.390709,1,3
2021-07-28,2021,925,0,,SFG,LAD,1551.158577,1578.093464,0.495776459,0.504223541,1547.242219,1582.009822,1531.022765,1589.408619,Anthony DeSclafani,Walker Buehler,54.96714785,60.2316118,12.44016062,22.83591536,0.435908611,0.564091389,1528.532903,1591.898481,0,8
2021-07-28,2021,926,0,,ANA,COL,1492.039447,1474.98181,0.558813169,0.441186831,1493.232109,1473.789148,1500.303756,1455.771483,Andrew Heaney,Lucas Gilbreath,50.5428153,47.4,0.966843752,-28.92364983,0.637970649,0.362029351,1500.986595,1455.088643,8,7
2021-07-28,2021,927,0,,KCR,CHW,1453.375556,1537.413463,0.414448364,0.585551636,1455.036234,1535.752785,1454.400446,1540.752616,Kris Bubic,Lucas Giolito,45.35686656,57.471738,-18.08047459,10.56963266,0.371952132,0.628047868,1455.76304,1539.390023,3,2
2021-07-28,2021,928,0,,TEX,ARI,1444.071655,1440.17439,0.540061332,0.459938668,1442.569757,1441.676288,1442.441018,1443.870837,Jordan Lyles,Madison Bumgarner,46.59834298,49.43644174,-12.28816035,7.972335112,0.503323855,0.496676145,1441.409049,1444.902806,2,3
2021-07-28,2021,929,0,,CHC,CIN,1493.577569,1498.334767,0.527664337,0.472335663,1490.044757,1501.86758,1493.957122,1498.721007,Zach Davies,Tyler Mahle,50.04751964,52.29989404,8.499191128,4.68619591,0.53312176,0.46687824,1491.273499,1501.404629,2,8
2021-07-28,2021,930,0,,NYM,ATL,1510.317068,1532.189918,0.503061177,0.496938823,1511.707831,1530.799155,1531.923683,1531.81312,Tylor Megill,Max Fried,51.80638267,51.87709523,-8.087193622,-5.929786569,0.531551153,0.468448847,1532.891581,1530.845223,2,1
2021-07-28,2021,931,0,,BOS,TOR,1536.054422,1529.227059,0.544248086,0.455751914,1537.963073,1527.318408,1532.869424,1530.57917,Tanner Houck,Steven Matz,53.04098591,48.56739436,5.653223199,-10.74945158,0.561132681,0.438867319,1534.232231,1529.216362,4,1
2021-07-28,2021,932,0,,PIT,MIL,1444.29001,1535.146021,0.404956675,0.595043325,1442.281419,1537.154613,1431.63718,1535.682978,Max Kranick,Adrian Houser,47.13562406,48.57039923,1.739370682,-30.08574202,0.431047031,0.568952969,1429.999315,1537.320843,3,7
2021-07-28,2021,933,0,,BAL,FLA,1448.900756,1493.078872,0.470993962,0.529006038,1450.36466,1491.614968,1432.815502,1479.324247,Jorge Lopez,Jordan Holloway,45.78531897,45.01968769,-3.100822432,-30.12351569,0.506495728,0.493504272,1433.822276,1478.317474,8,7
2021-07-28,2021,934,0,,TBD,NYY,1558.470767,1528.256321,0.577393723,0.422606277,1556.242337,1530.484751,1553.66821,1547.909552,Michael Wacha,Nestor Cortes,47.97897391,45.99146543,-16.67198889,-44.07126745,0.581522742,0.418477258,1551.981936,1549.595827,1,3
2021-07-28,2021,935,0,,SDP,OAK,1540.049606,1529.069731,0.550170682,0.449829318,1536.260547,1532.85879,1558.699513,1518.679587,Blake Snell,Sean Manaea,51.11274774,55.35614131,-0.667066203,9.513338401,0.576867002,0.423132998,1555.685489,1521.693612,4,10
2021-07-28,2021,936,0,,SEA,HOU,1494.450392,1564.568754,0.434017419,0.565982581,1491.413208,1567.605939,1483.759928,1567.065636,Yusei Kikuchi,Jake Odorizzi,50.77831297,52.29786632,14.59116722,-9.424600335,0.449387629,0.550612371,1481.375872,1569.449692,4,11
2021-07-28,2021,937,0,,BOS,TOR,1538.478131,1526.80335,0.551160465,0.448839535,1536.054422,1529.227059,1534.419197,1529.029396,Garrett Richards,Robbie Ray,47.52800991,54.68666297,-21.07226572,18.7716342,0.48495988,0.51504012,1532.869424,1530.57917,1,4
2021-07-28,2021,938,0,,MIN,DET,1477.905342,1468.859229,0.547414284,0.452585716,1475.512016,1471.252555,1492.040388,1463.962145,J.A. Happ,Wily Peralta,46.96392597,49.73583124,-20.78633965,0.157898931,0.544685888,0.455314112,1490.256462,1465.746071,14,17
2021-07-28,2021,939,0,,CLE,STL,1490.431663,1498.484627,0.522933527,0.477066473,1493.17617,1495.740119,1497.729007,1496.830086,Zach Plesac,Kwang Hyun Kim,53.64533199,53.78025488,17.44821569,12.97842965,0.542164589,0.457835411,1499.681728,1494.877365,7,2
2021-07-27,2021,940,0,,SEA,HOU,1496.028549,1562.990597,0.438485851,0.561514149,1494.450392,1564.568754,1484.863623,1565.961941,Chris Flexen,Lance McCullers Jr.,48.53340161,55.43092114,3.018299306,4.857210432,0.415986822,0.584013178,1483.759928,1567.065636,6,8
2021-07-27,2021,941,0,,SDP,OAK,1537.990858,1531.128479,0.544298082,0.455701918,1540.049606,1529.069731,1557.195152,1520.183949,Chris Paddack,James Kaprielian,47.45448741,54.56890547,-18.05970582,4.825290264,0.553352579,0.446647421,1558.699513,1518.679587,7,4
2021-07-27,2021,942,0,,SFG,LAD,1549.689411,1579.562631,0.491548562,0.508451438,1551.158577,1578.093464,1529.813525,1590.617859,Logan Webb,Julio Urias,50.45155834,53.35482597,-7.948741663,-9.121098204,0.451998692,0.548001308,1531.022765,1589.408619,2,1
2021-07-27,2021,943,0,,ANA,COL,1497.051693,1469.969564,0.57298793,0.42701207,1492.039447,1474.98181,1503.795829,1452.279409,Jose Suarez,Austin Gomber,41.33832358,54.33327594,-43.80784693,3.908737707,0.539922018,0.460077982,1500.303756,1455.771483,3,12
2021-07-27,2021,944,0,,MIN,DET,1479.447793,1467.316779,0.551810075,0.448189925,1477.905342,1468.859229,1493.375076,1462.627458,Kenta Maeda,Tyler Alexander,54.52176943,46.96075721,15.23990948,-13.73361799,0.618205319,0.381794681,1492.040388,1463.962145,5,6
2021-07-27,2021,945,0,,KCR,CHW,1454.757728,1536.031291,0.418315291,0.581684709,1453.375556,1537.413463,1455.510733,1539.64233,Brad Keller,Dylan Cease,48.99548516,51.19779534,-0.205408994,-18.84346594,0.440568287,0.559431713,1454.400446,1540.752616,3,5
2021-07-27,2021,946,0,,TEX,ARI,1442.832173,1441.413872,0.536514753,0.463485247,1444.071655,1440.17439,1441.532054,1444.779801,Dane Dunning,Taylor Widener,51.85688554,48.72292015,12.93478272,3.667184752,0.544522717,0.455477283,1442.441018,1443.870837,5,4
2021-07-27,2021,947,0,,CHC,CIN,1496.017678,1495.894659,0.534660137,0.465339863,1493.577569,1498.334767,1495.996709,1496.681419,Adbert Alzolay,Vladimir Gutierrez,49.96852194,45.39188215,7.533053487,-27.67015999,0.583427477,0.416572523,1493.957122,1498.721007,4,7
2021-07-27,2021,948,0,,TBD,NYY,1560.189113,1526.537975,0.582213487,0.417786513,1558.470767,1528.256321,1554.877583,1546.700179,Shane McClanahan,Jordan Montgomery,52.20270722,54.97879586,2.94742633,-1.734748473,0.553197386,0.446802614,1553.66821,1547.909552,3,4
2021-07-27,2021,949,0,,NYM,ATL,1514.06866,1528.438326,0.513855616,0.486144384,1510.317068,1532.189918,1534.378626,1529.358177,Jerad Eickhoff,Charlie Morton,45.87719517,56.92689791,-38.51806973,17.45020182,0.461296547,0.538703453,1531.923683,1531.81312,5,12
2021-07-27,2021,950,0,,CLE,STL,1492.330509,1496.58578,0.5283844,0.4716156,1490.431663,1498.484627,1499.050739,1495.508355,Cal Quantrill,Adam Wainwright,47.45365581,55.13520337,-11.03810989,19.99448864,0.497682557,0.502317443,1497.729007,1496.830086,2,4
2021-07-27,2021,951,0,,PIT,MIL,1447.621919,1531.814112,0.414232846,0.585767154,1444.29001,1535.146021,1434.26587,1533.054288,Luis Oviedo,Brett Anderson,47.4,49.18070189,1.066680998,-26.63972813,0.43025769,0.56974231,1431.63718,1535.682978,0,9
2021-07-27,2021,952,0,,PHI,WSN,1505.343943,1501.673705,0.539736696,0.460263304,1503.324776,1503.692872,1505.870334,1506.490639,Matt Moore,Erick Fedde,44.07486059,47.10349628,-38.26785929,-18.5227537,0.505230404,0.494769596,1504.47533,1507.885643,4,6
2021-07-27,2021,953,0,,BAL,FLA,1451.333329,1490.6463,0.477977121,0.522022879,1448.900756,1493.078872,1434.67379,1477.46596,Spenser Watkins,Sandy Alcantara,50.16161669,53.87560993,16.67101866,11.38336333,0.484961755,0.515038245,1432.815502,1479.324247,3,7
2021-07-26,2021,954,0,,SEA,HOU,1493.366379,1565.652767,0.430954276,0.569045724,1496.028549,1562.990597,1482.720542,1568.105022,Darren McCaughan,Luis Garcia,47.4,56.81564746,-3.781155206,10.58196406,0.397960334,0.602039666,1484.863623,1565.961941,11,8
2021-07-26,2021,955,0,,ANA,COL,1494.873925,1472.147332,0.566842453,0.433157547,1497.051693,1469.969564,1502.188623,1453.886616,Shohei Ohtani,German Marquez,53.63607012,60.69943347,14.58357278,33.82063432,0.572089366,0.427910634,1503.795829,1452.279409,6,2
2021-07-26,2021,956,0,,NYM,ATL,1512.702016,1529.804969,0.509924345,0.490075655,1514.06866,1528.438326,1533.431954,1530.30485,Aaron Loup,Bryse Wilson,47.59569787,46.6509905,-30.53557851,-30.96480019,0.539573793,0.460426207,1534.378626,1529.358177,1,0
2021-07-26,2021,957,0,,MIN,DET,1478.249168,1468.515403,0.548394811,0.451605189,1479.447793,1467.316779,1492.644694,1463.35784,Michael Pineda,Matt Manning,53.47346315,46.98927896,10.75885512,-13.71955366,0.613240186,0.386759814,1493.375076,1462.627458,6,5
2021-07-26,2021,958,0,,KCR,CHW,1453.094252,1537.694767,0.413662629,0.586337371,1454.757728,1536.031291,1454.380288,1540.772775,Mike Minor,Dallas Keuchel,50.80230104,50.71309119,9.149885723,-21.90378761,0.4583818,0.5416182,1455.510733,1539.64233,4,3
2021-07-26,2021,959,0,,CHC,CIN,1494.727411,1497.184926,0.530962459,0.469037541,1496.017678,1495.894659,1495.101352,1497.576776,Kyle Hendricks,Wade Miley,54.19833829,53.43006755,26.32849534,9.123093769,0.558306847,0.441693153,1495.996709,1496.681419,6,5
2021-07-26,2021,960,0,,PHI,WSN,1504.079011,1502.938637,0.536116892,0.463883108,1505.343943,1501.673705,1504.831152,1507.52982,Spencer Howard,Joe Ross,48.46430265,51.67051472,-17.97391347,3.615847422,0.50157675,0.49842325,1505.870334,1506.490639,6,5
2021-07-26,2021,961,0,,BOS,TOR,1537.277245,1528.004236,0.547737857,0.452262143,1538.478131,1526.80335,1533.530704,1529.91789,Nick Pivetta,Thomas Hatch,50.9828482,48.1387911,-5.180798386,-12.39768731,0.552449236,0.447550764,1534.419197,1529.029396,5,4
2021-07-26,2021,962,0,,NYM,ATL,1514.618649,1527.888337,0.515437252,0.484562748,1512.702016,1529.804969,1535.042984,1528.693819,Marcus Stroman,Kyle Muller,54.44768525,50.56584745,1.429796193,-12.3010988,0.565071793,0.434928207,1533.431954,1530.30485,0,2
2021-07-25,2021,963,0,,MIL,CHW,1533.8376,1535.671279,0.531856689,0.468143311,1531.814112,1537.694767,1534.615515,1539.211548,Brandon Woodruff,Lance Lynn,62.45495152,60.59620263,36.283586,24.9186764,0.544164574,0.455835426,1533.054288,1540.772775,1,3
2021-07-25,2021,964,0,,SEA,OAK,1491.853863,1532.640996,0.475860157,0.524139843,1493.366379,1531.128479,1481.628109,1521.276382,Marco Gonzales,Cole Irvin,49.81934167,53.23717214,7.697454629,-2.038858031,0.491492827,0.508507173,1482.720542,1520.183949,4,3
2021-07-25,2021,965,0,,LAD,COL,1578.745149,1472.964813,0.678541168,0.321458832,1579.562631,1472.147332,1589.947196,1454.557278,Josiah Gray,Jon Gray,47.4,55.20046133,-37.79300214,7.650199962,0.658345532,0.341654468,1590.617859,1453.886616,3,2
2021-07-25,2021,966,0,,SFG,PIT,1547.980673,1449.330656,0.669523398,0.330476602,1549.689411,1447.621919,1528.372346,1435.707049,Alex Wood,JT Brubaker,50.55630728,48.91172773,-7.154501171,8.286519943,0.641687007,0.358312993,1529.813525,1434.26587,6,1
2021-07-25,2021,967,0,,CHC,ARI,1492.798583,1443.3427,0.604164084,0.395835916,1494.727411,1441.413872,1493.535416,1446.345737,Trevor Williams,Caleb Smith,44.60881892,47.41219719,-17.68512718,-2.779878135,0.580298582,0.419701418,1495.101352,1444.779801,5,1
2021-07-25,2021,968,0,,MIN,ANA,1480.882383,1492.24071,0.518184806,0.481815194,1478.249168,1494.873925,1494.61654,1500.216777,Bailey Ober,Jaime Barria,48.1252872,48.8174927,-13.89699247,-7.688920937,0.517538057,0.482461943,1492.644694,1502.188623,2,6
2021-07-25,2021,969,0,,KCR,DET,1450.237863,1471.371792,0.504124515,0.495875485,1453.094252,1468.515403,1452.07283,1465.665297,Daniel Lynch,Tarik Skubal,43.24536661,50.83044198,-25.01730106,3.677304091,0.473707064,0.526292936,1454.380288,1463.35784,6,1
2021-07-25,2021,970,0,,HOU,TEX,1564.734106,1443.750835,0.697324754,0.302675246,1565.652767,1442.832173,1567.532265,1442.104811,Zack Greinke,Taylor Hearn,54.83988319,43.98252415,1.198966021,-23.35983483,0.731362313,0.268637687,1568.105022,1441.532054,3,1
2021-07-25,2021,971,0,,NYM,TOR,1513.257032,1529.365852,0.511354368,0.488645632,1514.618649,1528.004236,1534.14753,1530.813344,Rich Hill,Ross Stripling,53.36596568,46.91269396,-3.90941366,-17.68023193,0.558880392,0.441119608,1535.042984,1529.91789,5,4
2021-07-25,2021,972,0,,FLA,SDP,1486.942372,1541.694786,0.455858933,0.544141067,1490.6463,1537.990858,1473.896018,1560.765093,John Curtiss,Yu Darvish,46.61270034,57.89176632,-22.64207961,30.44609033,0.339056061,0.660943939,1477.46596,1557.195152,9,3
2021-07-25,2021,973,0,,CLE,TBD,1490.734179,1561.785443,0.432698717,0.567301283,1492.330509,1560.189113,1497.8984,1556.029922,Triston McKenzie,Ryan Yarbrough,48.91478175,50.80412354,-3.731463254,-2.94947907,0.44992387,0.55007613,1499.050739,1554.877583,3,2
2021-07-25,2021,974,0,,CIN,STL,1500.071345,1493.699361,0.5435978,0.4564022,1497.184926,1496.58578,1500.059245,1493.025886,Sonny Gray,Johan Oviedo,55.71709874,45.44243891,17.96288093,-26.15727203,0.606498742,0.393501258,1497.576776,1495.508355,6,10
2021-07-25,2021,975,0,,BOS,NYY,1536.07172,1527.7435,0.546390243,0.453609757,1537.277245,1526.537975,1532.557179,1547.673704,Martin Perez,Domingo German,48.72835364,50.71280076,-15.70789588,-20.34315002,0.519445203,0.480554797,1533.530704,1546.700179,5,4
2021-07-25,2021,976,0,,PHI,ATL,1502.674799,1529.292548,0.496232827,0.503767173,1504.079011,1527.888337,1503.932706,1529.592265,Aaron Nola,Touki Toussaint,53.92362823,46.37376687,9.141856857,-31.043098,0.555216383,0.444783617,1504.831152,1528.693819,2,1
2021-07-25,2021,977,0,,BAL,WSN,1449.817946,1504.45402,0.456025059,0.543974941,1451.333329,1502.938637,1433.65225,1508.55136,John Means,Paolo Espino,55.70382602,49.2169399,43.14346069,-8.270614562,0.500741094,0.499258906,1434.67379,1507.52982,5,4
2021-07-24,2021,978,0,,SEA,OAK,1490.325626,1534.169233,0.471473766,0.528526234,1491.853863,1532.640996,1480.533121,1522.37137,Logan Gilbert,Chris Bassitt,54.24373842,57.43966702,28.14358832,16.87956434,0.49054006,0.50945994,1481.628109,1521.276382,5,4
2021-07-24,2021,979,0,,LAD,COL,1577.919803,1473.79016,0.676465023,0.323534977,1578.745149,1472.964813,1589.433238,1455.071236,Tony Gonsolin,Kyle Freeland,51.79953909,49.78034337,-16.70964544,-17.10143683,0.713789449,0.286210551,1589.947196,1454.557278,1,0
2021-07-24,2021,980,0,,SFG,PIT,1553.932172,1443.379158,0.684504199,0.315495801,1547.980673,1449.330656,1533.463612,1430.615783,Kevin Gausman,Wil Crowe,59.01863271,42.34991853,31.03175284,-21.91233399,0.737877422,0.262122578,1528.372346,1435.707049,2,10
2021-07-24,2021,981,0,,NYM,TOR,1517.08602,1525.536865,0.522362106,0.477637894,1513.257032,1529.365852,1536.924764,1528.036111,Taijuan Walker,Hyun Jin Ryu,53.33885947,55.3090606,-5.806808669,21.16878555,0.508508754,0.491491246,1534.14753,1530.813344,3,10
2021-07-24,2021,982,0,,MIN,ANA,1482.323381,1490.799713,0.522325499,0.477674501,1480.882383,1492.24071,1495.837752,1498.995565,Jose Berrios,Patrick Sandoval,56.33473195,48.55409205,25.82352129,-6.843994184,0.576403506,0.423596494,1494.61654,1500.216777,1,2
2021-07-24,2021,983,0,,MIL,CHW,1531.021971,1538.486908,0.52377792,0.47622208,1533.8376,1535.671279,1532.604102,1541.222962,Corbin Burnes,Carlos Rodon,61.2541033,59.24710462,31.21056205,17.66460362,0.541533514,0.458466486,1534.615515,1539.211548,6,1
2021-07-24,2021,984,0,,KCR,DET,1448.873956,1472.735699,0.500198967,0.499801033,1450.237863,1471.371792,1450.98516,1466.752968,Carlos Hernandez,Casey Mize,45.74341957,52.55621245,-14.15396571,11.47736623,0.474981536,0.525018464,1452.07283,1465.665297,9,8
2021-07-24,2021,985,0,,HOU,TEX,1563.598911,1444.88603,0.694559192,0.305440808,1564.734106,1443.750835,1566.512445,1443.124631,Framber Valdez,Kyle Gibson,52.5374917,54.64690187,-9.288723128,26.69902545,0.655040562,0.344959438,1567.532265,1442.104811,4,1
2021-07-24,2021,986,0,,CLE,TBD,1493.497067,1559.022556,0.440522958,0.559477042,1490.734179,1561.785443,1500.017775,1553.910547,J.C. Mejia,Drew Rasmussen,44.54959044,47.42589743,-24.90253903,-18.66364379,0.448188996,0.551811004,1497.8984,1556.029922,2,8
2021-07-24,2021,987,0,,CIN,STL,1498.425536,1495.345169,0.538893051,0.461106949,1500.071345,1493.699361,1498.944914,1494.140217,Luis Castillo,Jake Woodford,54.50922829,49.08011618,13.19049445,-9.525266223,0.573605181,0.426394819,1500.059245,1493.025886,5,3
2021-07-24,2021,988,0,,BAL,WSN,1447.80078,1506.471186,0.450270234,0.549729766,1449.817946,1504.45402,1432.133225,1510.070385,Matt Harvey,Jon Lester,42.88030586,43.88564733,-15.49917898,-33.49921936,0.448465983,0.551534017,1433.65225,1508.55136,5,3
2021-07-24,2021,989,0,,FLA,SDP,1485.322486,1543.314672,0.451236802,0.548763198,1486.942372,1541.694786,1472.511911,1562.149201,Braxton Garrett,Ryan Weathers,45.25683151,47.74265152,-28.37638717,-17.07372715,0.391049709,0.608950291,1473.896018,1560.765093,3,2
2021-07-24,2021,990,0,,PHI,ATL,1507.891743,1524.075605,0.511246429,0.488753571,1502.674799,1529.292548,1507.800502,1525.724469,Vince Velasquez,Drew Smyly,48.27122602,49.2559352,-18.79012113,-17.25836065,0.506539361,0.493460639,1503.932706,1529.592265,3,15
2021-07-24,2021,991,0,,BOS,NYY,1537.610598,1526.204622,0.550777642,0.449222358,1536.07172,1527.7435,1533.718103,1546.51278,Nathan Eovaldi,Jameson Taillon,55.95373674,53.50080385,19.20758998,-6.823453616,0.553383201,0.446616799,1532.557179,1547.673704,3,4
2021-07-24,2021,992,0,,CHC,ARI,1496.178336,1439.962946,0.61343088,0.38656912,1492.798583,1443.3427,1495.93195,1443.949203,Alec Mills,Merrill Kelly,50.33970796,53.07439406,9.318617254,24.25612335,0.586958162,0.413041838,1493.535416,1446.345737,3,7
2021-07-23,2021,993,0,,SEA,OAK,1488.781504,1535.713355,0.467046253,0.532953747,1490.325626,1534.169233,1479.45568,1523.448811,Yusei Kikuchi,Frankie Montas,50.66988632,52.48831934,11.56404496,-6.402393211,0.497083388,0.502916612,1480.533121,1522.37137,4,3
2021-07-23,2021,994,0,,LAD,COL,1581.418446,1470.291516,0.685217232,0.314782768,1577.919803,1473.79016,1592.46164,1452.042834,David Price,Chi Chi Gonzalez,52.5942334,46.54570452,-13.54258506,-32.62126304,0.742657477,0.257342523,1589.433238,1455.071236,6,9
2021-07-23,2021,995,0,,SFG,PIT,1556.802191,1440.509138,0.691596079,0.308403921,1553.932172,1443.379158,1535.413054,1428.666341,Johnny Cueto,Chad Kuhl,48.63808719,48.35894854,-17.79383395,6.406118484,0.646355765,0.353644235,1533.463612,1430.615783,4,6
2021-07-23,2021,996,0,,MIN,ANA,1481.022409,1492.100684,0.518587288,0.481412712,1482.323381,1490.799713,1494.790197,1500.043119,J.A. Happ,Alex Cobb,46.99058764,51.4558388,-18.30203931,6.976293585,0.490601876,0.509398124,1495.837752,1498.995565,5,4
2021-07-23,2021,997,0,,MIL,CHW,1527.816003,1541.692877,0.514564228,0.485435772,1531.021971,1538.486908,1530.223974,1543.603089,Freddy Peralta,Lucas Giolito,57.0010097,57.86457822,11.75549519,10.906525,0.518451881,0.481548119,1532.604102,1541.222962,7,1
2021-07-23,2021,998,0,,KCR,DET,1447.112086,1474.497569,0.495128052,0.504871948,1448.873956,1472.735699,1449.627613,1468.110515,Kris Bubic,Wily Peralta,44.81612817,50.46882835,-18.2114706,0.987518874,0.484086653,0.515913347,1450.98516,1466.752968,5,3
2021-07-23,2021,999,0,,HOU,TEX,1562.25294,1446.232001,0.691261877,0.308738123,1563.598911,1444.88603,1565.520289,1444.116787,Jake Odorizzi,Kolby Allard,52.49494365,48.77117232,-9.771668359,-1.751727835,0.694773583,0.305226417,1566.512445,1443.124631,7,3
2021-07-23,2021,1000,0,,NYM,TOR,1514.930255,1527.69263,0.516166604,0.483833396,1517.08602,1525.536865,1535.355027,1529.605847,Tylor Megill,Steven Matz,49.77721767,48.40085637,-21.61825869,-11.2557865,0.527293468,0.472706532,1536.924764,1528.036111,3,0
2021-07-23,2021,1001,0,,FLA,SDP,1487.357185,1541.279973,0.457043802,0.542956198,1485.322486,1543.314672,1473.815924,1560.845187,Zach Thompson,Joe Musgrove,52.44211199,53.15946064,5.134970805,8.330676459,0.405832305,0.594167695,1472.511911,1562.149201,2,5
2021-07-23,2021,1002,0,,CLE,TBD,1496.026323,1556.4933,0.447711675,0.552288325,1493.497067,1559.022556,1502.266704,1551.661618,Zach Plesac,Josh Fleming,54.10906008,48.59485703,19.78895338,-13.84280759,0.511851555,0.488148445,1500.017775,1553.910547,5,10
2021-07-23,2021,1003,0,,CIN,STL,1497.170046,1496.600659,0.535299367,0.464700633,1498.425536,1495.345169,1498.145827,1494.939304,Tyler Mahle,Wade LeBlanc,52.79771758,45.52973052,4.725696957,-26.75976522,0.589802602,0.410197398,1498.944914,1494.140217,6,5
2021-07-23,2021,1004,0,,BOS,NYY,1535.365568,1528.449652,0.544374523,0.455625477,1537.610598,1526.204622,1531.669993,1548.56089,Eduardo Rodriguez,Gerrit Cole,54.2652426,63.59230231,11.00167339,40.50631939,0.467814787,0.532185213,1533.718103,1546.51278,6,2
2021-07-23,2021,1005,0,,PHI,ATL,1505.304922,1526.662426,0.503802783,0.496197217,1507.891743,1524.075605,1506.185849,1527.339122,Zack Wheeler,Max Fried,61.26824348,52.42870272,43.0604786,-2.893802357,0.569772049,0.430227951,1507.800502,1525.724469,5,1
2021-07-23,2021,1006,0,,BAL,WSN,1444.434805,1509.837161,0.440697661,0.559302339,1447.80078,1506.471186,1429.534173,1512.669437,Jorge Lopez,Patrick Corbin,45.20150306,48.01692192,-4.081580996,-14.3768923,0.427436581,0.572563419,1432.133225,1510.070385,6,1
2021-07-23,2021,1007,0,,CHC,ARI,1494.015954,1442.125329,0.607510948,0.392489052,1496.178336,1439.962946,1494.084233,1445.79692,Zach Davies,Zac Gallen,49.82041071,54.8563007,7.1630329,31.38411061,0.56763085,0.43236915,1495.93195,1443.949203,8,3
2021-07-22,2021,1008,0,,SEA,OAK,1490.895565,1533.599294,0.473109143,0.526890857,1488.781504,1535.713355,1481.019565,1521.884926,Chris Flexen,Sean Manaea,48.57077093,54.62096582,1.679874215,4.35566688,0.468042029,0.531957971,1479.45568,1523.448811,1,4
2021-07-22,2021,1009,0,,LAD,SFG,1583.716998,1554.503639,0.575986937,0.424013063,1581.418446,1556.802191,1594.396225,1533.47847,Walker Buehler,Anthony DeSclafani,59.50235574,54.9501252,19.80918244,12.00883437,0.63035226,0.36964774,1592.46164,1535.413054,3,5
2021-07-22,2021,1010,0,,MIN,ANA,1482.464798,1490.658295,0.522731706,0.477268294,1481.022409,1492.100684,1495.950676,1498.88264,Kenta Maeda,Andrew Heaney,54.12612816,49.51839506,15.76454941,-1.178522168,0.553211891,0.446788109,1494.790197,1500.043119,2,3
2021-07-22,2021,1011,0,,STL,CHC,1495.330806,1495.285807,0.534548394,0.465451606,1496.600659,1494.015954,1493.988385,1495.035151,Kwang Hyun Kim,Adbert Alzolay,53.10291349,50.0066144,9.566561261,8.083215502,0.53510919,0.46489081,1494.939304,1494.084233,3,2
2021-07-22,2021,1012,0,,FLA,SDP,1488.657953,1539.979205,0.460762404,0.539237596,1487.357185,1541.279973,1474.601363,1560.059749,Anthony Bender,Blake Snell,47.4,50.4702459,-18.49318897,-3.742102147,0.391504771,0.608495229,1473.815924,1560.845187,2,3
2021-07-22,2021,1013,0,,CLE,TBD,1497.223282,1555.296341,0.451121527,0.548878473,1496.026323,1556.4933,1503.233969,1550.694353,Cal Quantrill,Luis Patino,46.79959832,46.8368974,-14.09161902,-22.50621801,0.478119186,0.521880814,1502.266704,1551.661618,4,5
2021-07-22,2021,1014,0,,BOS,NYY,1534.141073,1529.674146,0.540875772,0.459124228,1535.365568,1528.449652,1530.676871,1549.554012,Tanner Houck,Jordan Montgomery,51.69683659,53.92191196,-0.314883507,-3.990953953,0.511814727,0.488185273,1531.669993,1548.56089,5,4
2021-07-22,2021,1015,0,,PHI,ATL,1508.361961,1523.605386,0.512599057,0.487400943,1505.304922,1526.662426,1508.038515,1525.486457,Matt Moore,Charlie Morton,44.46315273,56.66138166,-36.65499245,17.42361002,0.433880681,0.566119319,1506.185849,1527.339122,2,7
2021-07-22,2021,1016,0,,DET,TEX,1473.073109,1447.656461,0.570640559,0.429359441,1474.497569,1446.232001,1466.986991,1445.240311,Tyler Alexander,Mike Foltynewicz,46.48324982,47.3870892,-17.60656602,-9.43391428,0.553863545,0.446136455,1468.110515,1444.116787,7,5
2021-07-21,2021,1017,0,,LAD,SFG,1586.048219,1552.172419,0.582528027,0.417471973,1583.716998,1554.503639,1596.296274,1531.57842,Julio Urias,Logan Webb,52.54543799,50.27601746,-12.25000634,-9.893397575,0.621785878,0.378214122,1594.396225,1533.47847,2,4
2021-07-21,2021,1018,0,,HOU,CLE,1564.118099,1495.358123,0.630408421,0.369591579,1562.25294,1497.223282,1567.009351,1501.744908,Lance McCullers Jr.,Eli Morgan,55.82693172,45.44384502,5.572147111,-20.27035786,0.659846187,0.340153813,1565.520289,1503.233969,4,5
2021-07-21,2021,1019,0,,CHW,MIN,1545.58673,1478.570945,0.628066031,0.371933969,1541.692877,1482.464798,1546.162528,1493.391238,Dylan Cease,Michael Pineda,51.50250249,53.00838478,-19.47641985,11.05891838,0.566148851,0.433851149,1543.603089,1495.950676,2,7
2021-07-21,2021,1020,0,,STL,CHC,1494.048093,1496.56852,0.530872269,0.469127731,1495.330806,1495.285807,1492.983451,1496.040085,Adam Wainwright,Kyle Hendricks,54.54777005,54.16792144,17.08037821,27.94944486,0.514494021,0.485505979,1493.988385,1495.035151,3,2
2021-07-21,2021,1021,0,,DET,TEX,1471.630762,1449.098808,0.566567329,0.433432671,1473.073109,1447.656461,1465.862343,1446.364958,Matt Manning,Jordan Lyles,46.10607771,46.69464403,-19.07186811,-12.90800964,0.553521427,0.446478573,1466.986991,1445.240311,4,2
2021-07-21,2021,1022,0,,TOR,BOS,1530.061981,1531.771723,0.53203432,0.46796568,1527.69263,1534.141073,1531.658079,1528.624639,Robbie Ray,Garrett Richards,55.42391787,47.51814977,21.27230599,-20.14691213,0.597256112,0.402743888,1529.605847,1530.676871,4,7
2021-07-21,2021,1023,0,,WSN,FLA,1512.028876,1486.466238,0.570846451,0.429153549,1509.837161,1488.657953,1514.421494,1472.849305,Erick Fedde,Nick Neidert,46.27556673,45.4450347,-22.00303828,-27.29488204,0.600590508,0.399409492,1512.669437,1474.601363,1,3
2021-07-21,2021,1024,0,,NYY,PHI,1528.520974,1509.515134,0.561576216,0.438423784,1529.674146,1508.361961,1548.725164,1508.867362,Asher Wojciechowski,Spencer Howard,47.60221975,47.29836142,-33.91454109,-22.90093007,0.575467849,0.424532151,1549.554012,1508.038515,6,5
2021-07-21,2021,1025,0,,ATL,SDP,1552.275494,1502.669559,0.604370636,0.395629364,1550.535233,1504.40982,1547.476699,1523.762676,Bryse Wilson,Reiss Knehr,47.01349248,46.62977368,-30.49857566,-14.77753453,0.545911907,0.454088093,1546.327361,1524.912014,5,6
2021-07-21,2021,1026,0,,ARI,PIT,1440.492604,1442.141863,0.532121003,0.467878997,1442.125329,1440.509138,1444.657474,1429.805787,Madison Bumgarner,Max Kranick,49.60740641,48.26178161,6.619798625,5.367960635,0.557458655,0.442541345,1445.79692,1428.666341,6,4
2021-07-21,2021,1027,0,,COL,SEA,1468.240781,1492.946299,0.498984679,0.501015321,1470.291516,1490.895565,1450.512708,1482.549691,Austin Gomber,Keynan Middleton,54.3437105,47.4,4.060158136,-4.703225414,0.501045374,0.498954626,1452.042834,1481.019565,6,3
2021-07-21,2021,1028,0,,MIL,KCR,1531.017646,1443.910443,0.654659525,0.345340475,1527.816003,1447.112086,1532.40408,1447.447507,Eric Lauer,Brad Keller,47.61093566,48.62539586,-32.01579066,0.040375208,0.608896085,0.391103915,1530.223974,1449.627613,3,6
2021-07-21,2021,1029,0,,CIN,NYM,1500.959731,1511.14057,0.51987689,0.48012311,1497.170046,1514.930255,1500.596507,1532.904347,Jeff Hoffman,Marcus Stroman,46.94786114,52.7404423,-24.12171693,-6.14777228,0.462249449,0.537750551,1498.145827,1535.355027,0,7
2021-07-21,2021,1030,0,,ATL,SDP,1525.031212,1538.553378,0.515074246,0.484925754,1523.605386,1539.979205,1526.51632,1559.029886,Kyle Muller,Chris Paddack,50.10195484,46.52177426,-13.27682886,-21.63956412,0.499782937,0.500217063,1525.486457,1560.059749,2,3
2021-07-21,2021,1031,0,,TBD,BAL,1554.534368,1445.196778,0.682991293,0.317008707,1555.296341,1444.434805,1550.157653,1430.070873,Michael Wacha,Keegan Akin,48.36046005,42.78935929,-15.86269751,-15.60943104,0.695926005,0.304073995,1550.694353,1429.534173,5,4
2021-07-20,2021,1032,0,,LAD,SFG,1584.500076,1553.720561,0.578187239,0.421812761,1586.048219,1552.172419,1595.152195,1532.722499,Darien Nunez,Alex Wood,47.4,50.54457448,-37.05133622,-8.707222975,0.582821674,0.417178326,1596.296274,1531.57842,8,6
2021-07-20,2021,1033,0,,ARI,PIT,1437.755349,1444.879118,0.524267767,0.475732233,1440.492604,1442.141863,1442.686099,1431.777162,Taylor Widener,Tyler Anderson,50.10516315,50.43971132,8.262293163,15.94443608,0.539102496,0.460897504,1444.657474,1429.805787,11,6
2021-07-20,2021,1034,0,,COL,SEA,1469.880508,1491.306573,0.503704123,0.496295877,1468.240781,1492.946299,1451.848783,1481.213616,German Marquez,Marco Gonzales,61.20273252,49.88120422,36.1863238,6.969983473,0.538429915,0.461570085,1450.512708,1482.549691,4,6
2021-07-20,2021,1035,0,,STL,CHC,1495.561447,1495.055166,0.535209002,0.464790998,1494.048093,1496.56852,1494.060719,1494.962818,Johan Oviedo,Trevor Williams,44.44466004,44.92195432,-29.90607426,-15.9605534,0.513168288,0.486831712,1492.983451,1496.040085,6,7
2021-07-20,2021,1036,0,,HOU,CLE,1561.856443,1497.619778,0.624321345,0.375678655,1564.118099,1495.358123,1565.342119,1503.41214,Luis Garcia,Triston McKenzie,55.76639368,50.07678016,6.237663624,0.526653152,0.628906359,0.371093641,1567.009351,1501.744908,9,3
2021-07-20,2021,1037,0,,CHW,MIN,1543.818237,1480.339438,0.623297561,0.376702439,1545.58673,1478.570945,1544.660332,1494.893434,Dallas Keuchel,Bailey Ober,50.46323773,48.11029525,-24.36979998,-12.07439086,0.587552902,0.412447098,1546.162528,1493.391238,9,5
2021-07-20,2021,1038,0,,ATL,SDP,1523.696015,1539.888576,0.511233917,0.488766083,1525.031212,1538.553378,1525.180879,1560.365326,Touki Toussaint,Yu Darvish,44.23862329,58.08547896,-40.03057189,32.85632131,0.384759446,0.615240554,1526.51632,1559.029886,2,1
2021-07-20,2021,1039,0,,TBD,BAL,1552.71754,1447.013606,0.678445229,0.321554771,1554.534368,1445.196778,1548.464994,1431.763532,Shane McClanahan,John Means,51.46149464,56.89563496,-0.808199065,50.07046887,0.626460405,0.373539595,1550.157653,1430.070873,9,3
2021-07-20,2021,1040,0,,DET,TEX,1469.818346,1450.911224,0.5614363,0.4385637,1471.630762,1449.098808,1464.415502,1447.811799,Tarik Skubal,Dane Dunning,50.14544493,52.36551149,0.562681841,13.40096872,0.5398728,0.4601272,1465.862343,1446.364958,4,1
2021-07-20,2021,1041,0,,CIN,NYM,1499.637699,1512.462601,0.516076715,0.483923285,1500.959731,1511.14057,1499.698607,1533.802247,Wade Miley,Robert Stock,53.24953352,45.52699744,5.723076037,-40.70420139,0.55208429,0.44791571,1500.596507,1532.904347,4,3
2021-07-20,2021,1042,0,,WSN,FLA,1510.141882,1488.353233,0.565516291,0.434483709,1512.028876,1486.466238,1512.877573,1474.393226,Paolo Espino,Trevor Rogers,48.0129869,56.44772344,-13.29104444,24.52520379,0.535440715,0.464559285,1514.421494,1472.849305,6,3
2021-07-20,2021,1043,0,,NYY,PHI,1526.997874,1511.038234,0.557254314,0.442745686,1528.520974,1509.515134,1547.548327,1510.0442,Domingo German,Aaron Nola,50.69088437,54.5133172,-19.57294543,10.56066107,0.547013169,0.452986831,1548.725164,1508.867362,6,4
2021-07-20,2021,1044,0,,MIL,KCR,1534.27788,1440.650209,0.663095453,0.336904547,1531.017646,1443.910443,1534.601081,1445.250505,Brett Anderson,Mike Minor,49.07844353,50.36535143,-25.27513212,8.716059613,0.612560864,0.387439136,1532.40408,1447.447507,2,5
2021-07-20,2021,1045,0,,OAK,ANA,1531.032479,1493.225109,0.588021372,0.411978628,1533.599294,1490.658295,1520.154603,1500.612964,James Kaprielian,Jose Suarez,53.24012569,40.79845129,-1.398838328,-42.0755333,0.618880612,0.381119388,1521.884926,1498.88264,6,0
2021-07-19,2021,1046,0,,LAD,SFG,1588.222523,1549.998115,0.588602815,0.411397185,1584.500076,1553.720561,1597.802835,1530.071859,Tony Gonsolin,Kevin Gausman,52.95066677,59.9840541,-12.16693173,35.10185366,0.564635869,0.435364131,1595.152195,1532.722499,2,7
2021-07-19,2021,1047,0,,OAK,ANA,1529.261703,1494.995886,0.583073914,0.416926086,1531.032479,1493.225109,1518.619018,1502.148549,Cole Irvin,Shohei Ohtani,52.46790891,52.60016654,-4.348636105,14.51139168,0.534234546,0.465765454,1520.154603,1500.612964,4,1
2021-07-19,2021,1048,0,,ARI,PIT,1436.065922,1446.568545,0.519414521,0.480585479,1437.755349,1444.879118,1441.57438,1432.888881,Caleb Smith,Chase De Jong,46.71746151,43.6805139,-7.077629298,-16.50969632,0.56568507,0.43431493,1442.686099,1431.777162,4,2
2021-07-19,2021,1049,0,,CHW,MIN,1542.572717,1481.584958,0.619924756,0.380075244,1543.818237,1480.339438,1543.319088,1496.234678,Reynaldo Lopez,Jose Berrios,46.65371591,56.78453831,-42.56761001,28.5573066,0.499941706,0.500058294,1544.660332,1494.893434,5,3
2021-07-19,2021,1050,0,,HOU,CLE,1560.891805,1498.584417,0.621712967,0.378287033,1561.856443,1497.619778,1564.712472,1504.041787,Zack Greinke,J.C. Mejia,55.00692413,44.72836028,2.536503319,-24.96136007,0.656840128,0.343159872,1565.342119,1503.41214,4,3
2021-07-19,2021,1051,0,,STL,CHC,1492.801412,1497.815201,0.527296189,0.472703811,1495.561447,1495.055166,1491.817564,1497.205972,Jake Woodford,Alec Mills,47.94944932,50.8809992,-12.92511976,11.65469065,0.496244889,0.503755111,1494.060719,1494.962818,8,3
2021-07-19,2021,1052,0,,TBD,BAL,1557.260793,1442.470353,0.689748117,0.310251883,1552.71754,1447.013606,1551.82534,1428.403186,Ryan Yarbrough,Spenser Watkins,51.49187427,48.83742239,-1.325151997,13.07446,0.683601424,0.316398576,1548.464994,1431.763532,1,6
2021-07-19,2021,1053,0,,DET,TEX,1464.937893,1455.791677,0.547557045,0.452442955,1469.818346,1450.911224,1460.453723,1451.773579,Casey Mize,Kyle Gibson,52.06004566,56.55489117,10.12899199,31.61368007,0.51873757,0.48126243,1464.415502,1447.811799,14,0
2021-07-19,2021,1054,0,,CIN,NYM,1502.395744,1509.704557,0.524002087,0.475997913,1499.637699,1512.462601,1501.738819,1531.762036,Vladimir Gutierrez,Jerad Eickhoff,48.15482913,46.60236197,-19.9801381,-36.6986312,0.518220075,0.481779925,1499.698607,1533.802247,11,15
2021-07-19,2021,1055,0,,TOR,BOS,1534.732237,1527.101466,0.54539499,0.45460501,1530.061981,1531.771723,1535.099326,1525.183393,Ross Stripling,Nick Pivetta,48.67981261,51.39392858,-12.20816189,-2.340573016,0.537653725,0.462346275,1531.658079,1528.624639,4,13
2021-07-19,2021,1056,0,,WSN,FLA,1504.557959,1493.937155,0.549659088,0.450340912,1510.141882,1488.353233,1508.927218,1478.343581,Jon Lester,Ross Detwiler,42.42103706,45.16791378,-38.58229801,-30.91954758,0.569288513,0.430711487,1512.877573,1474.393226,18,1
2021-07-19,2021,1057,0,,CHW,MIN,1544.377171,1479.780504,0.624807273,0.375192727,1542.572717,1481.584958,1544.799238,1494.754527,Lance Lynn,Griffin Jax,60.33173361,45.80718786,22.18956977,-22.45712082,0.666923127,0.333076873,1543.319088,1496.234678,2,3
2021-07-18,2021,1058,0,,NYY,BOS,1523.343584,1530.755757,0.52385368,0.47614632,1526.997874,1527.101466,1545.1306,1527.601119,Jameson Taillon,Martin Perez,52.83614332,48.78182793,-8.954997456,-14.81587059,0.567780369,0.432219631,1547.548327,1525.183393,9,1
2021-07-18,2021,1059,0,,ARI,CHC,1434.021924,1499.859199,0.440080658,0.559919342,1436.065922,1497.815201,1440.138578,1498.641774,Merrill Kelly,Zach Davies,52.47975061,50.1239131,20.77181245,7.889993687,0.468924442,0.531075558,1441.57438,1497.205972,6,4
2021-07-18,2021,1060,0,,OAK,CLE,1531.492115,1496.354004,0.58429408,0.41570592,1529.261703,1498.584417,1520.208209,1502.452596,Chris Bassitt,Zach Plesac,57.52043085,53.9881791,19.51747373,18.86203687,0.560733049,0.439266951,1518.619018,1504.041787,2,4
2021-07-18,2021,1061,0,,ANA,SEA,1497.506233,1488.796226,0.546934894,0.453065106,1494.995886,1491.306573,1503.958786,1479.403379,Patrick Sandoval,Logan Gilbert,48.70184125,53.2962045,-3.989516612,23.79282212,0.529859276,0.470140724,1502.148549,1481.213616,4,7
2021-07-18,2021,1062,0,,TOR,TEX,1531.795662,1458.728252,0.636166721,0.363833279,1534.732237,1455.791677,1532.777376,1454.095529,Steven Matz,Mike Foltynewicz,47.65039409,50.29765349,-16.50605492,-0.5366338,0.622261168,0.377738832,1535.099326,1451.773579,10,0
2021-07-18,2021,1063,0,,COL,LAD,1468.027298,1590.075733,0.362527186,0.637472814,1469.880508,1588.222523,1450.436936,1599.214682,Jon Gray,David Price,54.34751068,51.97888805,4.816721944,-16.31905768,0.3551194,0.6448806,1451.848783,1597.802835,6,5
2021-07-18,2021,1064,0,,WSN,SDP,1503.067692,1541.378843,0.479416239,0.520583761,1504.557959,1539.888576,1507.869685,1561.422859,Max Scherzer,Joe Musgrove,59.69252223,53.69676472,42.77853203,11.8427258,0.501989757,0.498010243,1508.927218,1560.365326,8,7
2021-07-18,2021,1065,0,,STL,SFG,1491.228668,1551.570859,0.4478893,0.5521107,1492.801412,1549.998115,1490.690202,1531.199222,Wade LeBlanc,Johnny Cueto,44.99487753,48.05790602,-26.57459128,-20.61178993,0.46770547,0.53229453,1491.817564,1530.071859,2,1
2021-07-18,2021,1066,0,,KCR,BAL,1443.833628,1439.286935,0.540989796,0.459010204,1440.650209,1442.470353,1447.799745,1425.853947,Carlos Hernandez,Matt Harvey,44.88019101,41.58045695,-16.74478125,-20.01153497,0.570352681,0.429647319,1445.250505,1428.403186,0,5
2021-07-18,2021,1067,0,,CHW,HOU,1541.828665,1563.44031,0.503437066,0.496562934,1544.377171,1560.891805,1543.003405,1566.508306,Carlos Rodon,Framber Valdez,57.59345684,52.96917273,10.98393724,-7.521927721,0.527317356,0.472682644,1544.799238,1564.712472,4,0
2021-07-18,2021,1068,0,,PHI,FLA,1509.100225,1495.875164,0.553367117,0.446632883,1511.038234,1493.937155,1509.110836,1479.276945,Zack Wheeler,Braxton Garrett,61.95481854,45.97523138,45.34377456,-27.80841655,0.675022627,0.324977373,1510.0442,1478.343581,7,4
2021-07-18,2021,1069,0,,ATL,TBD,1525.477282,1555.479525,0.491362938,0.508637062,1523.696015,1557.260793,1526.415589,1550.59063,Drew Smyly,Rich Hill,49.13105527,53.82336849,-17.08965098,9.295870927,0.461850565,0.538149435,1525.180879,1551.82534,5,7
2021-07-18,2021,1070,0,,DET,MIN,1461.422983,1483.295415,0.503061777,0.496938223,1464.937893,1479.780504,1457.766012,1497.442237,Wily Peralta,J.A. Happ,49.53365342,47.98155154,-0.87473443,-13.30213894,0.495324708,0.504675292,1460.453723,1494.754527,7,0
2021-07-18,2021,1071,0,,CIN,MIL,1506.314045,1530.359579,0.499934472,0.500065528,1502.395744,1534.27788,1504.558051,1531.781849,Sonny Gray,Corbin Burnes,56.671435,59.98006779,19.34427617,27.43443967,0.483723652,0.516276348,1501.738819,1534.601081,0,8
2021-07-18,2021,1072,0,,TOR,TEX,1529.841695,1460.682219,0.630944078,0.369055922,1531.795662,1458.728252,1531.528052,1455.344853,Hyun Jin Ryu,Kolby Allard,54.43781285,49.20778011,16.37756176,-6.130757578,0.669576256,0.330423744,1532.777376,1454.095529,5,0
2021-07-18,2021,1073,0,,PIT,NYM,1447.810831,1508.462271,0.44744913,0.55255087,1446.568545,1509.704557,1433.711079,1530.939838,JT Brubaker,Taijuan Walker,49.71612377,55.52178033,11.2136745,3.202716666,0.407231083,0.592768917,1432.888881,1531.762036,6,7
2021-07-17,2021,1074,0,,ANA,SEA,1494.829533,1491.472926,0.539288163,0.460711837,1497.506233,1488.796226,1502.022518,1481.339647,Alex Cobb,Yusei Kikuchi,50.9883846,51.76022866,7.269337479,15.7058726,0.551974249,0.448025751,1503.958786,1479.403379,9,4
2021-07-17,2021,1075,0,,COL,LAD,1470.339019,1587.764012,0.368700091,0.631299909,1468.027298,1590.075733,1451.62776,1598.023858,Kyle Freeland,Walker Buehler,48.97752929,58.79233915,-19.86620742,16.53694757,0.286157094,0.713842906,1450.436936,1599.214682,2,9
2021-07-17,2021,1076,0,,ATL,TBD,1521.035177,1559.921631,0.478589771,0.521410229,1525.477282,1555.479525,1523.166399,1553.83982,Max Fried,Josh Fleming,51.30152301,51.11603094,-5.887781477,-4.899553166,0.488975787,0.511024213,1526.415589,1550.59063,9,0
2021-07-17,2021,1077,0,,STL,SFG,1489.124762,1553.674765,0.44190739,0.55809261,1491.228668,1551.570859,1489.195706,1532.693718,Kwang Hyun Kim,Anthony DeSclafani,52.35385296,55.25684073,8.804757743,13.06554609,0.465861535,0.534138465,1490.690202,1531.199222,3,1
2021-07-17,2021,1078,0,,NYY,BOS,1521.648994,1532.450347,0.518985248,0.481014752,1523.343584,1530.755757,1544.100649,1528.63107,Gerrit Cole,Nathan Eovaldi,63.13274811,55.19406728,40.27376366,16.19772083,0.590443239,0.409556761,1545.1306,1527.601119,3,1
2021-07-17,2021,1079,0,,CHW,HOU,1537.542085,1567.726891,0.491100289,0.508899711,1541.828665,1563.44031,1539.919324,1569.592387,Lucas Giolito,Jake Odorizzi,56.33076103,53.91247796,6.556621277,-4.465530679,0.507697349,0.492302651,1543.003405,1566.508306,10,1
2021-07-17,2021,1080,0,,KCR,BAL,1446.676193,1436.444369,0.549104762,0.450895238,1443.833628,1439.286935,1450.141346,1423.512346,Brady Singer,Jorge Lopez,51.17394386,45.2913467,11.38584152,-2.681622385,0.592044278,0.407955722,1447.799745,1425.853947,4,8
2021-07-17,2021,1081,0,,CIN,MIL,1508.577389,1528.096234,0.506448543,0.493551457,1506.314045,1530.359579,1506.034163,1530.305737,Luis Castillo,Brandon Woodruff,53.9719036,62.39557461,7.233902812,39.23549092,0.45368831,0.54631169,1504.558051,1531.781849,4,7
2021-07-17,2021,1082,0,,WSN,SDP,1506.289662,1538.156873,0.488680107,0.511319893,1503.067692,1541.378843,1510.055091,1559.237454,Patrick Corbin,Blake Snell,48.97445381,51.32154639,-8.582292453,-0.122245262,0.451735432,0.548264568,1507.869685,1561.422859,4,10
2021-07-17,2021,1083,0,,PIT,NYM,1445.662479,1510.610623,0.441342229,0.558657771,1447.810831,1508.462271,1431.951714,1532.699204,Wil Crowe,Tylor Megill,42.84477463,48.71812484,-21.67050325,-28.46175336,0.400663692,0.599336308,1433.711079,1530.939838,9,7
2021-07-17,2021,1084,0,,DET,MIN,1460.055403,1484.662994,0.499125607,0.500874393,1461.422983,1483.295415,1456.564411,1498.643839,Tyler Alexander,Kenta Maeda,46.46734713,53.85778175,-15.43096713,14.71554411,0.431039611,0.568960389,1457.766012,1497.442237,5,4
2021-07-17,2021,1085,0,,PHI,FLA,1507.489362,1497.486027,0.548779091,0.451220909,1509.100225,1495.875164,1507.866898,1480.520883,Vince Velasquez,Zach Thompson,47.29196303,52.21971756,-22.87993852,1.682928216,0.53846788,0.46153212,1509.110836,1479.276945,4,2
2021-07-17,2021,1086,0,,ARI,CHC,1435.549615,1498.331508,0.444419019,0.555580981,1434.021924,1499.859199,1441.426298,1497.354054,Zac Gallen,Adbert Alzolay,54.26974212,49.97920334,30.03650264,7.308711319,0.48676328,0.51323672,1440.138578,1498.641774,2,4
2021-07-17,2021,1087,0,,OAK,CLE,1533.200218,1494.645902,0.589062605,0.410937395,1531.492115,1496.354004,1521.465128,1501.195676,Frankie Montas,Cal Quantrill,52.12106771,46.15948766,-5.570016665,-17.50617056,0.580188067,0.419811933,1520.208209,1502.452596,2,3
2021-07-17,2021,1088,0,,DET,MIN,1458.674225,1486.044172,0.495150409,0.504849591,1460.055403,1484.662994,1455.423713,1499.784537,Jose Urena,Charlie Barnes,43.89153253,47.4,-27.03873989,-15.63696102,0.454416858,0.545583142,1456.564411,1498.643839,1,0
2021-07-16,2021,1089,0,,OAK,CLE,1532.109384,1495.736736,0.586019185,0.413980815,1533.200218,1494.645902,1520.689,1501.971804,Sean Manaea,Eli Morgan,54.89349117,45.40208669,7.276969472,-21.25495297,0.601799675,0.398200325,1521.465128,1501.195676,5,4
2021-07-16,2021,1090,0,,ARI,CHC,1437.793324,1496.087799,0.450805949,0.549194051,1435.549615,1498.331508,1443.008203,1495.772149,Madison Bumgarner,Kyle Hendricks,48.87035131,54.06820813,5.406260253,26.88966097,0.430036675,0.569963325,1441.426298,1497.354054,1,5
2021-07-16,2021,1091,0,,ANA,SEA,1496.383081,1489.919377,0.543728787,0.456271213,1494.829533,1491.472926,1503.267801,1480.094364,Andrew Heaney,Chris Flexen,50.06236824,47.86253457,2.430026032,-1.967219623,0.573675892,0.426324108,1502.022518,1481.339647,5,6
2021-07-16,2021,1092,0,,COL,LAD,1472.478469,1585.624562,0.374451597,0.625548403,1470.339019,1587.764012,1452.86418,1596.787439,Chi Chi Gonzalez,Julio Urias,47.31964091,52.78672558,-28.67250807,-12.03661265,0.313001402,0.686998598,1451.62776,1598.023858,4,10
2021-07-16,2021,1093,0,,STL,SFG,1491.709838,1551.089689,0.449259567,0.550740433,1489.124762,1553.674765,1491.556844,1530.33258,Adam Wainwright,Logan Webb,54.71727177,50.28515226,19.95302478,-10.41411761,0.524918023,0.475081977,1489.195706,1532.693718,2,7
2021-07-16,2021,1094,0,,KCR,BAL,1443.484602,1439.63596,0.539991808,0.460008192,1446.676193,1436.444369,1448.194092,1425.459599,Danny Duffy,Keegan Akin,52.87937406,44.41231817,19.88645127,-7.960569105,0.606136997,0.393863003,1450.141346,1423.512346,9,2
2021-07-16,2021,1095,0,,CHW,HOU,1540.807081,1564.461894,0.500496763,0.499503237,1537.542085,1567.726891,1542.20643,1567.305281,Dylan Cease,Lance McCullers Jr.,51.15718633,54.53671913,-17.6106895,-0.322017519,0.474155173,0.525844827,1539.919324,1569.592387,1,7
2021-07-16,2021,1096,0,,PHI,FLA,1511.661004,1493.314385,0.560641693,0.439358307,1507.489362,1497.486027,1511.467145,1476.920636,Zach Eflin,Ross Detwiler,51.99290396,44.84084065,-1.853994435,-33.02055,0.626312582,0.373687418,1507.866898,1480.520883,0,7
2021-07-16,2021,1097,0,,ATL,TBD,1522.348303,1558.608504,0.482363472,0.517636528,1521.035177,1559.921631,1524.315403,1552.690816,Charlie Morton,Michael Wacha,57.04754508,48.99996004,20.96518042,-15.60223881,0.545784016,0.454215984,1523.166399,1553.83982,6,7
2021-07-16,2021,1098,0,,CIN,MIL,1511.644166,1525.029457,0.515271043,0.484728957,1508.577389,1528.096234,1508.522453,1527.817447,Tyler Mahle,Adrian Houser,53.65171913,48.96986805,4.976034689,-24.48568747,0.549011983,0.450988017,1506.034163,1530.305737,6,11
2021-07-16,2021,1099,0,,TOR,TEX,1527.168628,1463.355286,0.623749624,0.376250376,1529.841695,1460.682219,1529.909546,1456.963359,Robbie Ray,Jordan Lyles,54.62793812,48.25087919,18.20138534,-12.2131848,0.675622951,0.324377049,1531.528052,1455.344853,10,2
2021-07-16,2021,1100,0,,WSN,SDP,1512.522961,1531.923574,0.506618664,0.493381336,1506.289662,1538.156873,1514.477593,1554.814951,Erick Fedde,Chris Paddack,47.47309493,46.56417353,-16.93369261,-22.74924546,0.484724147,0.515275853,1510.055091,1559.237454,8,24
2021-07-16,2021,1101,0,,PIT,NYM,1443.012029,1513.261073,0.433832636,0.566167364,1445.662479,1510.610623,1429.821216,1534.829701,Chad Kuhl,Marcus Stroman,48.03796348,52.99561444,3.069909391,-8.6842566,0.401634354,0.598365646,1431.951714,1532.699204,4,1
2021-07-16,2021,1102,0,,NYY,BOS,1524.384777,1529.714564,0.526842763,0.473157237,1521.648994,1532.450347,1546.232224,1526.499495,Jordan Montgomery,Eduardo Rodriguez,53.63337657,53.14078339,-4.143494277,7.681089108,0.543308174,0.456691826,1544.100649,1528.63107,0,4
2021-07-16,2021,1103,0,,PHI,FLA,1509.733177,1495.242212,0.555167436,0.444832564,1511.661004,1493.314385,1509.807805,1478.579976,Matt Moore,Sandy Alcantara,43.81846774,54.80401476,-40.06852602,13.06431089,0.50461273,0.49538727,1511.467145,1476.920636,5,2
2021-07-11,2021,1104,0,,SEA,ANA,1493.538649,1492.763809,0.535593554,0.464406446,1489.919377,1496.383081,1482.869681,1500.492483,Hector Santiago,Jose Suarez,44.08497433,39.92904807,-19.65989091,-44.82761588,0.545272461,0.454727539,1480.094364,1503.267801,1,7
2021-07-11,2021,1105,0,,SDP,COL,1534.463116,1469.938927,0.624709464,0.375290536,1531.923574,1472.478469,1556.846373,1450.832758,Ryan Weathers,Jon Gray,48.06129076,53.8361861,-16.0530374,2.460504462,0.655170635,0.344829365,1554.814951,1452.86418,1,3
2021-07-11,2021,1106,0,,LAD,ARI,1584.632857,1438.785029,0.726656115,0.273343885,1585.624562,1437.793324,1595.910996,1443.884646,Tony Gonsolin,Merrill Kelly,53.12234943,52.16692737,-10.72784065,21.40830461,0.695995058,0.304004942,1596.787439,1443.008203,7,4
2021-07-11,2021,1107,0,,SFG,WSN,1549.613822,1513.998828,0.58496071,0.41503929,1551.089689,1512.522961,1529.367363,1515.44281,Kevin Gausman,Erick Fedde,59.6569034,47.74359092,34.28346912,-16.07740171,0.624387174,0.375612826,1530.33258,1514.477593,3,1
2021-07-11,2021,1108,0,,TEX,OAK,1465.15035,1530.31432,0.441035929,0.558964071,1463.355286,1532.109384,1458.196176,1519.456183,Kolby Allard,Chris Bassitt,49.5125986,56.8741579,-6.635992916,17.36727238,0.412737589,0.587262411,1456.963359,1520.689,1,4
2021-07-11,2021,1109,0,,MIN,DET,1484.274017,1460.444381,0.568400823,0.431599177,1486.044172,1458.674225,1498.730242,1456.478008,Jose Berrios,Wily Peralta,56.59448752,49.11908394,28.03613945,-2.100558522,0.635262248,0.364737752,1499.784537,1455.423713,12,9
2021-07-11,2021,1110,0,,MIL,CIN,1527.18504,1509.488584,0.559719587,0.440280413,1525.029457,1511.644166,1529.632618,1506.707282,Brandon Woodruff,Luis Castillo,62.65600635,53.97020717,39.99429971,6.53992236,0.613655165,0.386344835,1527.817447,1508.522453,1,3
2021-07-11,2021,1111,0,,HOU,NYY,1563.377942,1525.468729,0.588163386,0.411836614,1564.461894,1524.384777,1566.441371,1547.096134,Framber Valdez,Jameson Taillon,53.98640757,52.61858768,-3.903719813,-8.796464401,0.568977389,0.431022611,1567.305281,1546.232224,8,7
2021-07-11,2021,1112,0,,TBD,TOR,1560.875978,1524.901154,0.585463508,0.414536492,1558.608504,1527.168628,1554.322478,1528.277884,Rich Hill,Robbie Ray,54.23560659,53.04190329,8.704844629,12.36150949,0.566363724,0.433636276,1552.690816,1529.909546,1,3
2021-07-11,2021,1113,0,,NYM,PIT,1515.164477,1441.108625,0.637482681,0.362517319,1513.261073,1443.012029,1536.313144,1428.337773,Aaron Loup,Chase De Jong,47.4,44.32979049,-35.22552613,-15.0583754,0.655571274,0.344428726,1534.829701,1429.821216,5,6
2021-07-11,2021,1114,0,,FLA,ATL,1492.897256,1524.693259,0.488782533,0.511217467,1495.242212,1522.348303,1476.719662,1526.175717,Pablo Lopez,Ian Anderson,55.14321129,55.82151945,14.84485489,13.65233641,0.465138619,0.534861381,1478.579976,1524.315403,7,4
2021-07-11,2021,1115,0,,BOS,PHI,1531.311507,1508.136234,0.567476505,0.432523495,1529.714564,1509.733177,1527.775891,1508.531409,Nick Pivetta,Brandon Kintzler,51.94631556,47.4,1.563481358,-23.49021591,0.597042192,0.402957808,1526.499495,1509.807805,4,5
2021-07-11,2021,1116,0,,BAL,CHW,1440.950191,1539.49285,0.394340777,0.605659223,1439.63596,1540.807081,1426.514397,1541.151632,Spenser Watkins,Dylan Cease,48.48445501,50.79734803,11.49247239,-19.15523386,0.41451595,0.58548405,1425.459599,1542.20643,5,7
2021-07-10,2021,1117,0,,SEA,ANA,1491.815163,1494.487296,0.530654772,0.469345228,1493.538649,1492.763809,1481.478674,1501.883491,Chris Flexen,Patrick Sandoval,46.39099554,48.13928365,-7.51347933,-5.768388403,0.502662471,0.497337529,1482.869681,1500.492483,2,0
2021-07-10,2021,1118,0,,SDP,COL,1537.580203,1466.821839,0.633084654,0.366915346,1534.463116,1469.938927,1559.30607,1448.373061,Joe Musgrove,German Marquez,54.11834563,60.32744211,12.14023681,34.13351585,0.657040511,0.342959489,1556.846373,1450.832758,0,3
2021-07-10,2021,1119,0,,LAD,ARI,1581.347092,1442.070794,0.71907823,0.28092177,1584.632857,1438.785029,1593.708035,1446.087607,Walker Buehler,Caleb Smith,58.36809616,49.36664623,14.47066402,5.814898605,0.738416249,0.261583751,1595.910996,1443.884646,22,1
2021-07-10,2021,1120,0,,MIL,CIN,1528.851498,1507.822125,0.56444206,0.43555794,1527.18504,1509.488584,1531.049208,1505.290693,Freddy Peralta,Vladimir Gutierrez,57.10711414,47.52868968,13.95431125,-23.61824967,0.623097878,0.376902122,1529.632618,1506.707282,3,4
2021-07-10,2021,1121,0,,HOU,NYY,1565.101444,1523.745227,0.592961241,0.407038759,1563.377942,1525.468729,1567.530641,1546.006864,Zack Greinke,Gerrit Cole,55.07847334,61.56775164,1.173467708,35.08656862,0.516702889,0.483297111,1566.441371,1547.096134,0,1
2021-07-10,2021,1122,0,,CHC,STL,1499.818428,1487.979208,0.551394622,0.448605378,1496.087799,1491.709838,1498.599733,1488.72926,Zach Davies,Kwang Hyun Kim,50.7838804,51.49304252,10.94237511,5.664958706,0.556101122,0.443898878,1495.772149,1491.556844,0,6
2021-07-10,2021,1123,0,,NYM,PIT,1513.946656,1442.326446,0.634236318,0.365763682,1515.164477,1441.108625,1535.384008,1429.266909,Tylor Megill,Max Kranick,48.67335998,49.42489395,-29.51059277,8.315773229,0.629778842,0.370221158,1536.313144,1428.337773,4,2
2021-07-10,2021,1124,0,,CLE,KCR,1492.835256,1446.386082,0.600017505,0.399982495,1495.736736,1443.484602,1499.500407,1450.665489,Cal Quantrill,Mike Minor,46.20937139,51.69169405,-17.68445008,13.18948803,0.560094802,0.439905198,1501.971804,1448.194092,14,6
2021-07-10,2021,1125,0,,NYM,PIT,1517.552384,1438.720718,0.643811673,0.356188327,1513.946656,1442.326446,1538.170262,1426.480655,Marcus Stroman,Tyler Anderson,53.30036193,50.64943745,-8.131460851,14.01412638,0.657823939,0.342176061,1535.384008,1429.266909,2,6
2021-07-10,2021,1126,0,,FLA,ATL,1494.314378,1523.276137,0.492859941,0.507140059,1492.897256,1524.693259,1477.819857,1525.075521,Trevor Rogers,Max Fried,56.89727682,52.01303022,22.89533609,-4.966040137,0.506627765,0.493372235,1476.719662,1526.175717,4,5
2021-07-10,2021,1127,0,,BOS,PHI,1536.328245,1503.119495,0.581593923,0.418406077,1531.311507,1508.136234,1531.824127,1504.483174,Martin Perez,Matt Moore,49.38771816,43.49454164,-11.14289214,-41.96098957,0.616080682,0.383919318,1527.775891,1508.531409,2,11
2021-07-10,2021,1128,0,,TEX,OAK,1467.309419,1528.155251,0.447172484,0.552827516,1465.15035,1530.31432,1459.784193,1517.868166,Mike Foltynewicz,James Kaprielian,50.05247907,54.01312189,-3.907162346,3.519629582,0.440543847,0.559456153,1458.196176,1519.456183,4,8
2021-07-10,2021,1129,0,,SFG,WSN,1546.932822,1516.679828,0.577447868,0.422552132,1549.613822,1513.998828,1527.588983,1517.22119,Anthony DeSclafani,Jon Lester,54.35340995,43.89181152,10.30936852,-35.92251807,0.613955322,0.386044678,1529.367363,1515.44281,10,4
2021-07-10,2021,1130,0,,BAL,CHW,1443.141939,1537.301102,0.400383222,0.599616778,1440.950191,1539.49285,1427.876666,1539.789363,Thomas Eshelman,Lucas Giolito,43.43512018,56.21168729,-12.99926945,6.468777753,0.350206132,0.649793868,1426.514397,1541.151632,3,8
2021-07-10,2021,1131,0,,MIN,DET,1481.843963,1462.874435,0.56152475,0.43847525,1484.274017,1460.444381,1497.054913,1458.153337,Bailey Ober,Kyle Funkhouser,49.41600773,48.28341447,-6.504179176,-5.699497446,0.58842506,0.41157494,1498.730242,1456.478008,9,4
2021-07-10,2021,1132,0,,TBD,TOR,1559.071093,1526.706039,0.580411614,0.419588386,1560.875978,1524.901154,1552.917518,1529.682844,Ryan Yarbrough,Ross Stripling,51.51688303,49.57905336,-4.138044794,-4.807243941,0.568505656,0.431494344,1554.322478,1528.277884,5,2
2021-07-09,2021,1133,0,,SEA,ANA,1489.332329,1496.970129,0.523529705,0.476470295,1491.815163,1494.487296,1479.523678,1503.838487,Marco Gonzales,Alex Cobb,50.20225002,50.885584,10.19963,7.308945272,0.504826675,0.495173325,1481.478674,1501.883491,7,3
2021-07-09,2021,1134,0,,SDP,COL,1536.289805,1468.112237,0.629626944,0.370373056,1537.580203,1466.821839,1558.538267,1449.140863,Reiss Knehr,Kyle Freeland,47.4,49.14436044,-20.00265518,-18.77150434,0.684116806,0.315883194,1559.30607,1448.373061,4,2
2021-07-09,2021,1135,0,,LAD,ARI,1585.226842,1438.191045,0.728012319,0.271987681,1581.347092,1442.070794,1596.465677,1443.329965,David Price,Taylor Widener,52.11733996,49.62025011,-15.18993426,7.353866442,0.706592648,0.293407352,1593.708035,1446.087607,2,5
2021-07-09,2021,1136,0,,SFG,WSN,1545.400546,1518.212104,0.57313766,0.42686234,1546.932822,1516.679828,1526.373387,1518.436786,Logan Webb,Paolo Espino,49.61247803,48.93523275,-11.45525024,-12.86725755,0.554523642,0.445476358,1527.588983,1517.22119,5,3
2021-07-09,2021,1137,0,,MIN,DET,1480.366156,1464.352241,0.557331396,0.442668604,1481.843963,1462.874435,1496.192956,1459.015294,Kenta Maeda,Matt Manning,53.09140238,44.88181903,11.60663868,-21.20860014,0.632060509,0.367939491,1497.054913,1458.153337,4,2
2021-07-09,2021,1138,0,,MIL,CIN,1531.059635,1505.613989,0.570681457,0.429318543,1528.851498,1507.822125,1532.549077,1503.790823,Eric Lauer,Wade Miley,47.03355703,52.62031409,-33.180476,0.912981099,0.526834992,0.473165008,1531.049208,1505.290693,0,2
2021-07-09,2021,1139,0,,HOU,NYY,1568.396448,1520.450223,0.602083934,0.397916066,1565.101444,1523.745227,1570.172286,1543.365219,Jake Odorizzi,Nestor Cortes,53.65658383,44.21227693,-5.322093417,-45.94010122,0.633753221,0.366246779,1567.530641,1546.006864,0,4
2021-07-09,2021,1140,0,,TEX,OAK,1465.74805,1529.71662,0.442733005,0.557266995,1467.309419,1528.155251,1458.607347,1519.045012,Jordan Lyles,Cole Irvin,47.65488231,52.02574826,-14.76326266,-5.459995413,0.440500121,0.559499879,1459.784193,1517.868166,3,2
2021-07-09,2021,1141,0,,TBD,TOR,1556.36015,1529.416982,0.5727922,0.4272078,1559.071093,1526.706039,1550.707631,1531.892731,Shane McClanahan,Alek Manoah,51.20417261,52.53773623,-5.505616157,9.097872302,0.544731927,0.455268073,1552.917518,1529.682844,7,1
2021-07-09,2021,1142,0,,NYM,PIT,1514.78286,1441.490241,0.636466732,0.363533268,1517.552384,1438.720718,1536.38747,1428.263447,Taijuan Walker,JT Brubaker,55.96066183,50.58046499,3.999394026,13.00755055,0.672822997,0.327177003,1538.170262,1426.480655,13,4
2021-07-09,2021,1143,0,,FLA,ATL,1497.327037,1520.263478,0.50153058,0.49846942,1494.314378,1523.276137,1479.613785,1523.281594,Anthony Bass,Charlie Morton,47.4,56.15363317,-22.1058761,15.48997063,0.419466039,0.580533961,1477.819857,1525.075521,0,5
2021-07-09,2021,1144,0,,CLE,KCR,1491.805453,1447.415885,0.59716875,0.40283125,1492.835256,1446.386082,1498.732284,1451.433612,Triston McKenzie,Brad Keller,48.01658749,47.40139442,-7.620646942,-5.883190795,0.598790139,0.401209861,1499.500407,1450.665489,2,1
2021-07-09,2021,1145,0,,BOS,PHI,1533.709398,1505.738343,0.574239467,0.425760533,1536.328245,1503.119495,1529.78919,1506.518111,Garrett Richards,Vince Velasquez,47.31940864,49.38311691,-20.88599013,-16.41451562,0.562676216,0.437323784,1531.824127,1504.483174,11,5
2021-07-09,2021,1146,0,,BAL,CHW,1446.83669,1533.606351,0.410637356,0.589362644,1443.141939,1537.301102,1430.661693,1537.004336,Jorge Lopez,Dallas Keuchel,45.14811269,50.00424217,-4.862186564,-22.49975604,0.412170995,0.587829005,1427.876666,1539.789363,1,12
2021-07-09,2021,1147,0,,CHC,STL,1497.176423,1490.621214,0.543859465,0.456140535,1499.818428,1487.979208,1497.027887,1490.301106,Kyle Hendricks,Wade LeBlanc,54.09169521,45.46454673,26.73437057,-23.34389956,0.616292618,0.383707382,1498.599733,1488.72926,10,5
2021-07-08,2021,1148,0,,SDP,WSN,1535.01522,1519.48669,0.556641944,0.443358056,1536.289805,1518.212104,1557.645199,1519.329854,Yu Darvish,Max Scherzer,59.91355186,61.38367072,37.46732328,44.49567812,0.578899533,0.421100467,1558.538267,1518.436786,9,8
2021-07-08,2021,1149,0,,MIN,DET,1478.869785,1465.848612,0.553077023,0.446922977,1480.366156,1464.352241,1495.099994,1460.108255,J.A. Happ,Tarik Skubal,47.58772869,50.41554132,-14.03074159,4.59192326,0.562030193,0.437969807,1496.192956,1459.015294,5,3
2021-07-08,2021,1150,0,,MIL,CIN,1529.498519,1507.175105,0.566272513,0.433727487,1531.059635,1505.613989,1531.245482,1505.094418,Adrian Houser,Tyler Mahle,49.12401436,53.67356661,-23.73760012,5.901748825,0.528829695,0.471170305,1532.549077,1503.790823,5,3
2021-07-08,2021,1151,0,,CHC,PHI,1501.449282,1501.465484,0.534460738,0.465539262,1497.176423,1505.738343,1500.37285,1503.173148,Adbert Alzolay,Zach Eflin,50.33395594,51.21662353,8.82780662,-7.13871807,0.553283411,0.446716589,1497.027887,1506.518111,0,8
2021-07-08,2021,1152,0,,CLE,KCR,1490.134324,1449.087014,0.592531985,0.407468015,1491.805453,1447.415885,1497.518337,1452.64756,Zach Plesac,Danny Duffy,54.64727567,52.8239955,23.15559266,19.8536264,0.601985267,0.398014733,1498.732284,1451.433612,7,4
2021-07-08,2021,1153,0,,SEA,NYY,1486.573476,1523.209076,0.481823922,0.518176078,1489.332329,1520.450223,1477.336855,1545.552041,Logan Gilbert,Jordan Montgomery,50.5097719,53.61641575,13.35003114,-1.742126892,0.458186478,0.541813522,1479.523678,1543.365219,4,0
2021-07-08,2021,1154,0,,ARI,COL,1441.44958,1464.853701,0.500857538,0.499142462,1438.191045,1468.112237,1446.22551,1446.245318,Jake Faria,Chi Chi Gonzalez,48.11620665,47.35251185,0.407475331,-27.4990822,0.574120812,0.425879188,1443.329965,1449.140863,3,9
2021-07-08,2021,1155,0,,HOU,OAK,1570.12392,1527.989148,0.59404249,0.40595751,1568.396448,1529.71662,1571.540254,1517.677044,Lance McCullers Jr.,Frankie Montas,54.12233605,50.87564128,-2.771250389,-9.792724611,0.619784944,0.380215056,1570.172286,1519.045012,1,2
2021-07-08,2021,1156,0,,FLA,LAD,1499.689872,1582.864007,0.415655552,0.584344448,1497.327037,1585.226842,1481.382786,1594.696676,Sandy Alcantara,Julio Urias,55.51338773,52.24213385,15.51538955,-14.23382503,0.415109617,0.584890383,1479.613785,1596.465677,1,6
2021-07-07,2021,1157,0,,SEA,NYY,1487.948774,1521.833778,0.485778174,0.514221826,1486.573476,1523.209076,1478.465554,1544.423343,Yusei Kikuchi,Nick Nelson,52.75935043,46.89442763,23.21603612,-34.05427689,0.522022237,0.477977763,1477.336855,1545.552041,4,5
2021-07-07,2021,1158,0,,SDP,WSN,1540.421158,1514.080751,0.571942928,0.428057072,1535.01522,1519.48669,1561.909283,1515.06577,Chris Paddack,Patrick Corbin,48.73126855,49.0776238,-17.29947235,-13.57547697,0.595408787,0.404591213,1557.645199,1519.329854,5,15
2021-07-07,2021,1159,0,,SFG,STL,1543.738552,1492.283208,0.606913329,0.393086671,1545.400546,1490.621214,1525.132263,1491.54223,Alex Wood,Johan Oviedo,49.61104553,44.18568095,-10.6913796,-29.45436003,0.608145431,0.391854569,1526.373387,1490.301106,5,2
2021-07-07,2021,1160,0,,ARI,COL,1439.654489,1466.648792,0.495690958,0.504309042,1441.44958,1464.853701,1445.020111,1447.450717,Humberto Castellanos,Antonio Senzatela,47.4,51.62092274,-2.66746438,-7.437178443,0.537832574,0.462167426,1446.22551,1446.245318,6,4
2021-07-07,2021,1161,0,,HOU,OAK,1569.050238,1529.06283,0.591058077,0.408941923,1570.12392,1527.989148,1570.762758,1518.45454,Luis Garcia,Sean Manaea,55.40613891,54.68377394,3.586329898,8.386498065,0.601479479,0.398520521,1571.540254,1517.677044,4,3
2021-07-07,2021,1162,0,,CHC,PHI,1498.677652,1504.237114,0.526513175,0.473486825,1501.449282,1501.465484,1497.978245,1505.567753,Alec Mills,Zack Wheeler,50.75560189,63.15636185,11.037794,48.33192052,0.469982175,0.530017825,1500.37285,1503.173148,8,3
2021-07-07,2021,1163,0,,NYM,MIL,1517.920599,1526.36078,0.52237742,0.47762258,1514.78286,1529.498519,1538.735547,1528.897405,Robert Stock,Brett Anderson,45.72261211,48.66925949,-44.67653166,-25.7477929,0.521443195,0.478556805,1536.38747,1531.245482,0,5
2021-07-07,2021,1164,0,,BAL,TOR,1450.000674,1526.252998,0.425364724,0.574635276,1446.83669,1529.416982,1432.441934,1530.11249,Matt Harvey,Hyun Jin Ryu,42.06900239,54.12997617,-19.99316936,17.04117829,0.345864224,0.654135776,1430.661693,1531.892731,2,10
2021-07-07,2021,1165,0,,FLA,LAD,1496.874492,1585.679387,0.407804973,0.592195027,1499.689872,1582.864007,1479.132952,1596.94651,Ross Detwiler,Jake Reed,45.98636625,47.4,-30.64485405,-37.76222852,0.377760811,0.622239189,1481.382786,1594.696676,9,6
2021-07-07,2021,1166,0,,ANA,BOS,1495.491136,1535.188391,0.477425192,0.522574808,1496.970129,1533.709398,1502.749005,1530.878672,Andrew Heaney,Eduardo Rodriguez,49.93539977,53.87812128,2.992353274,9.340264305,0.484926123,0.515073877,1503.838487,1529.78919,5,4
2021-07-07,2021,1167,0,,TBD,CLE,1554.538894,1491.955581,0.622086452,0.377913548,1556.36015,1490.134324,1549.42256,1498.803408,Collin McHugh,Sam Hentges,51.42631204,43.83194269,-4.219876189,-28.11428857,0.638091359,0.361908641,1550.707631,1497.518337,4,0
2021-07-07,2021,1168,0,,NYM,MIL,1516.584244,1527.697135,0.518537539,0.481462461,1517.920599,1526.36078,1537.92625,1529.706702,Jacob deGrom,Corbin Burnes,67.72321523,59.84925411,59.04698262,27.19307741,0.591177792,0.408822208,1538.735547,1528.897405,4,3
2021-07-07,2021,1169,0,,KCR,CIN,1451.003356,1505.258763,0.456568698,0.543431302,1449.087014,1507.175105,1454.052624,1503.689353,Brady Singer,Sonny Gray,50.36935956,56.44391213,9.164794687,19.32953964,0.448659126,0.551340874,1452.64756,1505.094418,2,5
2021-07-07,2021,1170,0,,TEX,DET,1467.60981,1463.986853,0.539669082,0.460330918,1465.74805,1465.848612,1460.06628,1458.649322,Kyle Gibson,Casey Mize,57.11105526,52.36136395,29.45248075,13.5899499,0.559127998,0.440872002,1458.607347,1460.108255,3,5
2021-07-07,2021,1171,0,,MIN,CHW,1481.480307,1530.995829,0.463346084,0.536653916,1478.869785,1533.606351,1497.063723,1535.040608,Michael Pineda,Lance Lynn,53.95408744,60.23658378,15.15372122,25.94110139,0.464421589,0.535578411,1495.099994,1537.004336,1,6
2021-07-07,2021,1172,0,,PIT,ATL,1445.500797,1516.252922,0.433121462,0.566878538,1441.490241,1520.263478,1430.897645,1520.647396,Wil Crowe,Drew Smyly,42.56086651,49.9452614,-24.73172431,-14.60073785,0.392502623,0.607497377,1428.263447,1523.281594,3,14
2021-07-07,2021,1173,0,,TBD,CLE,1551.95872,1494.535754,0.615077976,0.384922024,1554.538894,1491.955581,1547.366056,1500.859912,Michael Wacha,J.C. Mejia,48.23212601,46.45435432,-18.6977642,-16.93173187,0.597654076,0.402345924,1549.42256,1498.803408,8,1
2021-07-06,2021,1174,0,,SDP,WSN,1538.492375,1516.009535,0.566497901,0.433502099,1540.421158,1514.080751,1560.592082,1516.382971,Ryan Weathers,Erick Fedde,49.04029604,48.87182,-16.56485061,-15.76089915,0.595804829,0.404195171,1561.909283,1515.06577,7,4
2021-07-06,2021,1175,0,,SEA,NYY,1492.763671,1517.018881,0.499632724,0.500367276,1487.948774,1521.833778,1481.626037,1541.262859,Justus Sheffield,Jameson Taillon,45.06861427,51.62120762,-14.37182492,-11.01098349,0.45002493,0.54997507,1478.465554,1544.423343,1,12
2021-07-06,2021,1176,0,,SFG,STL,1545.590382,1490.431378,0.61198787,0.38801213,1543.738552,1492.283208,1526.291337,1490.383156,Johnny Cueto,Adam Wainwright,48.39101039,55.29200562,-16.90774025,22.42941017,0.529569547,0.470430453,1525.132263,1491.54223,5,6
2021-07-06,2021,1177,0,,ARI,COL,1438.261446,1468.041836,0.491682118,0.508317882,1439.654489,1466.648792,1444.147289,1448.323539,Merrill Kelly,Jon Gray,52.32382729,53.59996002,20.53236155,2.107423522,0.558508296,0.441491704,1445.020111,1447.450717,4,3
2021-07-06,2021,1178,0,,ANA,BOS,1493.516866,1537.162662,0.471757521,0.528242479,1495.491136,1535.188391,1501.305653,1532.322023,Shohei Ohtani,Nathan Eovaldi,51.78099337,55.72584399,12.56228886,17.70170801,0.482513547,0.517486453,1502.749005,1530.878672,5,3
2021-07-06,2021,1179,0,,MIN,CHW,1483.452323,1529.023813,0.468995959,0.531004041,1481.480307,1530.995829,1498.675264,1533.429067,Jose Berrios,Carlos Rodon,55.47682197,57.02812694,23.59715063,11.50784279,0.501921937,0.498078063,1497.063723,1535.040608,1,4
2021-07-06,2021,1180,0,,KCR,CIN,1449.474791,1506.787328,0.452205778,0.547794222,1451.003356,1505.258763,1452.855327,1504.886651,Kris Bubic,Luis Castillo,45.64121821,53.27459204,-13.89444025,5.139003503,0.432679635,0.567320365,1454.052624,1503.689353,7,6
2021-07-06,2021,1181,0,,HOU,OAK,1567.296502,1530.816566,0.586169008,0.413830992,1569.050238,1529.06283,1569.391932,1519.825366,Framber Valdez,Chris Bassitt,55.06936996,58.17036985,0.995486067,23.79298948,0.573163458,0.426836542,1570.762758,1518.45454,9,6
2021-07-06,2021,1182,0,,TEX,DET,1464.991731,1466.604931,0.532172682,0.467827318,1467.60981,1463.986853,1458.318668,1460.396934,Dane Dunning,Jose Urena,51.58643982,44.45555156,4.261732882,-24.34095576,0.572202245,0.427797755,1460.06628,1458.649322,10,5
2021-07-06,2021,1183,0,,CHC,PHI,1501.913605,1501.001162,0.53579057,0.46420943,1498.677652,1504.237114,1500.101714,1503.444284,Jake Arrieta,Aaron Nola,43.35865574,54.66263844,-25.17250274,8.354604599,0.481487512,0.518512488,1497.978245,1505.567753,10,15
2021-07-06,2021,1184,0,,FLA,LAD,1495.074331,1587.479548,0.402809579,0.597190421,1496.874492,1585.679387,1477.767966,1598.311496,Pablo Lopez,Tony Gonsolin,54.77093418,52.51251939,11.10359163,-13.29307792,0.397639397,0.602360603,1479.132952,1596.94651,2,1
2021-07-06,2021,1185,0,,PIT,ATL,1443.810336,1517.943383,0.428349333,0.571650667,1445.500797,1516.252922,1429.491266,1522.053775,Chad Kuhl,Ian Anderson,47.04017741,56.03926075,-2.768731522,13.9761437,0.379641824,0.620358176,1430.897645,1520.647396,2,1
2021-07-06,2021,1186,0,,BAL,TOR,1447.841336,1528.412336,0.419299699,0.580700301,1450.000674,1526.252998,1430.797708,1531.756716,Spenser Watkins,Steven Matz,47.4,48.17543122,5.731466684,-11.55426052,0.41223973,0.58776027,1432.441934,1530.11249,7,5
2021-07-05,2021,1187,0,,SDP,WSN,1540.767183,1513.734727,0.572917967,0.427082033,1538.492375,1516.009535,1562.663164,1514.311889,Joe Musgrove,Jon Lester,55.03720981,45.01592426,10.86556746,-35.29320715,0.664155899,0.335844101,1560.592082,1516.382971,5,7
2021-07-05,2021,1188,0,,ANA,BOS,1494.830667,1535.848861,0.475528418,0.524471582,1493.516866,1537.162662,1502.227054,1531.400623,Jose Suarez,Martin Perez,39.86516994,49.21759175,-43.8232708,-12.85571585,0.451331594,0.548668406,1501.305653,1532.322023,4,5
2021-07-05,2021,1189,0,,KCR,CIN,1451.742344,1504.519775,0.458680395,0.541319605,1449.474791,1506.787328,1454.887471,1502.854507,Mike Minor,Vladimir Gutierrez,51.6058404,46.41449515,14.36362271,-26.74247088,0.528258864,0.471741136,1452.855327,1504.886651,2,6
2021-07-05,2021,1190,0,,TEX,DET,1467.731719,1463.864943,0.540017738,0.459982262,1464.991731,1466.604931,1460.372537,1458.343065,Kolby Allard,Wily Peralta,49.29240949,47.49555208,-6.377001948,-8.612962989,0.539779497,0.460220503,1458.318668,1460.396934,3,7
2021-07-05,2021,1191,0,,CHC,PHI,1507.007223,1495.907543,0.550341354,0.449658646,1501.913605,1501.001162,1504.553942,1498.992056,Zach Davies,Matt Moore,51.09232392,43.43534123,10.99575837,-44.80610498,0.621435834,0.378564166,1500.101714,1503.444284,3,13
2021-07-05,2021,1192,0,,TBD,CLE,1550.940394,1495.55408,0.612298539,0.387701461,1551.95872,1494.535754,1546.751486,1501.474482,Rich Hill,Logan Allen,54.13379641,41.30715817,9.228068939,-42.38448127,0.667068335,0.332931665,1547.366056,1500.859912,9,8
2021-07-05,2021,1193,0,,NYM,MIL,1514.801085,1529.480294,0.513410479,0.486589521,1516.584244,1527.697135,1536.315276,1531.317676,Tylor Megill,Brandon Woodruff,47.90962672,62.97728414,-33.9859978,42.01294692,0.434944372,0.565055628,1537.92625,1529.706702,4,2
2021-07-05,2021,1194,0,,PIT,ATL,1438.264576,1523.489143,0.412791594,0.587208406,1443.810336,1517.943383,1424.928561,1526.61648,Chase De Jong,Max Fried,43.50187098,53.0924362,-18.92652932,-0.897548787,0.36897365,0.63102635,1429.491266,1522.053775,11,1
2021-07-05,2021,1195,0,,MIN,CHW,1481.111411,1531.364725,0.462290189,0.537709811,1483.452323,1529.023813,1497.01377,1535.090561,Bailey Ober,Dylan Cease,47.54236151,51.14072535,-12.76573437,-16.65224176,0.485655809,0.514344191,1498.675264,1533.429067,8,5
2021-07-05,2021,1196,0,,FLA,LAD,1493.254894,1589.298985,0.397781106,0.602218894,1495.074331,1587.479548,1476.30852,1599.770942,Trevor Rogers,Walker Buehler,56.63753446,59.01018619,20.32401088,16.81049638,0.365856999,0.634143001,1477.767966,1598.311496,5,4
2021-07-05,2021,1197,0,,SFG,STL,1548.042303,1487.979457,0.618669473,0.381330527,1545.590382,1490.431378,1528.205469,1488.469024,Kevin Gausman,Kwang Hyun Kim,59.25030033,50.46705464,34.8617468,0.723807267,0.637714619,0.362285381,1526.291337,1490.383156,3,5
2021-07-04,2021,1198,0,,ARI,SFG,1439.799579,1546.50417,0.383176809,0.616823191,1438.261446,1548.042303,1445.43718,1526.915577,Caleb Smith,Anthony DeSclafani,49.4876213,53.50328187,7.160077624,8.737252973,0.415821332,0.584178668,1444.147289,1528.205469,2,5
2021-07-04,2021,1199,0,,NYY,NYM,1515.386887,1516.433078,0.53298521,0.46701479,1517.018881,1514.801085,1539.988474,1537.589662,Nestor Cortes,Corey Oswalt,42.73786451,47.00367346,-52.45568433,-38.54038586,0.517957493,0.482042507,1541.262859,1536.315276,4,2
2021-07-04,2021,1200,0,,SEA,TEX,1490.866002,1469.629388,0.564735326,0.435264674,1492.763671,1467.731719,1480.131777,1461.866797,Chris Flexen,Mike Foltynewicz,45.50852823,50.02638003,-11.5906162,-2.932128573,0.54821336,0.45178664,1481.626037,1460.372537,4,1
2021-07-04,2021,1201,0,,OAK,BOS,1532.320033,1534.345394,0.531581947,0.468418053,1530.816566,1535.848861,1520.932785,1530.293203,James Kaprielian,Nick Pivetta,52.09245202,50.45196668,-3.727238901,-5.706531073,0.523898259,0.476101741,1519.825366,1531.400623,0,1
2021-07-04,2021,1202,0,,ANA,BAL,1493.776766,1448.895237,0.597849813,0.402150187,1494.830667,1447.841336,1501.540252,1431.48451,Patrick Sandoval,Thomas Eshelman,47.77810594,44.25375406,-6.356529865,-9.613736096,0.636493808,0.363506192,1502.227054,1430.797708,6,5
2021-07-04,2021,1203,0,,COL,STL,1466.683876,1489.337416,0.501937702,0.498062298,1468.041836,1487.979457,1447.428445,1489.364119,German Marquez,Carlos Martinez,59.82970789,45.87094085,32.17687742,-20.54484808,0.549894541,0.450105459,1448.323539,1488.469024,3,2
2021-07-04,2021,1204,0,,KCR,MIN,1454.269607,1478.584148,0.499547339,0.500452661,1451.742344,1481.111411,1456.569939,1495.331301,Brad Keller,Kenta Maeda,46.6755422,51.7805922,-8.208563398,8.470819609,0.454876238,0.545123762,1454.887471,1497.01377,2,6
2021-07-04,2021,1205,0,,NYY,NYM,1518.613827,1513.206139,0.542220287,0.457779713,1515.386887,1516.433078,1542.817959,1534.760177,Gerrit Cole,Marcus Stroman,62.95265767,53.82662308,41.66871902,-7.037583973,0.614179607,0.385820393,1539.988474,1537.589662,5,10
2021-07-04,2021,1206,0,,ATL,FLA,1522.372336,1494.371702,0.574281096,0.425718904,1523.489143,1493.254894,1525.918137,1477.006863,Charlie Morton,Zach Thompson,56.74694287,51.92989292,15.87971864,-1.654993166,0.627299499,0.372700501,1526.61648,1476.30852,8,7
2021-07-04,2021,1207,0,,DET,CHW,1462.270404,1532.959264,0.43321088,0.56678912,1463.864943,1531.364725,1456.998737,1536.434889,Matt Manning,Lucas Giolito,45.38998412,57.41486752,-18.98559343,11.82347169,0.378371207,0.621628793,1458.343065,1535.090561,6,5
2021-07-04,2021,1208,0,,CLE,HOU,1496.695248,1566.155335,0.434948486,0.565051514,1495.55408,1567.296502,1502.268147,1568.598267,Cal Quantrill,Zack Greinke,45.99226196,54.75228705,-20.36405108,-0.1900894,0.411007395,0.588992605,1501.474482,1569.391932,3,4
2021-07-04,2021,1209,0,,CIN,CHC,1503.236357,1508.290642,0.527238083,0.472761917,1504.519775,1507.007223,1501.821293,1505.587156,Wade Miley,Kyle Hendricks,52.62603688,53.39873628,2.471106886,22.71442209,0.499986791,0.500013209,1502.854507,1504.553942,3,2
2021-07-04,2021,1210,0,,TOR,TBD,1531.044118,1548.308612,0.509691958,0.490308042,1528.412336,1550.940394,1533.881824,1544.626378,Robbie Ray,Ryan Yarbrough,52.64292227,50.9310816,9.917161216,-5.327310414,0.540922931,0.459077069,1531.756716,1546.751486,1,5
2021-07-04,2021,1211,0,,PIT,MIL,1435.905153,1531.839717,0.397932148,0.602067852,1438.264576,1529.480294,1423.058684,1533.187553,Tyler Anderson,Freddy Peralta,49.53244675,57.3785819,10.57287684,15.59986536,0.371745632,0.628254368,1424.928561,1531.317676,2,0
2021-07-04,2021,1212,0,,PHI,SDP,1500.224719,1536.450007,0.482413655,0.517586345,1495.907543,1540.767183,1501.893755,1559.761465,Vince Velasquez,Blake Snell,50.24812947,51.01643385,-13.73647683,-7.823508861,0.442999871,0.557000129,1498.992056,1562.663164,1,11
2021-07-04,2021,1213,0,,WSN,LAD,1515.919143,1587.114568,0.432495021,0.567504979,1513.734727,1589.298985,1516.096473,1597.986359,Joe Ross,Garrett Cleavinger,50.97789882,47.4,-6.687745236,-38.00673553,0.461835783,0.538164217,1514.311889,1599.770942,1,5
2021-07-03,2021,1214,0,,SEA,TEX,1493.995185,1466.500205,0.573569309,0.426430691,1490.866002,1469.629388,1482.695147,1459.303427,Marco Gonzales,Jordan Lyles,52.33181687,47.37018119,18.6636844,-15.30166067,0.614988156,0.385011844,1480.131777,1461.866797,3,7
2021-07-03,2021,1215,0,,ARI,SFG,1440.77015,1545.533599,0.385821261,0.614178739,1439.799579,1546.50417,1446.331333,1526.021424,Jake Faria,Sammy Long,48.70707192,48.01648627,2.965739611,-17.6822087,0.449740609,0.550259391,1445.43718,1526.915577,5,6
2021-07-03,2021,1216,0,,ANA,BAL,1492.05888,1450.613122,0.593085641,0.406914359,1493.776766,1448.895237,1500.455325,1432.569437,Alex Cobb,Jorge Lopez,49.71147218,45.40363489,3.872683418,-4.494431375,0.64040046,0.35959954,1501.540252,1431.48451,4,1
2021-07-03,2021,1217,0,,COL,STL,1465.312413,1490.708879,0.497990335,0.502009665,1466.683876,1489.337416,1446.347022,1490.445541,Kyle Freeland,Wade LeBlanc,47.94240096,44.27919515,-22.7915386,-27.18365899,0.47741206,0.52258794,1447.428445,1489.364119,3,2
2021-07-03,2021,1218,0,,WSN,LAD,1517.48312,1585.550591,0.436919717,0.563080283,1515.919143,1587.114568,1517.070321,1597.012511,Paolo Espino,Clayton Kershaw,48.7167569,57.92587999,-17.36554735,11.14093402,0.380806694,0.619193306,1516.096473,1597.986359,3,5
2021-07-03,2021,1219,0,,OAK,BOS,1531.02439,1535.641037,0.527865982,0.472134018,1532.320033,1534.345394,1519.997612,1531.228376,Cole Irvin,Garrett Richards,51.86091558,47.2153027,-4.707593373,-21.03130523,0.541770535,0.458229465,1520.932785,1530.293203,7,6
2021-07-03,2021,1220,0,,CLE,HOU,1497.847689,1565.002893,0.438212103,0.561787897,1496.695248,1566.155335,1503.077553,1567.788861,Eli Morgan,Jake Odorizzi,45.27762201,53.38412076,-23.89157654,-6.428642114,0.417054241,0.582945759,1502.268147,1568.598267,2,3
2021-07-03,2021,1221,0,,KCR,MIN,1452.082191,1480.771564,0.49325186,0.50674814,1454.269607,1478.584148,1455.05729,1496.843951,Danny Duffy,Griffin Jax,53.09494569,47.4,21.92721196,-13.14778765,0.524859405,0.475140595,1456.569939,1495.331301,6,3
2021-07-03,2021,1222,0,,DET,CHW,1458.419913,1536.809755,0.422359929,0.577640071,1462.270404,1532.959264,1454.263435,1539.170192,Tarik Skubal,Dallas Keuchel,50.92774009,51.55490738,6.626659362,-17.34946085,0.447051805,0.552948195,1456.998737,1536.434889,11,5
2021-07-03,2021,1223,0,,CIN,CHC,1501.940057,1509.586941,0.523516662,0.476483338,1503.236357,1508.290642,1500.861244,1506.547204,Tyler Mahle,Adbert Alzolay,53.91985048,49.99265084,8.404569649,7.097623531,0.528206889,0.471793111,1501.821293,1505.587156,3,2
2021-07-03,2021,1224,0,,ATL,FLA,1524.020648,1492.72339,0.578913941,0.421086059,1522.372336,1494.371702,1527.119282,1475.805717,Kyle Muller,Sandy Alcantara,50.35348033,55.41075039,-14.45597539,14.95102631,0.565683062,0.434316938,1525.918137,1477.006863,2,3
2021-07-03,2021,1225,0,,PIT,MIL,1439.158122,1528.586748,0.40693816,0.59306184,1435.905153,1531.839717,1425.706466,1530.539771,Cody Ponce,Eric Lauer,47.17548964,46.48166643,-1.724910706,-35.45137396,0.432620184,0.567379816,1423.058684,1533.187553,2,11
2021-07-03,2021,1226,0,,PHI,SDP,1498.282099,1538.392627,0.476831691,0.523168309,1500.224719,1536.450007,1500.093525,1561.561695,Zach Eflin,Yu Darvish,50.85948485,60.48353454,-10.63373351,36.50109157,0.380597247,0.619402753,1501.893755,1559.761465,4,2
2021-07-03,2021,1227,0,,TOR,TBD,1528.869971,1550.482759,0.50343542,0.49656458,1531.044118,1548.308612,1532.292267,1546.215936,Ross Stripling,Shane McClanahan,48.99198069,50.74884328,-6.757995883,-5.986893711,0.5133881,0.4866119,1533.881824,1544.626378,6,3
2021-07-03,2021,1228,0,,NYY,NYM,1521.910193,1509.909772,0.551624146,0.448375854,1518.613827,1513.206139,1545.318653,1532.259482,Jordan Montgomery,Taijuan Walker,53.97996566,55.62107196,-0.853202347,1.732868971,0.556737626,0.443262374,1542.817959,1534.760177,3,8
2021-07-02,2021,1229,0,,SEA,TEX,1492.821351,1467.674039,0.570260649,0.429739351,1493.995185,1466.500205,1481.714336,1460.284238,Logan Gilbert,Kyle Gibson,50.53495234,57.29636955,10.30729227,31.49215067,0.533076991,0.466923009,1482.695147,1459.303427,5,4
2021-07-02,2021,1230,0,,OAK,BOS,1532.529966,1534.13546,0.532183726,0.467816274,1531.02439,1535.641037,1521.051941,1530.174048,Frankie Montas,Eduardo Rodriguez,50.6464487,52.81599956,-10.30317845,6.353903473,0.50364169,0.49635831,1519.997612,1531.228376,2,3
2021-07-02,2021,1231,0,,ARI,SFG,1443.37732,1542.926429,0.392957908,0.607042092,1440.77015,1545.533599,1448.963854,1523.388903,Zac Gallen,Alex Wood,55.4037064,49.22643693,33.71110627,-11.75142271,0.492858845,0.507141155,1446.331333,1526.021424,4,11
2021-07-02,2021,1232,0,,ANA,BAL,1490.977264,1451.694739,0.590076952,0.409923048,1492.05888,1450.613122,1499.769679,1433.255082,Griffin Canning,Keegan Akin,50.01749893,45.64616792,3.719500043,-4.149907421,0.636924919,0.363075081,1500.455325,1432.569437,8,7
2021-07-02,2021,1233,0,,KCR,MIN,1449.860297,1482.993458,0.48685935,0.51314065,1452.082191,1480.771564,1453.421004,1498.480236,Brady Singer,J.A. Happ,50.69831197,48.82767914,10.45840224,-7.680049616,0.49430913,0.50569087,1455.05729,1496.843951,7,4
2021-07-02,2021,1234,0,,COL,STL,1468.504953,1487.51634,0.507178699,0.492821301,1465.312413,1490.708879,1448.576056,1488.216508,Chi Chi Gonzalez,Johan Oviedo,46.54872204,43.66193742,-28.8750173,-30.01568797,0.479145243,0.520854757,1446.347022,1490.445541,3,9
2021-07-02,2021,1235,0,,ATL,FLA,1522.909106,1493.834932,0.575791249,0.424208751,1524.020648,1492.72339,1526.237276,1476.687723,Drew Smyly,Pablo Lopez,49.07284606,55.31527021,-19.85342027,14.1319127,0.557269114,0.442730886,1527.119282,1475.805717,1,0
2021-07-02,2021,1236,0,,DET,CHW,1461.069457,1534.160211,0.42981914,0.57018086,1458.419913,1536.809755,1456.121251,1537.312375,Casey Mize,Lance Lynn,52.44907715,60.2147079,13.83282134,23.60824738,0.408729913,0.591270087,1454.263435,1539.170192,2,8
2021-07-02,2021,1237,0,,CLE,HOU,1499.718281,1563.132301,0.44352074,0.55647926,1497.847689,1565.002893,1504.34764,1566.518775,Sam Hentges,Lance McCullers Jr.,44.80476997,54.13399977,-26.93197548,-2.944620882,0.411489073,0.588510927,1503.077553,1567.788861,3,6
2021-07-02,2021,1238,0,,CIN,CHC,1500.630745,1510.896253,0.519755234,0.480244766,1501.940057,1509.586941,1499.934976,1507.473473,Sonny Gray,Alec Mills,56.0922607,49.68858593,19.13681823,6.738902511,0.541198868,0.458801132,1500.861244,1506.547204,2,1
2021-07-02,2021,1239,0,,TOR,TBD,1524.277085,1555.075645,0.490217334,0.509782666,1528.869971,1550.482759,1529.224876,1549.283326,Alek Manoah,Luis Patino,49.94789154,47.63335284,-0.812669167,-21.29181783,0.534927227,0.465072773,1532.292267,1546.215936,11,1
2021-07-02,2021,1240,0,,WSN,LAD,1520.046906,1582.986806,0.444194451,0.555805549,1517.48312,1585.550591,1519.359763,1594.723069,Max Scherzer,Julio Urias,60.98086816,51.95234452,41.06506057,-16.83058658,0.509399688,0.490600312,1517.070321,1597.012511,5,10
2021-07-02,2021,1241,0,,PIT,MIL,1441.497559,1526.247311,0.41345428,0.58654572,1439.158122,1528.586748,1427.681813,1528.564424,JT Brubaker,Adrian Houser,51.35093859,48.3326477,17.34894365,-26.27058314,0.452276295,0.547723705,1425.706466,1530.539771,2,7
2021-07-02,2021,1242,0,,PHI,SDP,1496.79527,1539.879456,0.472563237,0.527436763,1498.282099,1538.392627,1499.164043,1562.491176,Zack Wheeler,Chris Paddack,62.01497083,48.04907663,43.30298805,-21.51474768,0.543429794,0.456570206,1500.093525,1561.561695,4,3
2021-07-01,2021,1243,0,,ARI,SFG,1441.085011,1545.218739,0.386680599,0.613319401,1443.37732,1542.926429,1447.510665,1524.842092,Merrill Kelly,Johnny Cueto,52.064196,49.11023734,18.44389982,-13.10468095,0.463739748,0.536260252,1448.963854,1523.388903,5,3
2021-07-01,2021,1244,0,,COL,STL,1466.466148,1489.555145,0.501311036,0.498688964,1468.504953,1487.51634,1446.782277,1490.010286,Antonio Senzatela,Adam Wainwright,50.82507615,54.64186874,-8.109148679,22.4253716,0.432928941,0.567071059,1448.576056,1488.216508,5,2
2021-07-01,2021,1245,0,,ATL,NYM,1521.706556,1511.112323,0.549621227,0.450378773,1522.909106,1509.909772,1525.093471,1533.403287,Ian Anderson,Jacob deGrom,55.91381421,67.60025528,12.54247453,58.73799285,0.456211759,0.543788241,1526.237276,1532.259482,4,3
2021-07-01,2021,1246,0,,CLE,HOU,1502.27012,1560.580463,0.450783333,0.549216667,1499.718281,1563.132301,1506.172028,1564.694386,J.C. Mejia,Framber Valdez,47.68658386,54.73327014,-14.22467439,0.189781538,0.434576245,0.565423755,1504.34764,1566.518775,2,7
2021-07-01,2021,1247,0,,CIN,SDP,1499.162816,1541.347385,0.473854173,0.526145827,1500.630745,1539.879456,1498.82888,1563.597272,Luis Castillo,Ryan Weathers,52.96505347,49.184384,4.777687366,-16.42431174,0.471871429,0.528128571,1499.934976,1562.491176,5,4
2021-07-01,2021,1248,0,,WSN,LAD,1522.352861,1580.68085,0.450758184,0.549241816,1520.046906,1582.986806,1521.196546,1592.886286,Patrick Corbin,Victor Gonzalez,50.09271709,47.5923787,-11.17518906,-37.83907742,0.472348532,0.527651468,1519.359763,1594.723069,2,6
2021-07-01,2021,1249,0,,PIT,MIL,1443.88789,1523.85698,0.420143588,0.579856412,1441.497559,1526.247311,1428.912914,1527.333324,Wil Crowe,Corbin Burnes,41.91856504,59.56379794,-26.82886636,27.05469876,0.322021375,0.677978625,1427.681813,1528.564424,2,7
2021-07-01,2021,1250,0,,OAK,TEX,1536.543308,1463.660698,0.63592046,0.36407954,1532.529966,1467.674039,1524.097639,1457.238539,Sean Manaea,Dane Dunning,55.91283442,51.19097472,13.42779554,3.200537563,0.641504446,0.358495554,1521.051941,1460.284238,3,8
2021-07-01,2021,1251,0,,CHW,MIN,1532.531373,1484.622297,0.602032699,0.397967301,1534.160211,1482.993458,1535.912183,1499.880429,Carlos Rodon,Jose Berrios,57.2296164,56.60518269,9.483754796,28.09450303,0.5593288,0.4406712,1537.312375,1498.480236,8,5
2021-07-01,2021,1252,0,,BOS,KCR,1530.580139,1453.415618,0.641607916,0.358392084,1534.13546,1449.860297,1527.798438,1455.796614,Nathan Eovaldi,Kris Bubic,54.70661231,46.54070132,16.36147591,-9.900055381,0.669030727,0.330969273,1530.174048,1453.421004,15,1
2021-07-01,2021,1253,0,,TOR,SEA,1527.862301,1489.236135,0.58916272,0.41083728,1524.277085,1492.821351,1532.087949,1478.851264,Hyun Jin Ryu,Yusei Kikuchi,55.62931409,51.91831085,24.72791838,17.77742878,0.618838304,0.381161696,1529.224876,1481.714336,2,7
2021-06-30,2021,1254,0,,CLE,DET,1506.383356,1456.956221,0.604124509,0.395875491,1502.27012,1461.069457,1509.031009,1453.26227,Logan Allen,Wily Peralta,41.19241942,46.48842931,-45.13387332,-13.36922032,0.56864716,0.43135284,1506.172028,1456.121251,1,7
2021-06-30,2021,1255,0,,OAK,TEX,1535.323052,1464.880953,0.632661655,0.367338345,1536.543308,1463.660698,1523.289419,1458.046759,Chris Bassitt,Kolby Allard,57.35993457,48.93078694,21.20300545,-7.153959432,0.663059385,0.336940615,1524.097639,1457.238539,3,1
2021-06-30,2021,1256,0,,HOU,BAL,1563.998731,1448.276471,0.690894818,0.309105182,1560.580463,1451.694739,1567.683818,1430.26565,Luis Garcia,Matt Harvey,56.135298,41.39726287,6.293924074,-23.72558182,0.750635375,0.249364625,1564.694386,1433.255082,2,5
2021-06-30,2021,1257,0,,CHW,MIN,1529.094325,1488.059344,0.592514849,0.407485151,1532.531373,1484.622297,1533.045972,1502.746639,Dylan Cease,Bailey Ober,50.79059098,49.28831663,-20.65710945,-7.353016286,0.558724614,0.441275386,1535.912183,1499.880429,13,3
2021-06-30,2021,1258,0,,ATL,NYM,1515.638785,1517.180094,0.532275713,0.467724287,1521.706556,1511.112323,1520.711284,1537.785475,Max Fried,David Peterson,53.01633116,49.89635563,-1.014300082,-26.00113356,0.545797263,0.454202737,1525.093471,1533.403287,20,2
2021-06-30,2021,1259,0,,CIN,SDP,1500.889836,1539.620365,0.478813757,0.521186243,1499.162816,1541.347385,1499.842805,1562.583347,Vladimir Gutierrez,Joe Musgrove,48.45811314,56.2329559,-17.73488154,15.73734834,0.397548523,0.602451477,1498.82888,1563.597272,5,7
2021-06-30,2021,1260,0,,BOS,KCR,1528.931889,1455.063868,0.637232769,0.362767231,1530.580139,1453.415618,1526.356827,1457.238225,Martin Perez,Mike Minor,49.19793403,52.34142584,-9.606902751,16.84030256,0.59478722,0.40521278,1527.798438,1455.796614,6,2
2021-06-30,2021,1261,0,,TOR,SEA,1530.082344,1487.016092,0.595334921,0.404665079,1527.862301,1489.236135,1533.848022,1477.091191,Steven Matz,Justus Sheffield,48.84065213,45.37911454,-7.882929792,-13.38248906,0.621643921,0.378356079,1532.087949,1478.851264,7,9
2021-06-30,2021,1262,0,,PHI,FLA,1500.11794,1490.512262,0.548212199,0.451787801,1496.79527,1493.834932,1502.154515,1473.697252,Aaron Nola,Jordan Holloway,55.91038279,46.43083065,13.57428745,-28.70791704,0.633059385,0.366940615,1499.164043,1476.687723,6,11
2021-06-30,2021,1263,0,,NYY,ANA,1524.57278,1488.314677,0.585859213,0.414140787,1521.910193,1490.977264,1547.196345,1497.891988,Domingo German,Shohei Ohtani,51.1489246,53.42192645,-14.7370234,18.36144679,0.557604016,0.442395984,1545.318653,1499.769679,8,11
2021-06-30,2021,1264,0,,CLE,DET,1510.151131,1453.188446,0.614450475,0.385549525,1506.383356,1456.956221,1511.892567,1450.400712,Cal Quantrill,Jose Urena,46.73187278,45.32366085,-19.99361284,-19.85823717,0.620424734,0.379575266,1509.031009,1453.26227,4,9
2021-06-30,2021,1265,0,,WSN,TBD,1517.838608,1559.589898,0.474476046,0.525523954,1522.352861,1555.075645,1517.774948,1552.704924,Jon Lester,Drew Rasmussen,45.76359834,47.4,-32.55036442,-22.59996971,0.469986857,0.530013143,1521.196546,1549.283326,15,6
2021-06-30,2021,1266,0,,COL,PIT,1464.406207,1445.947831,0.56080015,0.43919985,1466.466148,1443.88789,1445.254173,1430.441018,Jon Gray,Chad Kuhl,53.13167735,46.97886969,3.204103721,-3.017985114,0.564450369,0.435549631,1446.782277,1428.912914,6,2
2021-06-30,2021,1267,0,,MIL,CHC,1520.328555,1514.424678,0.542929183,0.457070817,1523.85698,1510.896253,1524.627331,1510.179465,Aaron Ashby,Jake Arrieta,47.4,44.78140766,-31.96929922,-17.84062848,0.534941089,0.465058911,1527.333324,1507.473473,15,7
2021-06-30,2021,1268,0,,STL,ARI,1487.871979,1442.768176,0.598157402,0.401842598,1489.555145,1441.085011,1488.838738,1448.682214,Kwang Hyun Kim,Riley Smith,50.08644449,44.23108447,1.386516315,-19.02572581,0.619356301,0.380643699,1490.010286,1447.510665,7,4
2021-06-29,2021,1269,0,,LAD,SFG,1579.143759,1546.75583,0.580443682,0.419556318,1580.68085,1545.218739,1591.779803,1525.948575,Walker Buehler,Kevin Gausman,58.29025707,59.97867403,13.25018615,37.66899011,0.593039332,0.406960668,1592.886286,1524.842092,3,1
2021-06-29,2021,1270,0,,OAK,TEX,1537.215873,1462.988132,0.637711316,0.362288684,1535.323052,1464.880953,1524.708932,1456.627247,James Kaprielian,Mike Foltynewicz,52.54458813,49.24401709,-1.701138988,-4.996319725,0.637676825,0.362323175,1523.289419,1458.046759,4,5
2021-06-29,2021,1271,0,,COL,PIT,1461.117142,1449.236896,0.551453039,0.448546961,1464.406207,1445.947831,1443.246944,1432.448247,German Marquez,Chase De Jong,58.00785579,43.72804676,28.11584179,-18.65347176,0.615275635,0.384724365,1445.254173,1430.441018,8,0
2021-06-29,2021,1272,0,,STL,ARI,1486.815794,1443.824362,0.595231157,0.404768843,1487.871979,1442.768176,1487.927759,1449.593192,Carlos Martinez,Caleb Smith,44.9526675,49.33569426,-22.10005917,5.160355161,0.550304989,0.449695011,1488.838738,1448.682214,3,2
2021-06-29,2021,1273,0,,MIL,CHC,1519.036294,1515.716939,0.539234883,0.460765117,1520.328555,1514.424678,1523.808792,1510.998004,Brandon Woodruff,Zach Davies,62.87677653,51.00029839,41.27881578,11.59056763,0.594548064,0.405451936,1524.627331,1510.179465,2,1
2021-06-29,2021,1274,0,,HOU,BAL,1571.178393,1441.096808,0.708263437,0.291736563,1563.998731,1448.276471,1573.199065,1424.750404,Jose Urquidy,Travis Lakins Sr.,56.1423695,49.81381138,5.741329929,15.85206214,0.717985774,0.282014226,1567.683818,1430.26565,3,13
2021-06-29,2021,1275,0,,CHW,MIN,1528.03813,1489.115539,0.589575683,0.410424317,1529.094325,1488.059344,1532.233908,1503.558703,Lucas Giolito,Kenta Maeda,57.75914396,53.07534662,11.89037344,9.322177268,0.58192424,0.41807576,1533.045972,1502.746639,7,6
2021-06-29,2021,1276,0,,ATL,NYM,1517.138844,1515.680035,0.536572737,0.463427263,1515.638785,1517.180094,1521.988217,1536.508542,Charlie Morton,Tylor Megill,56.88422895,47.63538429,17.20784913,-36.84144055,0.594039381,0.405960619,1520.711284,1537.785475,3,4
2021-06-29,2021,1277,0,,CIN,SDP,1502.207292,1538.302909,0.482600038,0.517399962,1500.889836,1539.620365,1500.763351,1561.662802,Tony Santillan,Craig Stammen,48.02780179,47.53749555,-20.24755561,-25.3943773,0.456603043,0.543396957,1499.842805,1562.583347,4,5
2021-06-29,2021,1278,0,,BOS,KCR,1528.033373,1455.962384,0.634838072,0.365161928,1528.931889,1455.063868,1525.695948,1457.899104,Nick Pivetta,Brad Keller,52.0612377,47.79160275,2.361524974,-5.649457442,0.639810102,0.360189898,1526.356827,1457.238225,7,6
2021-06-29,2021,1279,0,,TOR,SEA,1527.548602,1489.549834,0.588288253,0.411711747,1530.082344,1487.016092,1532.285824,1478.653388,Robbie Ray,Chris Flexen,52.32535709,45.49952629,8.882519985,-12.93746666,0.642455106,0.357544894,1533.848022,1477.091191,9,3
2021-06-29,2021,1280,0,,WSN,TBD,1516.315188,1561.113318,0.470104785,0.529895215,1517.838608,1559.589898,1516.579229,1553.900643,Joe Ross,Rich Hill,50.71906132,55.10960463,-9.107455757,12.84637607,0.450285643,0.549714357,1517.774948,1552.704924,4,3
2021-06-29,2021,1281,0,,PHI,FLA,1498.883046,1491.747156,0.54468858,0.45531142,1500.11794,1490.512262,1501.152125,1474.699642,Vince Velasquez,Trevor Rogers,48.63753703,56.42427809,-19.28700077,18.64822922,0.515638015,0.484361985,1502.154515,1473.697252,4,3
2021-06-29,2021,1282,0,,NYY,ANA,1521.96281,1490.924647,0.578550318,0.421449682,1524.57278,1488.314677,1545.209984,1499.878348,Jameson Taillon,Andrew Heaney,52.63184821,51.72838515,-8.805337961,8.804440808,0.573888712,0.426111288,1547.196345,1497.891988,11,5
2021-06-28,2021,1283,0,,LAD,SFG,1577.939629,1547.95996,0.577063913,0.422936087,1579.143759,1546.75583,1591.047842,1526.680536,Trevor Bauer,Anthony DeSclafani,59.11178016,54.14368368,16.83721745,9.739957335,0.636927657,0.363072343,1591.779803,1525.948575,3,2
2021-06-28,2021,1284,0,,STL,ARI,1484.251016,1446.389139,0.588097382,0.411902618,1486.815794,1443.824362,1485.763017,1451.757934,Wade LeBlanc,Jake Faria,43.98719717,48.21983192,-26.62958751,0.377583599,0.549625256,0.450374744,1487.927759,1449.593192,7,1
2021-06-28,2021,1285,0,,MIL,CHC,1514.803088,1519.950145,0.527104968,0.472895032,1519.036294,1515.716939,1520.696685,1514.110111,Freddy Peralta,Kyle Hendricks,57.2404423,54.01052079,15.06858195,25.41771262,0.534435297,0.465564703,1523.808792,1510.998004,14,4
2021-06-28,2021,1286,0,,HOU,BAL,1574.150605,1438.124596,0.715283243,0.284716757,1571.178393,1441.096808,1575.641321,1422.308148,Zack Greinke,Thomas Eshelman,55.4823791,44.20160615,1.972816678,-10.60191015,0.749176434,0.250823566,1573.199065,1424.750404,7,9
2021-06-28,2021,1287,0,,CLE,DET,1507.315722,1456.023855,0.606688802,0.393311198,1510.151131,1453.188446,1509.628964,1452.664315,Eli Morgan,Matt Manning,45.71891119,48.31882334,-25.25597921,-7.507917984,0.588221134,0.411778866,1511.892567,1450.400712,13,5
2021-06-28,2021,1288,0,,BOS,KCR,1527.126401,1456.869356,0.632414054,0.367585946,1528.033373,1455.962384,1524.869511,1458.725541,Garrett Richards,Danny Duffy,48.29687995,54.2151339,-16.51276672,23.72541621,0.576395729,0.423604271,1525.695948,1457.899104,6,5
2021-06-28,2021,1289,0,,WSN,NYM,1513.871012,1518.124211,0.528387371,0.471612629,1516.315188,1515.680035,1514.706159,1538.381611,Paolo Espino,Jerad Eickhoff,47.51954378,47.50653791,-23.70703026,-38.68378173,0.520332883,0.479667117,1516.579229,1536.508542,8,4
2021-06-28,2021,1290,0,,NYY,ANA,1524.123815,1488.763642,0.584604537,0.415395463,1521.96281,1490.924647,1546.760523,1498.32781,Michael King,Dylan Bundy,46.65196426,48.1863133,-37.32085404,-8.370685135,0.564203598,0.435796402,1545.209984,1499.878348,3,5
2021-06-28,2021,1291,0,,CIN,PHI,1498.571852,1502.518487,0.528827107,0.471172893,1502.207292,1498.883046,1498.332801,1503.582674,Wade Miley,Spencer Howard,52.84541127,47.61317817,2.211108097,-24.52428691,0.568735029,0.431264971,1500.763351,1501.152125,12,4
2021-06-28,2021,1292,0,,COL,PIT,1459.685908,1450.66813,0.547373873,0.452626127,1461.117142,1449.236896,1442.028059,1433.667132,Kyle Freeland,Tyler Anderson,46.53153804,49.23321641,-24.74408131,7.577880901,0.499867582,0.500132418,1443.246944,1432.448247,2,0
2021-06-27,2021,1293,0,,LAD,CHC,1575.499593,1522.390181,0.609182562,0.390817438,1577.939629,1519.950145,1589.355493,1515.80246,Clayton Kershaw,Adbert Alzolay,56.9935917,51.54312696,7.836447164,12.5620065,0.630498947,0.369501053,1591.047842,1514.110111,7,1
2021-06-27,2021,1294,0,,CHW,SEA,1526.633576,1490.954388,0.585050423,0.414949577,1528.03813,1489.549834,1531.250848,1479.636449,Ryan Burr,Robert Dugger,47.93805565,43.04804944,-34.12386374,-24.84519624,0.609689688,0.390310312,1532.233908,1478.653388,7,5
2021-06-27,2021,1295,0,,SDP,ARI,1537.41441,1447.277638,0.658591571,0.341408429,1538.302909,1446.389139,1561.058033,1452.362702,Yu Darvish,Zac Gallen,60.52989924,56.18958066,35.98619922,37.47139484,0.680333805,0.319666195,1561.662802,1451.757934,5,4
2021-06-27,2021,1296,0,,SFG,OAK,1550.998225,1534.177609,0.558476761,0.441523239,1547.95996,1537.215873,1528.834923,1522.554545,Sammy Long,Cole Irvin,48.27778609,50.19760323,-18.15872163,-11.36023242,0.533741793,0.466258207,1526.680536,1524.708932,2,6
2021-06-27,2021,1297,0,,TEX,KCR,1461.080408,1458.777079,0.537781379,0.462218621,1462.988132,1456.869356,1455.00598,1460.346807,Jordan Lyles,Brady Singer,46.2758263,50.80221521,-18.09911398,7.663666002,0.489778512,0.510221488,1456.627247,1458.725541,4,1
2021-06-27,2021,1298,0,,STL,PIT,1487.909476,1447.00967,0.592326964,0.407673036,1484.251016,1450.66813,1488.437451,1430.992699,Johan Oviedo,Max Kranick,44.50278356,47.4,-25.00970528,0.10485251,0.580362743,0.419637257,1485.763017,1433.667132,2,7
2021-06-27,2021,1299,0,,MIN,CLE,1485.894305,1510.536955,0.499075153,0.500924847,1489.115539,1507.315722,1501.330194,1511.857473,J.A. Happ,Sam Hentges,48.2235611,47.04717812,-13.04378153,-20.48266954,0.530057935,0.469942065,1503.558703,1509.628964,8,2
2021-06-27,2021,1300,0,,MIL,COL,1512.610265,1461.878731,0.605918868,0.394081132,1514.803088,1459.685908,1519.136016,1443.588728,Eric Lauer,Chi Chi Gonzalez,45.2429539,46.13962184,-40.56083208,-26.46619521,0.6205551,0.3794449,1520.696685,1442.028059,5,0
2021-06-27,2021,1301,0,,TBD,ANA,1563.668462,1486.208498,0.641998894,0.358001106,1561.113318,1488.763642,1555.731739,1496.496714,Ryan Yarbrough,Patrick Sandoval,50.46812345,47.6936788,-8.619600813,-10.71384418,0.620387846,0.379612154,1553.900643,1498.32781,4,6
2021-06-27,2021,1302,0,,NYM,PHI,1520.261609,1500.381088,0.562815505,0.437184495,1518.124211,1502.518487,1539.841037,1502.123249,Marcus Stroman,Zack Wheeler,54.9040165,61.49132557,-4.978163806,41.61134589,0.521757594,0.478242406,1538.381611,1503.582674,2,4
2021-06-27,2021,1303,0,,FLA,WSN,1494.468673,1511.149495,0.510531586,0.489468414,1491.747156,1513.871012,1476.445041,1512.96076,Sandy Alcantara,Max Scherzer,56.60184006,60.98026119,18.5486325,39.95849708,0.45133174,0.54866826,1474.699642,1514.706159,1,5
2021-06-27,2021,1304,0,,DET,HOU,1454.171776,1576.002685,0.362816617,0.637183383,1456.023855,1574.150605,1451.295238,1577.010398,Tarik Skubal,Jake Odorizzi,49.33195578,52.77255636,-1.258745697,-10.29139359,0.369695481,0.630304519,1452.664315,1575.641321,2,1
2021-06-27,2021,1305,0,,CIN,ATL,1501.274992,1514.435703,0.515593932,0.484406068,1498.571852,1517.138844,1500.533827,1519.787191,Tyler Mahle,Kyle Muller,54.13675505,48.20255804,8.158114724,-22.60897373,0.550931101,0.449068899,1498.332801,1521.988217,0,4
2021-06-27,2021,1306,0,,BOS,NYY,1523.842761,1527.407456,0.529374902,0.470625098,1527.126401,1524.123815,1521.748656,1549.881378,Eduardo Rodriguez,Gerrit Cole,52.20159742,64.73568955,2.441356963,46.46121705,0.431143177,0.568856823,1524.869511,1546.760523,9,2
2021-06-27,2021,1307,0,,TOR,BAL,1526.213057,1439.46014,0.654198303,0.345801697,1527.548602,1438.124596,1531.373596,1423.220376,Ross Stripling,Jorge Lopez,49.04257986,46.21530516,-6.660703234,-1.919691738,0.675560499,0.324439501,1532.285824,1422.308148,5,2
2021-06-26,2021,1308,0,,SDP,ARI,1543.720079,1440.971969,0.674722047,0.325277953,1537.41441,1447.277638,1565.898415,1447.52232,Dinelson Lamet,Merrill Kelly,54.90015833,51.29940099,8.050159876,15.36005829,0.685141818,0.314858182,1561.058033,1452.362702,1,10
2021-06-26,2021,1309,0,,SFG,OAK,1549.758343,1535.41749,0.554954029,0.445045971,1550.998225,1534.177609,1527.842461,1523.547006,Alex Wood,Frankie Montas,48.56888139,50.40077311,-16.33582983,-10.27717063,0.531957697,0.468042303,1528.834923,1522.554545,6,5
2021-06-26,2021,1310,0,,LAD,CHC,1574.406245,1523.483529,0.606181625,0.393818375,1575.499593,1522.390181,1588.528738,1516.629215,Julio Urias,Alec Mills,51.65140556,50.12205186,-17.16055057,5.530803597,0.603823015,0.396176985,1589.355493,1515.80246,3,2
2021-06-26,2021,1311,0,,BOS,NYY,1522.213786,1529.036431,0.524700079,0.475299921,1523.842761,1527.407456,1520.487889,1551.142145,Nathan Eovaldi,Jordan Montgomery,53.9456867,54.00028451,11.46853196,-4.054834711,0.512760905,0.487239095,1521.748656,1549.881378,4,2
2021-06-26,2021,1312,0,,DET,HOU,1455.070466,1575.103994,0.365211919,0.634788081,1454.171776,1576.002685,1451.909158,1576.396478,Wily Peralta,Lance McCullers Jr.,45.78641822,54.00683783,-17.43725436,-4.414887371,0.34222055,0.65777945,1451.295238,1577.010398,2,3
2021-06-26,2021,1313,0,,TBD,ANA,1560.672931,1489.204029,0.63403424,0.36596576,1563.668462,1486.208498,1553.110203,1499.11825,Shane McClanahan,Alex Cobb,49.74227697,50.71394748,-11.57916754,2.564739211,0.590864157,0.409135843,1555.731739,1496.496714,13,3
2021-06-26,2021,1314,0,,NYM,PHI,1519.06964,1501.573058,0.559436028,0.440563972,1520.261609,1500.381088,1539.25701,1502.707275,Jacob deGrom,Zach Eflin,67.84454011,50.3498385,56.17441355,-10.3783594,0.675169629,0.324830371,1539.841037,1502.123249,4,3
2021-06-26,2021,1315,0,,MIL,COL,1510.114988,1464.374008,0.599038715,0.400961285,1512.610265,1461.878731,1517.308547,1445.416197,Adrian Houser,Antonio Senzatela,48.90983976,51.22486698,-24.11013036,-2.971057025,0.605948755,0.394051245,1519.136016,1443.588728,10,4
2021-06-26,2021,1316,0,,FLA,WSN,1493.049042,1512.569125,0.506446761,0.493553239,1494.468673,1511.149495,1475.316761,1514.08904,Zach Thompson,Patrick Corbin,50.5678442,49.88730144,-9.134295478,-12.10638693,0.483024692,0.516975308,1476.445041,1512.96076,3,2
2021-06-26,2021,1317,0,,CIN,ATL,1499.0998,1516.610896,0.509337197,0.490662803,1501.274992,1514.435703,1498.786125,1521.534893,Luis Castillo,Ian Anderson,51.99049967,55.72098881,-1.023439386,13.03929976,0.481571112,0.518428888,1500.533827,1519.787191,4,1
2021-06-26,2021,1318,0,,TEX,KCR,1457.519501,1462.337987,0.527576405,0.472423595,1461.080408,1458.777079,1452.623666,1462.729122,Kyle Gibson,Kyle Zimmer,55.81330837,48.12904356,28.40518104,-4.828257492,0.567409687,0.432590313,1455.00598,1460.346807,8,0
2021-06-26,2021,1319,0,,TOR,BAL,1523.779568,1441.89363,0.647833229,0.352166771,1526.213057,1439.46014,1529.993779,1424.600194,Hyun Jin Ryu,Keegan Akin,55.95228033,47.04565157,25.76899061,1.205684415,0.7081151,0.2918849,1531.373596,1423.220376,12,4
2021-06-26,2021,1320,0,,STL,PIT,1486.483191,1448.435956,0.588355827,0.411644173,1487.909476,1447.00967,1487.459617,1431.970533,Adam Wainwright,JT Brubaker,54.42514928,51.78675445,22.04962615,20.51811264,0.614529448,0.385470552,1488.437451,1430.992699,3,1
2021-06-26,2021,1321,0,,CHW,SEA,1528.309146,1489.278818,0.589725744,0.410274256,1526.633576,1490.954388,1532.628485,1478.258812,Lance Lynn,Logan Gilbert,60.18085138,49.74846597,23.68596093,7.161959383,0.633265566,0.366734434,1531.250848,1479.636449,2,3
2021-06-26,2021,1322,0,,DET,HOU,1452.699288,1577.475172,0.35890668,0.64109332,1455.070466,1575.103994,1450.175785,1578.129851,Casey Mize,Framber Valdez,51.79152227,54.79543427,11.52003664,-0.774665029,0.371068956,0.628931044,1451.909158,1576.396478,3,1
2021-06-25,2021,1323,0,,SDP,ARI,1541.80539,1442.886658,0.669865567,0.330134433,1543.720079,1440.971969,1564.661721,1448.759015,Chris Paddack,Corbin Martin,49.55426178,43.07237884,-18.67719993,-24.84039314,0.701147673,0.298852327,1565.898415,1447.52232,11,5
2021-06-25,2021,1324,0,,LAD,CHC,1572.399161,1525.490613,0.600651975,0.399348025,1574.406245,1523.483529,1587.225307,1517.932646,Tony Gonsolin,Jake Arrieta,52.34535009,44.61762224,-13.88067893,-20.38995692,0.639802292,0.360197708,1588.528738,1516.629215,6,2
2021-06-25,2021,1325,0,,SFG,OAK,1548.117435,1537.058398,0.550283456,0.449716544,1549.758343,1535.41749,1526.418851,1524.970617,Johnny Cueto,Sean Manaea,47.93680523,55.33165529,-18.38743594,13.58008486,0.495785801,0.504214199,1527.842461,1523.547006,2,0
2021-06-25,2021,1326,0,,STL,PIT,1488.202995,1446.716151,0.593142719,0.406857281,1486.483191,1448.435956,1488.919163,1430.510986,Kwang Hyun Kim,Wil Crowe,50.76813876,42.88031333,4.263519276,-22.15130183,0.651680791,0.348319209,1487.459617,1431.970533,4,5
2021-06-25,2021,1327,0,,MIN,CLE,1484.512953,1511.918307,0.495099458,0.504900542,1485.894305,1510.536955,1500.357963,1512.829704,Danny Coulombe,Cal Quantrill,47.4,47.32430333,-17.5954825,-19.93643008,0.519948798,0.480051202,1501.330194,1511.857473,8,7
2021-06-25,2021,1328,0,,CHW,SEA,1532.411194,1485.176771,0.601101858,0.398898142,1528.309146,1489.278818,1535.80766,1475.079637,Carlos Rodon,Yusei Kikuchi,57.77897626,51.39980717,12.00075715,15.56631968,0.616666228,0.383333772,1532.628485,1478.258812,3,9
2021-06-25,2021,1329,0,,TEX,KCR,1454.812901,1465.044587,0.519803831,0.480196169,1457.519501,1462.337987,1450.464555,1464.888232,Dane Dunning,Mike Minor,50.90950331,54.07620039,5.678667067,21.70978945,0.495694523,0.504305477,1452.623666,1462.729122,9,4
2021-06-25,2021,1330,0,,NYM,PHI,1520.697509,1499.945189,0.56404993,0.43595007,1519.06964,1501.573058,1540.61177,1501.352516,David Peterson,Matt Moore,49.36036104,42.50166847,-30.50241734,-46.85566276,0.612607581,0.387392419,1539.25701,1502.707275,1,2
2021-06-25,2021,1331,0,,TBD,ANA,1559.72438,1490.15258,0.631496591,0.368503409,1560.672931,1489.204029,1552.266147,1499.962307,Andrew Kittredge,Griffin Canning,48.03578281,50.16816828,-20.09572956,-0.143487112,0.582753792,0.417246208,1553.110203,1499.11825,4,3
2021-06-25,2021,1332,0,,FLA,WSN,1488.726235,1516.891933,0.494005365,0.505994635,1493.049042,1512.569125,1472.321971,1517.08383,Pablo Lopez,Jon Lester,55.11964323,47.42659227,12.56873666,-25.48983263,0.524871423,0.475128577,1475.316761,1514.08904,11,2
2021-06-25,2021,1333,0,,CIN,ATL,1500.52377,1515.186926,0.513433566,0.486566434,1499.0998,1516.610896,1499.845646,1520.475372,Vladimir Gutierrez,Drew Smyly,48.5005507,48.30064028,-17.62639833,-21.3237019,0.51016966,0.48983034,1498.786125,1521.534893,2,3
2021-06-25,2021,1334,0,,BOS,NYY,1520.564144,1530.686072,0.519961536,0.480038464,1522.213786,1529.036431,1519.167323,1552.462711,Martin Perez,Domingo German,49.46621198,51.33755194,-9.936545927,-16.91614898,0.494449627,0.505550373,1520.487889,1551.142145,5,3
2021-06-25,2021,1335,0,,TOR,BAL,1525.694185,1439.979013,0.652845664,0.347154336,1523.779568,1441.89363,1531.606346,1422.987626,Alek Manoah,Matt Harvey,48.61032624,41.14260573,-8.06445131,-26.56490232,0.704727362,0.295272638,1529.993779,1424.600194,5,6
2021-06-25,2021,1336,0,,NYM,PHI,1519.509967,1501.132731,0.560685106,0.439314894,1520.697509,1499.945189,1539.742611,1502.221674,Taijuan Walker,Aaron Nola,55.30304413,54.91141647,-2.295818862,12.53452644,0.568761342,0.431238658,1540.61177,1501.352516,2,1
2021-06-25,2021,1337,0,,MIL,COL,1509.029023,1465.459973,0.596032008,0.403967992,1510.114988,1464.374008,1516.674329,1446.050415,Corbin Burnes,Jon Gray,59.22399178,52.38087432,24.93515345,3.199931641,0.661686719,0.338313281,1517.308547,1445.416197,5,4
2021-06-24,2021,1338,0,,LAD,CHC,1575.849812,1522.039962,0.610142084,0.389857916,1572.399161,1525.490613,1590.055019,1515.102934,Walker Buehler,Zach Davies,58.95541814,50.07472827,16.72867626,6.190381157,0.652464524,0.347535476,1587.225307,1517.932646,0,4
2021-06-24,2021,1339,0,,STL,PIT,1492.382887,1442.53626,0.604701879,0.395298121,1488.202995,1446.716151,1492.063574,1427.366575,Carlos Martinez,Chad Kuhl,45.95631997,46.29526049,-19.49036598,-5.513593479,0.606133988,0.393866012,1488.919163,1430.510986,2,8
2021-06-24,2021,1340,0,,MIN,CLE,1486.6582,1509.77306,0.501273816,0.498726184,1484.512953,1511.918307,1502.350343,1510.837324,Jose Berrios,J.C. Mejia,55.8569961,45.82952539,23.08656017,-26.17626806,0.59519403,0.40480597,1500.357963,1512.829704,1,4
2021-06-24,2021,1341,0,,TBD,BOS,1558.613639,1521.674886,0.586809541,0.413190459,1559.72438,1520.564144,1551.332266,1520.101203,Michael Wacha,Nick Pivetta,47.01268219,50.59621861,-23.99800533,-3.28120893,0.549507276,0.450492724,1552.266147,1519.167323,1,0
2021-06-24,2021,1342,0,,FLA,WSN,1491.388835,1514.229332,0.501668653,0.498331347,1488.726235,1516.891933,1474.192359,1515.213442,Cody Poteet,Joe Ross,49.16299316,49.63380475,-16.81483501,-14.23817455,0.476299282,0.523700718,1472.321971,1517.08383,3,7
2021-06-24,2021,1343,0,,DET,HOU,1455.446199,1574.728261,0.36621536,0.63378464,1452.699288,1577.475172,1451.972009,1576.333627,Jose Urena,Luis Garcia,46.06378503,56.31680771,-16.25863144,6.310935178,0.333025356,0.666974644,1450.175785,1578.129851,3,12
2021-06-24,2021,1344,0,,CIN,ATL,1498.737753,1516.972943,0.508295468,0.491704532,1500.52377,1515.186926,1498.519365,1521.801653,Tony Santillan,Jesse Chavez,46.38342238,45.97282007,-26.91865801,-32.38918364,0.512151954,0.487848046,1499.845646,1520.475372,5,3
2021-06-24,2021,1345,0,,TOR,BAL,1523.052715,1442.620483,0.64592171,0.35407829,1525.694185,1439.979013,1529.737659,1424.856313,Anthony Kay,Dean Kremer,47.82873134,47.41722106,-11.12440074,1.40876453,0.65993232,0.34006768,1531.606346,1422.987626,9,0
2021-06-24,2021,1346,0,,TEX,OAK,1456.816868,1535.054431,0.422573805,0.577426195,1454.812901,1537.058398,1451.841548,1523.593624,Kolby Allard,Chris Bassitt,48.94300429,56.98469677,-3.611477422,21.92131651,0.396071366,0.603928634,1450.464555,1524.970617,1,5
2021-06-24,2021,1347,0,,NYY,KCR,1528.190559,1467.5401,0.619467162,0.380532838,1530.686072,1465.044587,1550.720753,1466.630191,Jameson Taillon,Brad Keller,51.96916684,48.79430246,-13.45923076,-4.098655119,0.63837901,0.36162099,1552.462711,1464.888232,8,1
2021-06-23,2021,1348,0,,SDP,LAD,1539.786942,1577.868259,0.479746444,0.520253556,1541.80539,1575.849812,1563.146327,1591.570413,Joe Musgrove,Trevor Bauer,55.76888282,60.00586073,11.07853296,21.03567744,0.479315558,0.520684442,1564.661721,1590.055019,5,3
2021-06-23,2021,1349,0,,TEX,OAK,1454.766914,1537.104385,0.416825818,0.583174182,1456.816868,1535.054431,1450.315548,1525.119624,Mike Foltynewicz,James Kaprielian,48.5294799,52.31835536,-4.932704123,0.11829007,0.420303497,0.579696503,1451.841548,1523.593624,5,3
2021-06-23,2021,1350,0,,TBD,BOS,1555.958192,1524.330332,0.579377795,0.420622205,1558.613639,1521.674886,1549.496211,1521.937258,Rich Hill,Garrett Richards,55.03787444,49.99337734,13.92709558,-7.787141862,0.603912552,0.396087448,1551.332266,1520.101203,8,2
2021-06-23,2021,1351,0,,NYM,ATL,1517.095408,1519.387502,0.531199601,0.468800399,1519.509967,1516.972943,1538.0331,1523.511163,Tylor Megill,Kyle Wright,47.4,45.26008345,-39.70441366,-37.22391201,0.551682541,0.448317459,1539.742611,1521.801653,7,3
2021-06-23,2021,1352,0,,FLA,TOR,1493.244103,1521.197448,0.494310925,0.505689075,1491.388835,1523.052715,1475.506128,1528.42389,Trevor Rogers,Robbie Ray,56.63861932,51.9256191,18.30214865,8.592651946,0.472385214,0.527614786,1474.192359,1529.737659,1,3
2021-06-23,2021,1353,0,,NYY,KCR,1527.229318,1468.501341,0.616855009,0.383144991,1528.190559,1467.5401,1549.86108,1467.489864,Michael King,Danny Duffy,46.19043559,54.1058291,-40.7666318,21.18006727,0.563585869,0.436414131,1550.720753,1466.630191,6,5
2021-06-23,2021,1354,0,,BAL,HOU,1446.026331,1571.322412,0.358217961,0.641782039,1442.620483,1574.728261,1426.990156,1574.199785,Thomas Eshelman,Jose Urquidy,45.35957698,55.02578621,-9.005311302,1.305780219,0.316780506,0.683219494,1424.856313,1576.333627,0,13
2021-06-23,2021,1355,0,,SEA,COL,1487.845244,1462.7915,0.570128648,0.429871352,1485.176771,1465.459973,1476.898881,1444.231172,Justus Sheffield,German Marquez,45.87887501,57.0496261,-10.96145082,26.30686962,0.527888988,0.472111012,1475.079637,1446.050415,2,5
2021-06-23,2021,1356,0,,ANA,SFG,1493.122685,1545.14733,0.459756535,0.540243465,1490.15258,1548.117435,1502.256792,1524.124365,Shohei Ohtani,Kevin Gausman,52.92024921,59.31168154,13.39683826,36.0620764,0.470485263,0.529514737,1499.962307,1526.418851,3,9
2021-06-23,2021,1357,0,,ARI,MIL,1444.055507,1507.860174,0.442965797,0.557034203,1442.886658,1509.029023,1449.486608,1515.946736,Caleb Smith,Brandon Woodruff,48.84398135,62.51992333,2.776109886,41.17320579,0.385693354,0.614306646,1448.759015,1516.674329,2,3
2021-06-23,2021,1358,0,,DET,STL,1452.756096,1495.07299,0.473664264,0.526335736,1455.446199,1492.382887,1449.951048,1494.084535,Matt Manning,John Gant,48.14747099,48.5762332,-6.432994647,-7.753884902,0.472952925,0.527047075,1451.972009,1492.063574,6,2
2021-06-23,2021,1359,0,,PHI,WSN,1502.593171,1512.768891,0.519884246,0.480115754,1501.132731,1514.229332,1503.298333,1514.136783,Vince Velasquez,Erick Fedde,48.47736638,50.07420444,-17.73227128,-13.43286604,0.512750886,0.487249114,1502.221674,1515.213442,12,13
2021-06-23,2021,1360,0,,PIT,CHW,1443.640386,1531.307068,0.409388252,0.590611748,1442.53626,1532.411194,1428.141717,1535.032518,Chase De Jong,Dylan Cease,43.98439619,50.55780909,-16.72260812,-21.93930662,0.390043807,0.609956193,1427.366575,1535.80766,3,4
2021-06-22,2021,1361,0,,SEA,COL,1486.658821,1463.977922,0.566777868,0.433222132,1487.845244,1462.7915,1476.094872,1445.03518,Chris Flexen,Kyle Freeland,44.76518183,45.64786541,-15.66214646,-26.71793266,0.598340315,0.401659685,1476.898881,1444.231172,2,1
2021-06-22,2021,1362,0,,SDP,LAD,1538.208213,1579.446989,0.475211745,0.524788255,1539.786942,1577.868259,1561.916175,1592.800565,Blake Snell,Clayton Kershaw,50.509811,57.40900402,-13.29583748,8.52521547,0.458783289,0.541216711,1563.146327,1591.570413,3,2
2021-06-22,2021,1363,0,,ARI,MIL,1446.605551,1505.31013,0.450221542,0.549778458,1444.055507,1507.860174,1451.553016,1513.880328,Zac Gallen,Freddy Peralta,55.86849218,56.39099684,36.45771107,13.29871718,0.478184894,0.521815106,1449.486608,1515.946736,0,5
2021-06-22,2021,1364,0,,ANA,SFG,1495.850623,1542.419392,0.467566537,0.532433463,1493.122685,1545.14733,1504.578184,1521.802973,Andrew Heaney,Anthony DeSclafani,52.1427165,52.78732967,9.447437449,6.739995342,0.516851644,0.483148356,1502.256792,1524.124365,0,5
2021-06-22,2021,1365,0,,TEX,OAK,1457.61452,1534.256779,0.424816161,0.575183839,1454.766914,1537.104385,1452.387503,1523.047668,Taylor Hearn,Cole Irvin,45.10789365,50.41716813,-21.86754332,-9.09398164,0.415292645,0.584707355,1450.315548,1525.119624,6,13
2021-06-22,2021,1366,0,,CHC,CLE,1519.098391,1512.714631,0.543614617,0.456385383,1522.039962,1509.77306,1513.304137,1512.636121,Kyle Hendricks,Eli Morgan,53.12966693,44.92599389,21.59252069,-30.27844524,0.608400513,0.391599487,1515.102934,1510.837324,7,1
2021-06-22,2021,1367,0,,TBD,BOS,1559.185177,1521.103347,0.588404058,0.411595942,1555.958192,1524.330332,1551.697954,1519.735515,Andrew Kittredge,Eduardo Rodriguez,48.04604633,52.6091092,-19.13257569,4.165390731,0.545314892,0.454685108,1549.496211,1521.937258,5,9
2021-06-22,2021,1368,0,,NYM,ATL,1519.558113,1516.924797,0.538253522,0.461746478,1517.095408,1519.387502,1539.879872,1521.664391,Marcus Stroman,Charlie Morton,55.31253489,55.59672691,-2.928794917,12.69551937,0.53819322,0.46180678,1538.0331,1523.511163,0,3
2021-06-22,2021,1369,0,,FLA,TOR,1494.68144,1519.76011,0.498447674,0.501552326,1493.244103,1521.197448,1476.57514,1527.354877,Sandy Alcantara,Ross Stripling,55.84447911,48.20269623,15.43596865,-8.197570628,0.495133951,0.504866049,1475.506128,1528.42389,1,2
2021-06-22,2021,1370,0,,DET,STL,1449.24363,1498.585457,0.463594718,0.536405282,1452.756096,1495.07299,1447.461624,1496.573959,Tarik Skubal,Johan Oviedo,49.04853197,46.32471788,-1.951100656,-19.64566539,0.487490742,0.512509258,1449.951048,1494.084535,8,2
2021-06-22,2021,1371,0,,PIT,CHW,1440.798928,1534.148525,0.401502552,0.598497448,1443.640386,1531.307068,1425.881653,1537.292582,Tyler Anderson,Lucas Giolito,48.86912712,57.8132565,6.644314341,12.23275799,0.37361904,0.62638096,1428.141717,1535.032518,6,3
2021-06-22,2021,1372,0,,PHI,WSN,1504.068415,1511.293648,0.524122089,0.475877911,1502.593171,1512.768891,1504.424811,1513.010305,Zack Wheeler,Max Scherzer,62.43326379,60.94656464,47.44951984,38.07969865,0.531764747,0.468235253,1503.298333,1514.136783,2,3
2021-06-22,2021,1373,0,,NYY,KCR,1529.022104,1466.708555,0.621721308,0.378278692,1527.229318,1468.501341,1551.474929,1465.876014,Gerrit Cole,Brady Singer,64.81001196,51.54866494,47.1469839,8.54518482,0.705059926,0.294940074,1549.86108,1467.489864,5,6
2021-06-22,2021,1374,0,,BAL,HOU,1447.189197,1570.159547,0.361301636,0.638698364,1446.026331,1571.322412,1427.721743,1573.468197,Jorge Lopez,Zack Greinke,45.32975162,54.71808436,-8.397040574,0.583857153,0.320270902,0.679729098,1426.990156,1574.199785,1,3
2021-06-22,2021,1375,0,,MIN,CIN,1488.92351,1496.472443,0.523657311,0.476342689,1486.6582,1498.737753,1504.110016,1496.759692,Bailey Ober,Wade Miley,50.23876465,52.06231292,-3.894121537,0.513373689,0.538696309,0.461303691,1502.350343,1498.519365,7,10
2021-06-21,2021,1376,0,,SDP,LAD,1535.299892,1582.35531,0.466869203,0.533130797,1538.208213,1579.446989,1560.163856,1594.552884,Yu Darvish,Julio Urias,59.90996032,53.27770808,31.78546155,-12.54606038,0.5516488,0.4483512,1561.916175,1592.800565,6,2
2021-06-21,2021,1377,0,,ARI,MIL,1443.670484,1508.245198,0.441872308,0.558127692,1446.605551,1505.31013,1449.582735,1515.850609,Merrill Kelly,Brett Anderson,50.50381895,49.43170593,12.11272122,-20.32994923,0.489595173,0.510404827,1451.553016,1513.880328,5,1
2021-06-21,2021,1378,0,,NYM,ATL,1521.10996,1515.37295,0.542690802,0.457309198,1519.558113,1516.924797,1540.897786,1520.646478,Jerad Eickhoff,Ian Anderson,47.07670732,55.18098841,-41.64964012,11.36277656,0.487394422,0.512605578,1539.879872,1521.664391,0,1
2021-06-21,2021,1379,0,,MIN,CIN,1487.278707,1498.117246,0.518931811,0.481068189,1488.92351,1496.472443,1502.844746,1498.024962,J.A. Happ,Tyler Mahle,48.80365167,54.5022348,-11.2974118,11.75500565,0.509186169,0.490813831,1504.110016,1496.759692,7,5
2021-06-21,2021,1380,0,,TEX,OAK,1454.153378,1537.717921,0.4151098,0.5848902,1457.61452,1534.256779,1450.141343,1525.293829,Kyle Gibson,Frankie Montas,55.92944083,51.72796617,29.17632716,-4.223022566,0.479446394,0.520553606,1452.387503,1523.047668,8,3
2021-06-21,2021,1381,0,,CHC,CLE,1522.059002,1509.754021,0.552057732,0.447942268,1519.098391,1512.714631,1515.513393,1510.426865,Adbert Alzolay,Aaron Civale,51.76938862,53.76682883,15.15938917,11.82780351,0.549807311,0.450192689,1513.304137,1512.636121,0,4
2021-06-21,2021,1382,0,,BAL,HOU,1449.785489,1567.563254,0.368227545,0.631772455,1447.189197,1570.159547,1429.634565,1571.555376,Keegan Akin,Jake Odorizzi,48.01507742,51.45748601,3.714378294,-13.64120097,0.363623378,0.636376622,1427.721743,1573.468197,2,10
2021-06-21,2021,1383,0,,NYM,ATL,1519.440433,1517.042477,0.537916779,0.462083221,1521.10996,1515.37295,1540.11906,1521.425204,Jacob deGrom,Kyle Muller,67.76550676,47.4,56.22425108,-25.00527901,0.672377861,0.327622139,1540.897786,1520.646478,4,2
2021-06-20,2021,1384,0,,ATL,STL,1515.867141,1499.760792,0.557462666,0.442537334,1517.042477,1498.585457,1520.473486,1497.525677,Drew Smyly,Kwang Hyun Kim,47.25164831,50.65288497,-24.96614091,0.807718727,0.530434095,0.469565905,1521.425204,1496.573959,1,0
2021-06-20,2021,1385,0,,SEA,TBD,1483.497513,1562.346485,0.421715252,0.578284748,1486.658821,1559.185177,1473.974768,1553.818059,Marco Gonzales,Shane McClanahan,52.09942571,48.40798985,19.21944189,-16.84737696,0.471570067,0.528429933,1476.094872,1551.697954,6,2
2021-06-20,2021,1386,0,,SDP,CIN,1534.127929,1499.289208,0.583875408,0.416124592,1535.299892,1498.117246,1559.410936,1498.777882,Dinelson Lamet,Luis Castillo,54.468042,52.05656034,6.681449272,0.200241062,0.628198445,0.371801555,1560.163856,1498.024962,3,2
2021-06-20,2021,1387,0,,ARI,LAD,1444.491147,1581.534647,0.342824896,0.657175104,1443.670484,1582.35531,1450.200213,1593.935406,Alex Young,Tony Gonsolin,45.86768831,52.1677639,-10.49711837,-17.77360307,0.343583718,0.656416282,1449.582735,1594.552884,8,9
2021-06-20,2021,1388,0,,ANA,DET,1498.197389,1446.896863,0.606700696,0.393299304,1495.850623,1449.24363,1506.275409,1445.764399,Dylan Bundy,Casey Mize,48.42065605,52.3708629,-8.350029158,13.25179243,0.589557013,0.410442987,1504.578184,1447.461624,3,5
2021-06-20,2021,1389,0,,SFG,PHI,1539.013423,1507.474383,0.579253189,0.420746811,1542.419392,1504.068415,1518.850442,1507.377341,Sammy Long,Zach Eflin,47.4,51.88695499,-18.26806338,-3.599011169,0.529903702,0.470096298,1521.802973,1504.424811,11,2
2021-06-20,2021,1390,0,,COL,MIL,1465.255313,1506.967807,0.474531732,0.525468268,1463.977922,1508.245198,1445.960615,1514.925174,Chi Chi Gonzalez,Eric Lauer,46.57342015,44.98014568,-23.0056523,-41.41943703,0.461864571,0.538135429,1445.03518,1515.850609,6,7
2021-06-20,2021,1391,0,,TEX,MIN,1455.810959,1485.621126,0.491639276,0.508360724,1454.153378,1487.278707,1451.286292,1501.699797,Dane Dunning,Kenta Maeda,51.71558005,53.25476349,8.7004741,9.549658488,0.460846164,0.539153836,1450.141343,1502.844746,2,4
2021-06-20,2021,1392,0,,CHC,FLA,1520.536745,1496.203697,0.569111592,0.430888408,1522.059002,1494.68144,1514.530738,1477.557795,Alec Mills,Zach Thompson,49.63500285,49.42267066,5.642022374,-14.24308401,0.614307773,0.385692227,1515.513393,1476.57514,2,0
2021-06-20,2021,1393,0,,KCR,BOS,1463.848791,1523.963111,0.448213693,0.551786307,1466.708555,1521.103347,1463.794246,1521.817283,Mike Minor,Nathan Eovaldi,53.98018036,54.62970264,20.26622841,13.15071203,0.461354198,0.538645802,1465.876014,1519.735515,7,3
2021-06-20,2021,1394,0,,HOU,CHW,1564.881308,1536.830472,0.574351747,0.425648253,1567.563254,1534.148525,1569.65212,1539.195837,Lance McCullers Jr.,Dallas Keuchel,53.87286361,52.94664881,-2.18483887,-12.06922737,0.591549511,0.408450489,1571.555376,1537.292582,8,2
2021-06-20,2021,1395,0,,ATL,STL,1520.481275,1495.146658,0.570524858,0.429475142,1515.867141,1499.760792,1523.569912,1494.429251,Bryse Wilson,Adam Wainwright,47.73456858,53.31036183,-23.64586869,14.49066682,0.521579258,0.478420742,1520.473486,1497.525677,1,9
2021-06-20,2021,1396,0,,WSN,NYM,1509.127963,1521.606119,0.516575191,0.483424809,1511.293648,1519.440433,1511.176982,1541.952383,Patrick Corbin,Taijuan Walker,49.50329131,56.03398887,-15.49769344,0.403059551,0.467412651,0.532587349,1513.010305,1540.11906,5,2
2021-06-20,2021,1397,0,,PIT,CLE,1442.010993,1508.541956,0.439096935,0.560903065,1440.798928,1509.754021,1426.89906,1509.409459,JT Brubaker,Sam Hentges,50.87792718,45.3833543,17.11108305,-26.90518197,0.479153357,0.520846643,1425.881653,1510.426865,1,2
2021-06-20,2021,1398,0,,NYY,OAK,1527.720041,1539.019984,0.518268716,0.481731284,1529.022104,1537.717921,1550.571663,1526.197095,Jordan Montgomery,Sean Manaea,53.51192855,54.65098074,-5.550458084,10.25755556,0.546730261,0.453269739,1551.474929,1525.293829,2,1
2021-06-20,2021,1399,0,,BAL,TOR,1451.649693,1517.895906,0.439500683,0.560499317,1449.785489,1519.76011,1430.55464,1526.434802,Matt Harvey,Hyun Jin Ryu,41.21736309,55.26931461,-28.59106161,25.91669042,0.325733183,0.674266817,1429.634565,1527.354877,4,7
2021-06-19,2021,1400,0,,SEA,TBD,1481.770916,1564.073083,0.41687522,0.58312478,1483.497513,1562.346485,1472.720106,1555.07272,Logan Gilbert,Josh Fleming,50.20973366,52.05312076,10.17952956,-0.246242796,0.43146191,0.56853809,1473.974768,1553.818059,6,5
2021-06-19,2021,1401,0,,ARI,LAD,1446.489789,1579.536004,0.348027593,0.651972407,1444.491147,1581.534647,1451.427792,1592.707827,Matt Peacock,Walker Buehler,44.78261642,58.0345081,-15.71672917,10.77348499,0.304151066,0.695848934,1450.200213,1593.935406,3,9
2021-06-19,2021,1402,0,,ANA,DET,1495.982237,1449.112016,0.600599054,0.399400946,1498.197389,1446.896863,1504.719774,1447.320034,Patrick Sandoval,Wily Peralta,47.61374253,46.48062137,-12.18927538,-15.23726639,0.619192029,0.380807971,1506.275409,1445.764399,8,3
2021-06-19,2021,1403,0,,COL,MIL,1466.545402,1505.677717,0.478236608,0.521763392,1465.255313,1506.967807,1446.962336,1513.923452,Austin Gomber,Adrian Houser,54.68505374,49.18640958,14.9476393,-22.13128519,0.491535654,0.508464346,1445.960615,1514.925174,5,6
2021-06-19,2021,1404,0,,SDP,CIN,1532.592306,1500.824832,0.579573638,0.420426362,1534.127929,1499.289208,1558.292915,1499.895904,Miguel Diaz,Vladimir Gutierrez,47.09435368,50.45407337,-28.56948486,-8.518418678,0.588772218,0.411227782,1559.410936,1498.777882,7,5
2021-06-19,2021,1405,0,,HOU,CHW,1562.716511,1538.995269,0.568247743,0.431752257,1564.881308,1536.830472,1567.881458,1540.9665,Framber Valdez,Lance Lynn,54.78020768,61.24335423,2.115142673,26.18841962,0.538551615,0.461448385,1569.65212,1539.195837,7,3
2021-06-19,2021,1406,0,,WSN,NYM,1506.55689,1524.177191,0.509180094,0.490819906,1509.127963,1521.606119,1509.37424,1543.755125,Jon Lester,Robert Gsellman,46.96234735,42.94800919,-27.27650487,-61.67517175,0.534509414,0.465490586,1511.176982,1541.952383,6,2
2021-06-19,2021,1407,0,,KCR,BOS,1466.720025,1521.091877,0.456402389,0.543597611,1463.848791,1523.963111,1466.04742,1519.56411,Brad Keller,Martin Perez,49.18683104,48.93457191,-2.658070964,-13.24915225,0.472790767,0.527209233,1463.794246,1521.817283,1,7
2021-06-19,2021,1408,0,,TEX,MIN,1457.160228,1484.271857,0.495522125,0.504477875,1455.810959,1485.621126,1452.258735,1500.727354,Kolby Allard,Randy Dobnak,48.05771525,47.30972759,-7.736685618,-18.39356637,0.480133775,0.519866225,1451.286292,1501.699797,2,3
2021-06-19,2021,1409,0,,SFG,PHI,1543.516003,1502.971803,0.591832561,0.408167439,1539.013423,1507.474383,1521.731145,1504.496639,Alex Wood,Aaron Nola,49.8515487,57.02172427,-8.031809858,18.7380961,0.520804214,0.479195786,1518.850442,1507.377341,6,13
2021-06-19,2021,1410,0,,PIT,CLE,1439.347307,1511.205642,0.431558648,0.568441352,1442.010993,1508.541956,1424.807301,1511.501218,Wil Crowe,Cal Quantrill,42.86783444,46.68469075,-20.73668154,-20.39158065,0.410262153,0.589737847,1426.89906,1509.409459,6,3
2021-06-19,2021,1411,0,,BAL,TOR,1453.543801,1516.001798,0.444879431,0.555120569,1451.649693,1517.895906,1431.766282,1525.22316,Dean Kremer,Alek Manoah,46.70954336,50.46214883,-2.301920775,2.301599312,0.395004008,0.604995992,1430.55464,1526.434802,7,10
2021-06-19,2021,1412,0,,CHC,FLA,1526.026985,1490.713457,0.584539329,0.415460671,1520.536745,1496.203697,1518.504301,1473.584232,Jake Arrieta,Pablo Lopez,45.58978871,53.59889267,-14.42860666,6.883499944,0.568087751,0.431912249,1514.530738,1477.557795,1,11
2021-06-19,2021,1413,0,,WSN,NYM,1509.301199,1521.432882,0.517073241,0.482926759,1506.55689,1524.177191,1511.456823,1541.672543,Joe Ross,David Peterson,50.15904349,48.69589291,-12.87450245,-34.37931131,0.521988576,0.478011424,1509.37424,1543.755125,1,5
2021-06-19,2021,1414,0,,NYY,OAK,1526.00017,1540.739855,0.51332351,0.48667649,1527.720041,1539.019984,1549.29281,1527.475948,Domingo German,Chris Bassitt,52.13614737,56.96485782,-12.89627206,21.36507723,0.516623591,0.483376409,1550.571663,1526.197095,7,5
2021-06-18,2021,1415,0,,SEA,TBD,1478.513792,1567.330206,0.407788959,0.592211041,1481.770916,1564.073083,1470.527,1557.265827,Yusei Kikuchi,Michael Wacha,50.69061734,48.24518426,13.2387084,-19.49706695,0.456929149,0.543070851,1472.720106,1555.07272,5,1
2021-06-18,2021,1416,0,,SDP,CIN,1529.836404,1503.580734,0.571823502,0.428176498,1532.592306,1500.824832,1556.517333,1501.671485,Chris Paddack,Tony Santillan,49.15653833,47.61297368,-18.69025959,-22.79298401,0.617155085,0.382844915,1558.292915,1499.895904,8,2
2021-06-18,2021,1417,0,,SFG,PHI,1542.053506,1504.4343,0.58775895,0.41224105,1543.516003,1502.971803,1520.532272,1505.695512,Johnny Cueto,Vince Velasquez,47.95007801,48.9647375,-17.15272578,-19.78572787,0.559219497,0.440780503,1521.731145,1504.496639,5,3
2021-06-18,2021,1418,0,,ARI,LAD,1447.851686,1578.174107,0.351593746,0.648406254,1446.489789,1579.536004,1452.285088,1591.850531,Caleb Smith,Trevor Bauer,47.55371647,59.25657368,-1.494656503,17.39547781,0.31216026,0.68783974,1451.427792,1592.707827,0,3
2021-06-18,2021,1419,0,,ANA,DET,1492.964622,1452.129631,0.592236865,0.407763135,1495.982237,1449.112016,1502.706608,1449.3332,Alex Cobb,Jose Urena,49.99383989,47.47085707,-0.329208705,-12.02606698,0.625446154,0.374553846,1504.719774,1447.320034,11,3
2021-06-18,2021,1420,0,,COL,MIL,1465.092026,1507.131094,0.474062997,0.525937003,1466.545402,1505.677717,1445.662868,1515.222921,Antonio Senzatela,Corbin Burnes,51.13573875,59.72616123,-1.667030909,27.20556393,0.394492036,0.605507964,1446.962336,1513.923452,6,5
2021-06-18,2021,1421,0,,KCR,BOS,1464.764151,1523.047751,0.450821446,0.549178554,1466.720025,1521.091877,1464.571811,1521.039718,Kyle Zimmer,Nick Pivetta,47.42409326,50.91703098,-10.65186518,-4.275917422,0.448191511,0.551808489,1466.04742,1519.56411,5,3
2021-06-18,2021,1422,0,,HOU,CHW,1561.550411,1540.161369,0.564950998,0.435049002,1562.716511,1538.995269,1567.019977,1541.827981,Luis Garcia,Carlos Rodon,55.55160723,56.88534834,6.307295435,6.611921377,0.569893911,0.430106089,1567.881458,1540.9665,2,1
2021-06-18,2021,1423,0,,TEX,MIN,1458.854997,1482.577088,0.500399943,0.499600057,1457.160228,1484.271857,1453.311281,1499.674808,Mike Foltynewicz,Jose Berrios,48.59796718,55.75682809,-5.315029856,21.61814533,0.432040152,0.567959848,1452.258735,1500.727354,5,7
2021-06-18,2021,1424,0,,CHC,FLA,1530.943886,1485.796556,0.598217627,0.401782373,1526.026985,1490.713457,1522.49878,1469.589753,Zach Davies,Cody Poteet,51.5324018,49.91127385,12.25400175,-10.98014022,0.636151263,0.363848737,1518.504301,1473.584232,2,10
2021-06-18,2021,1425,0,,ATL,STL,1517.167271,1498.460662,0.561152074,0.438847926,1520.481275,1495.146658,1521.250885,1496.748278,Max Fried,Carlos Martinez,52.0005368,47.9425965,-2.667647876,-12.73225266,0.58349562,0.41650438,1523.569912,1494.429251,9,1
2021-06-18,2021,1426,0,,WSN,NYM,1507.930753,1522.803329,0.513132398,0.486867602,1509.301199,1521.432882,1510.430809,1542.698556,Erick Fedde,Joey Lucchesi,48.87446114,49.1776029,-17.96391999,-31.68267451,0.513815383,0.486184617,1511.456823,1541.672543,1,0
2021-06-18,2021,1427,0,,PIT,CLE,1437.651043,1512.901906,0.426774434,0.573225566,1439.347307,1511.205642,1423.529332,1512.779186,Chad Kuhl,J.C. Mejia,45.35523911,47.24346102,-8.24470655,-18.7503233,0.424689099,0.575310901,1424.807301,1511.501218,11,10
2021-06-18,2021,1428,0,,NYY,OAK,1527.862834,1538.877192,0.518679144,0.481320856,1526.00017,1540.739855,1550.80143,1525.967328,Jameson Taillon,James Kaprielian,51.74518339,51.89917904,-14.6699579,-2.22949252,0.551866732,0.448133268,1549.29281,1527.475948,3,5
2021-06-18,2021,1429,0,,BAL,TOR,1449.736238,1519.809361,0.43408139,0.56591861,1453.543801,1516.001798,1428.418216,1528.571226,Thomas Eshelman,Robbie Ray,44.0825461,52.20089537,-14.06925501,10.31812964,0.359291763,0.640708237,1431.766282,1525.22316,7,1
2021-06-17,2021,1430,0,,SEA,TBD,1476.73474,1569.109258,0.402852091,0.597147909,1478.513792,1567.330206,1469.178782,1558.614045,Justin Dunn,Rich Hill,49.07441573,55.96381855,5.856179247,16.0708351,0.397949419,0.602050581,1470.527,1557.265827,6,5
2021-06-17,2021,1431,0,,ANA,DET,1491.53141,1453.562843,0.588246145,0.411753855,1492.964622,1452.129631,1501.822252,1450.217557,Shohei Ohtani,Matt Manning,52.70858073,47.4,12.75660768,-12.05810259,0.642222864,0.357777136,1502.706608,1449.3332,7,5
2021-06-17,2021,1432,0,,SDP,CIN,1528.241066,1505.176072,0.567320684,0.432679316,1529.836404,1503.580734,1555.543667,1502.645151,Joe Musgrove,Wade Miley,55.37687245,51.96712048,11.02404096,-2.261629463,0.628033952,0.371966048,1556.517333,1501.671485,6,4
2021-06-17,2021,1433,0,,COL,MIL,1462.455593,1509.767526,0.466501687,0.533498313,1465.092026,1507.131094,1443.384997,1517.500791,German Marquez,Brandon Woodruff,56.20345057,63.5956577,23.17840364,44.82930002,0.402316279,0.597683721,1445.662868,1515.222921,7,3
2021-06-17,2021,1434,0,,HOU,CHW,1558.167951,1543.543828,0.555356725,0.444643275,1561.550411,1540.161369,1564.798554,1544.049404,Jose Urquidy,Dylan Cease,54.32073998,51.53182772,1.196932132,-19.66182126,0.597518904,0.402481096,1567.019977,1541.827981,10,2
2021-06-17,2021,1435,0,,ATL,STL,1514.926654,1500.701279,0.554789842,0.445210158,1517.167271,1498.460662,1519.773329,1498.225833,Charlie Morton,John Gant,54.22850703,48.46527378,9.181756476,-10.27410869,0.595811791,0.404188209,1521.250885,1496.748278,4,0
2021-06-17,2021,1436,0,,NYM,CHC,1524.780409,1528.966807,0.528483194,0.471516806,1522.803329,1530.943886,1544.21326,1520.984076,Marcus Stroman,Kyle Hendricks,54.824964,52.16498483,-4.729051236,16.29691231,0.537638131,0.462361869,1542.698556,1522.49878,0,2
2021-06-17,2021,1437,0,,TOR,NYY,1522.577808,1525.094387,0.530877785,0.469122215,1519.809361,1527.862834,1530.795445,1548.577211,T.J. Zeuch,Michael King,49.08118055,46.11536044,-4.979357849,-41.5028115,0.5612018,0.4387982,1528.571226,1550.80143,4,8
2021-06-17,2021,1438,0,,SFG,ARI,1539.8676,1450.037592,0.658194405,0.341805595,1542.053506,1447.851686,1518.585721,1454.231639,Kevin Gausman,Zac Gallen,58.73468888,56.91314837,34.42153373,41.93201676,0.614288064,0.385711936,1520.532272,1452.285088,10,3
2021-06-17,2021,1439,0,,CLE,BAL,1510.378458,1452.259686,0.61602584,0.38397416,1512.901906,1449.736238,1510.869967,1430.327435,Eli Morgan,Jorge Lopez,45.17320679,46.27449601,-28.90903662,-4.702171889,0.613595051,0.386404949,1512.779186,1428.418216,10,3
2021-06-16,2021,1440,0,,SEA,MIN,1479.989563,1479.322266,0.535439567,0.464560433,1476.73474,1482.577088,1471.456469,1497.397121,Justus Sheffield,Bailey Ober,47.2669871,48.79844813,-3.983394607,-10.37767875,0.506408941,0.493591059,1469.178782,1499.674808,2,7
2021-06-16,2021,1441,0,,LAD,PHI,1580.829475,1501.778932,0.644100553,0.355899447,1578.174107,1504.4343,1593.716112,1503.82993,Clayton Kershaw,Zack Wheeler,57.69952496,62.40016181,9.903292064,43.83018411,0.613081232,0.386918768,1591.850531,1505.695512,0,2
2021-06-16,2021,1442,0,,SFG,ARI,1537.827867,1452.077325,0.652891808,0.347108192,1539.8676,1450.037592,1516.76623,1456.05113,Anthony DeSclafani,Merrill Kelly,52.73343166,51.35336815,6.329584806,15.1540136,0.607511011,0.392488989,1518.585721,1454.231639,13,7
2021-06-16,2021,1443,0,,HOU,TEX,1556.658125,1460.364824,0.66651481,0.33348519,1558.167951,1458.854997,1563.848296,1454.261539,Zack Greinke,Jordan Lyles,55.09906619,47.48544088,4.542366058,-11.79893049,0.703298589,0.296701411,1564.798554,1453.311281,8,4
2021-06-16,2021,1444,0,,NYM,CHC,1522.659778,1531.087438,0.522395404,0.477604596,1524.780409,1528.966807,1543.177905,1522.019431,Jacob deGrom,Robert Stock,67.81715294,47.4,56.8542317,-7.115720377,0.652079781,0.347920219,1544.21326,1520.984076,6,3
2021-06-16,2021,1445,0,,CLE,BAL,1509.405074,1453.23307,0.613371654,0.386628346,1510.378458,1452.259686,1510.24123,1430.956172,Aaron Civale,Keegan Akin,54.96274087,49.63380242,16.1390063,10.27637108,0.652104942,0.347895058,1510.869967,1430.327435,8,7
2021-06-16,2021,1446,0,,TOR,NYY,1524.062753,1523.609442,0.53513315,0.46486685,1522.577808,1525.094387,1531.630363,1547.742293,Ross Stripling,Gerrit Cole,47.35618299,64.76406346,-12.41527671,46.6558427,0.426869935,0.573130065,1530.795445,1548.577211,2,3
2021-06-16,2021,1447,0,,ATL,BOS,1516.877247,1521.097158,0.52843512,0.47156488,1514.926654,1523.047751,1521.3711,1519.441948,Ian Anderson,Garrett Richards,55.86303903,51.01980798,16.38679727,-4.805768039,0.567400835,0.432599165,1519.773329,1521.039718,8,10
2021-06-16,2021,1448,0,,WSN,PIT,1506.679312,1438.902484,0.629088835,0.370911165,1507.930753,1437.651043,1509.510863,1424.449277,Paolo Espino,Chase De Jong,46.03468389,43.35638295,-30.78122432,-17.40009876,0.634316771,0.365683229,1510.430809,1423.529332,3,1
2021-06-16,2021,1449,0,,OAK,ANA,1536.895796,1493.512805,0.595774098,0.404225902,1538.877192,1491.53141,1524.27629,1503.51329,Cole Irvin,Griffin Canning,51.18451097,50.06528778,-6.264181173,0.434180283,0.55456129,0.44543871,1525.967328,1501.822252,8,4
2021-06-16,2021,1450,0,,COL,SDP,1460.869606,1529.827053,0.435659734,0.564340266,1462.455593,1528.241066,1441.950913,1556.977752,Kyle Freeland,Blake Snell,46.53120961,52.31188535,-23.34492161,-5.126614453,0.347767802,0.652232198,1443.384997,1555.543667,8,7
2021-06-16,2021,1451,0,,MIL,CIN,1511.365397,1503.578202,0.545618238,0.454381762,1509.767526,1505.176072,1518.744286,1501.401656,Freddy Peralta,Tyler Mahle,55.68813741,53.60789388,8.408729826,6.354228304,0.562130712,0.437869288,1517.500791,1502.645151,1,2
2021-06-16,2021,1452,0,,KCR,DET,1466.31733,1452.009664,0.554906844,0.445093156,1464.764151,1453.562843,1465.796424,1448.992944,Brady Singer,Tarik Skubal,51.72461855,49.10636327,9.490108342,-4.13115005,0.577689079,0.422310921,1464.571811,1450.217557,5,6
2021-06-16,2021,1453,0,,CHW,TBD,1542.157889,1570.495198,0.493758435,0.506241565,1543.543828,1569.109258,1543.117148,1559.5463,Lucas Giolito,Ryan Yarbrough,57.86787366,51.23038773,10.16793389,-6.962442596,0.535488146,0.464511854,1544.049404,1558.614045,8,7
2021-06-16,2021,1454,0,,STL,FLA,1499.493717,1487.004117,0.552320525,0.447679475,1500.701279,1485.796556,1497.214821,1470.600765,Johan Oviedo,Sandy Alcantara,44.35978456,54.87808163,-28.74917741,13.40633332,0.51217042,0.48782958,1498.225833,1469.589753,1,0
2021-06-15,2021,1455,0,,SEA,MIN,1475.715799,1483.59603,0.523181581,0.476818419,1479.989563,1479.322266,1467.719863,1501.133726,Chris Flexen,J.A. Happ,42.78743072,50.06463443,-23.41234703,-5.668613045,0.460996479,0.539003521,1471.456469,1497.397121,10,0
2021-06-15,2021,1456,0,,LAD,PHI,1579.589435,1503.018973,0.640821189,0.359178811,1580.829475,1501.778932,1592.821579,1504.724464,Julio Urias,Zach Eflin,53.69395317,52.00814739,-9.40824821,-5.177984368,0.650430375,0.349569625,1593.716112,1503.82993,5,3
2021-06-15,2021,1457,0,,SFG,ARI,1536.938384,1452.966808,0.650567433,0.349432567,1537.827867,1452.077325,1515.942153,1456.875207,Zack Littell,Alex Young,45.92245766,46.08104297,-27.16992002,-9.925725354,0.593609268,0.406390732,1516.76623,1456.05113,9,8
2021-06-15,2021,1458,0,,OAK,ANA,1535.484078,1494.924523,0.591853914,0.408146086,1536.895796,1493.512805,1523.022764,1504.766815,Frankie Montas,Andrew Heaney,50.74964691,51.98456672,-7.463052717,9.700456634,0.53604827,0.46395173,1524.27629,1503.51329,6,4
2021-06-15,2021,1459,0,,COL,SDP,1457.992394,1532.704265,0.427533642,0.572466358,1460.869606,1529.827053,1439.043892,1559.884772,Chi Chi Gonzalez,Yu Darvish,46.21537532,60.604393,-24.74018247,33.5307119,0.290512732,0.709487268,1441.950913,1556.977752,8,4
2021-06-15,2021,1460,0,,STL,FLA,1498.273958,1488.223876,0.548845723,0.451154277,1499.493717,1487.004117,1496.278518,1471.537068,Kwang Hyun Kim,Trevor Rogers,50.19185427,55.99532764,-0.957997789,19.45665024,0.540675458,0.459324542,1497.214821,1470.600765,2,1
2021-06-15,2021,1461,0,,MIL,CIN,1512.979977,1501.963622,0.550222653,0.449777347,1511.365397,1503.578202,1519.898093,1500.24785,Brett Anderson,Luis Castillo,47.55666842,50.99753664,-28.32993855,-4.968655027,0.529165015,0.470834985,1518.744286,1501.401656,1,2
2021-06-15,2021,1462,0,,KCR,DET,1467.885981,1450.441013,0.559362799,0.440637201,1466.31733,1452.009664,1467.020646,1447.768722,Mike Minor,Casey Mize,54.39452558,52.23256343,21.86786552,10.79999211,0.577541697,0.422458303,1465.796424,1448.992944,3,4
2021-06-15,2021,1463,0,,HOU,TEX,1555.344658,1461.678291,0.663145214,0.336854786,1556.658125,1460.364824,1562.790498,1455.319337,Lance McCullers Jr.,Kyle Gibson,54.21077386,55.66779189,0.050259052,27.17582752,0.646188755,0.353811245,1563.848296,1454.261539,6,3
2021-06-15,2021,1464,0,,CHW,TBD,1539.893272,1572.759814,0.487242789,0.512757211,1542.157889,1570.495198,1541.511844,1561.151604,Dallas Keuchel,Shane McClanahan,51.81452098,48.54589908,-17.39254904,-19.85587885,0.509818644,0.490181356,1543.117148,1559.5463,3,0
2021-06-15,2021,1465,0,,ATL,BOS,1518.853798,1519.120607,0.534101783,0.465898217,1516.877247,1521.097158,1522.791936,1518.021112,Tucker Davidson,Eduardo Rodriguez,49.12042659,52.88050686,-16.5332144,3.721619106,0.516155314,0.483844686,1521.3711,1519.441948,8,10
2021-06-15,2021,1466,0,,CLE,BAL,1507.284698,1455.353446,0.607566711,0.392433289,1509.405074,1453.23307,1508.84819,1432.349212,Cal Quantrill,Matt Harvey,45.95108654,41.78215033,-25.78402133,-27.43160988,0.642906788,0.357093212,1510.24123,1430.956172,7,2
2021-06-15,2021,1467,0,,TOR,NYY,1525.562462,1522.109733,0.539425637,0.460574363,1524.062753,1523.609442,1532.797394,1546.575263,Hyun Jin Ryu,Jordan Montgomery,55.90489721,54.19342302,27.44063887,-3.70381025,0.555731743,0.444268257,1531.630363,1547.742293,5,6
2021-06-15,2021,1468,0,,WSN,PIT,1504.168801,1441.412995,0.622319861,0.377680139,1506.679312,1438.902484,1507.517994,1426.442147,Patrick Corbin,Tyler Anderson,48.47602988,49.60032459,-18.5265378,11.37282962,0.606530295,0.393469705,1509.510863,1424.449277,8,1
2021-06-15,2021,1469,0,,NYM,CHC,1521.323486,1532.423729,0.518555718,0.481444282,1522.659778,1531.087438,1542.272326,1522.925011,Taijuan Walker,Alec Mills,55.35480124,49.74175754,-1.091297903,3.833543555,0.555070067,0.444929933,1543.177905,1522.019431,3,2
2021-06-14,2021,1470,0,,SEA,MIN,1474.358613,1484.953215,0.519282351,0.480717649,1475.715799,1483.59603,1466.659306,1502.194284,Marco Gonzales,Kenta Maeda,52.91045125,53.22268738,23.63988428,9.297360995,0.503380058,0.496619942,1467.719863,1501.133726,4,3
2021-06-14,2021,1471,0,,LAD,PHI,1578.332953,1504.275454,0.637484871,0.362515129,1579.589435,1503.018973,1592.00632,1505.539723,Tony Gonsolin,Spencer Howard,52.38111668,47.66622307,-15.92838763,-25.87368284,0.671949455,0.328050545,1592.821579,1504.724464,3,1
2021-06-14,2021,1472,0,,SFG,ARI,1535.508598,1454.396594,0.646816146,0.353183854,1536.938384,1452.966808,1514.725602,1458.091758,Alex Wood,Matt Peacock,49.41707802,45.84236705,-10.44121402,-11.76282985,0.61377966,0.38622034,1515.942153,1456.875207,5,2
2021-06-14,2021,1473,0,,OAK,ANA,1533.735566,1496.673035,0.586982293,0.413017707,1535.484078,1494.924523,1521.67814,1506.111439,Sean Manaea,Dylan Bundy,54.77349315,49.81910936,11.44834644,-1.809837427,0.579199191,0.420800809,1523.022764,1504.766815,8,5
2021-06-14,2021,1474,0,,COL,SDP,1456.361816,1534.334843,0.42294542,0.57705458,1457.992394,1532.704265,1437.666221,1561.262444,Austin Gomber,Dinelson Lamet,52.89244569,54.32060625,8.411211953,4.177276543,0.366722642,0.633277358,1439.043892,1559.884772,3,2
2021-06-14,2021,1475,0,,STL,FLA,1496.642338,1489.855497,0.544190226,0.455809774,1498.273958,1488.223876,1495.340906,1472.47468,Adam Wainwright,Braxton Garrett,53.08592614,45.85088163,12.98495913,-28.43647749,0.625963199,0.374036801,1496.278518,1471.537068,4,2
2021-06-14,2021,1476,0,,MIL,CIN,1517.565544,1497.378055,0.563250247,0.436749753,1512.979977,1501.963622,1523.094473,1497.051469,Eric Lauer,Vladimir Gutierrez,45.03105645,49.88072422,-40.65471813,-9.994246946,0.530924595,0.469075405,1519.898093,1500.24785,2,10
2021-06-14,2021,1477,0,,KCR,DET,1472.071995,1446.254999,0.571205113,0.428794887,1467.885981,1450.441013,1470.161346,1444.628021,Brad Keller,Matthew Boyd,50.20038419,49.92429939,1.214809142,-0.068720481,0.571379014,0.428620986,1467.020646,1447.768722,3,10
2021-06-14,2021,1478,0,,CHW,TBD,1542.05168,1570.601406,0.493452792,0.506547208,1539.893272,1572.759814,1543.234287,1559.429161,Lance Lynn,Tyler Glasnow,61.94304547,58.22158474,29.85232962,25.93925724,0.518565196,0.481434804,1541.511844,1561.151604,2,5
2021-06-14,2021,1479,0,,CLE,BAL,1506.281485,1456.356659,0.604809476,0.395190524,1507.284698,1455.353446,1508.141085,1433.056317,J.C. Mejia,Dean Kremer,46.75274124,46.18617494,-21.95906895,-6.452846262,0.622141313,0.377858687,1508.84819,1432.349212,4,3
2021-06-14,2021,1480,0,,BOS,TOR,1517.82975,1526.853319,0.521539477,0.478460523,1519.120607,1525.562462,1517.072585,1533.74592,Nathan Eovaldi,Alek Manoah,53.44913009,48.72363022,7.579683326,-5.384637862,0.529167922,0.470832078,1518.021112,1532.797394,2,1
2021-06-14,2021,1481,0,,WSN,PIT,1503.180653,1442.401143,0.619642262,0.380357738,1504.168801,1441.412995,1506.695917,1427.264224,Jon Lester,JT Brubaker,46.93448122,50.73955106,-26.00567914,17.02754301,0.589782892,0.410217108,1507.517994,1426.442147,3,2
2021-06-14,2021,1482,0,,NYM,CHC,1519.14589,1534.601325,0.512294139,0.487705861,1521.323486,1532.423729,1540.712096,1524.485241,David Peterson,Jake Arrieta,47.59412538,45.95798887,-36.89981107,-14.44068419,0.529537623,0.470462377,1542.272326,1522.925011,5,2
2021-06-13,2021,1483,0,,CHC,STL,1533.149566,1498.094097,0.584178524,0.415821476,1534.601325,1496.642338,1523.468078,1496.358069,Zach Davies,Carlos Martinez,50.23590846,46.79577392,6.953779432,-15.65731623,0.604529145,0.395470855,1524.485241,1495.340906,2,0
2021-06-13,2021,1484,0,,LAD,TEX,1577.331982,1462.679262,0.689578441,0.310421559,1578.332953,1461.678291,1591.343529,1455.982129,Walker Buehler,Dane Dunning,58.13473522,52.49714259,11.13071315,11.65566366,0.713886643,0.286113357,1592.00632,1455.319337,5,3
2021-06-13,2021,1485,0,,ARI,ANA,1457.823317,1493.246312,0.483566909,0.516433091,1454.396594,1496.673035,1460.548815,1503.654382,Jon Duplantier,Patrick Sandoval,44.59534598,46.93730076,-18.90416967,-14.89926802,0.466790326,0.533209674,1458.091758,1506.111439,3,10
2021-06-13,2021,1486,0,,OAK,KCR,1532.155961,1473.6516,0.616550731,0.383449269,1533.735566,1472.071995,1520.637318,1471.202169,Chris Bassitt,Kris Bubic,57.3533817,47.90469146,23.44304056,-10.70774475,0.650062609,0.349937391,1521.67814,1470.161346,6,3
2021-06-13,2021,1487,0,,MIN,HOU,1489.02873,1551.269143,0.445188775,0.554811225,1484.953215,1555.344658,1505.518406,1559.466375,Michael Pineda,Framber Valdez,54.47768131,54.63261267,14.85217596,2.193576519,0.475139115,0.524860885,1502.194284,1562.790498,3,14
2021-06-13,2021,1488,0,,MIL,PIT,1516.069635,1443.897051,0.634973635,0.365026365,1517.565544,1442.401143,1522.134714,1428.223982,Adrian Houser,Wil Crowe,49.16106211,40.91410278,-21.43420697,-28.33349421,0.672268739,0.327731261,1523.094473,1427.264224,5,2
2021-06-13,2021,1489,0,,TBD,BAL,1568.837185,1458.12088,0.684707162,0.315292838,1570.601406,1456.356659,1558.080387,1434.405091,Michael Wacha,Bruce Zimmermann,48.38838112,46.62577689,-20.61758064,-4.397809845,0.680640933,0.319359067,1559.429161,1433.056317,7,1
2021-06-13,2021,1490,0,,NYM,SDP,1521.900917,1531.579816,0.520598058,0.479401942,1519.14589,1534.334843,1542.665614,1559.308926,Joey Lucchesi,Chris Paddack,48.78615536,48.62993437,-31.24172674,-22.29684201,0.497714417,0.502285583,1540.712096,1561.262444,3,7
2021-06-13,2021,1491,0,,FLA,ATL,1491.729114,1516.980181,0.498199577,0.501800423,1489.855497,1518.853798,1473.967532,1521.299085,Pablo Lopez,Drew Smyly,54.81843151,46.9807548,12.69155598,-26.60104234,0.522953646,0.477046354,1472.47468,1522.791936,4,6
2021-06-13,2021,1492,0,,DET,CHW,1447.871523,1540.435157,0.402590232,0.597409768,1446.254999,1542.05168,1445.741755,1542.120554,Kyle Funkhouser,Carlos Rodon,47.4,55.84232509,-11.5501837,2.181197649,0.378554057,0.621445943,1444.628021,1543.234287,1,4
2021-06-13,2021,1493,0,,CLE,SEA,1509.41388,1471.226219,0.588551592,0.411448408,1506.281485,1474.358613,1510.851014,1463.949377,Shane Bieber,Logan Gilbert,61.09188963,48.34749854,44.58209105,3.277077941,0.656088967,0.343911033,1508.141085,1466.659306,2,6
2021-06-13,2021,1494,0,,CIN,COL,1495.346363,1458.393508,0.586829224,0.413170776,1497.378055,1456.361816,1495.501336,1439.216354,Tony Santillan,Antonio Senzatela,47.4,51.45835788,-21.75104405,1.381552786,0.581514965,0.418485035,1497.051469,1437.666221,6,2
2021-06-13,2021,1495,0,,BOS,TOR,1523.918087,1520.764982,0.538997095,0.461002905,1517.82975,1526.853319,1521.218154,1529.600351,Martin Perez,Robbie Ray,50.6828906,51.75401935,-7.136426124,9.371974259,0.498718331,0.501281669,1517.072585,1533.74592,4,18
2021-06-13,2021,1496,0,,WSN,SFG,1500.04121,1538.648041,0.478991456,0.521008544,1503.180653,1535.508598,1504.516806,1516.904713,Joe Ross,Johnny Cueto,48.37258134,49.06594642,-17.74478199,-13.27318063,0.510274548,0.489725452,1506.695917,1514.725602,5,0
2021-06-13,2021,1497,0,,PHI,NYY,1500.64239,1525.742797,0.498416393,0.501583607,1504.275454,1522.109733,1502.812929,1549.302057,Aaron Nola,Domingo German,55.6026577,53.50887992,12.89038638,-8.294476188,0.49812302,0.50187698,1505.539723,1546.575263,7,0
2021-06-12,2021,1498,0,,LAD,TEX,1585.055473,1454.955771,0.708284987,0.291715013,1577.331982,1462.679262,1598.174568,1449.151089,Trevor Bauer,Kolby Allard,60.66706548,47.29794821,21.92606372,-12.18825142,0.767166632,0.232833368,1591.343529,1455.982129,1,12
2021-06-12,2021,1499,0,,WSN,SFG,1501.397511,1537.29174,0.482889512,0.517110488,1500.04121,1538.648041,1505.626106,1515.795413,Jefry Rodriguez,Conner Menez,45.58858736,45.76703036,-30.39961178,-28.68851359,0.517434427,0.482565573,1504.516806,1516.904713,1,2
2021-06-12,2021,1500,0,,MIN,HOU,1486.557083,1553.74079,0.438171712,0.561828288,1489.02873,1551.269143,1503.76955,1561.215231,Jose Berrios,Luis Garcia,55.23634048,56.55562663,19.09811355,10.72554169,0.463979406,0.536020594,1505.518406,1559.466375,5,2
2021-06-12,2021,1501,0,,CHC,STL,1530.760131,1500.483532,0.577481023,0.422518977,1533.149566,1498.094097,1521.773382,1498.052764,Kyle Hendricks,John Gant,52.00373116,49.67408048,15.56982282,-3.298539051,0.594672869,0.405327131,1523.468078,1496.358069,7,2
2021-06-12,2021,1502,0,,CIN,COL,1492.452855,1461.287016,0.578729514,0.421270486,1495.346363,1458.393508,1493.219296,1441.498395,Wade Miley,German Marquez,51.72551303,58.0428466,-1.20608265,30.90870455,0.562426795,0.437573205,1495.501336,1439.216354,10,3
2021-06-12,2021,1503,0,,TBD,BAL,1568.074556,1458.883509,0.682808619,0.317191381,1568.837185,1458.12088,1557.625572,1434.859906,Rich Hill,Jorge Lopez,56.72587792,46.51058782,18.03264496,-5.21325738,0.726843294,0.273156706,1558.080387,1434.405091,5,4
2021-06-12,2021,1504,0,,NYM,SDP,1519.735033,1533.7457,0.514371846,0.485628154,1521.900917,1531.579816,1540.924363,1561.050177,Marcus Stroman,Joe Musgrove,54.51258251,55.25053466,-4.074626838,9.029027162,0.48672085,0.51327915,1542.665614,1559.308926,4,1
2021-06-12,2021,1505,0,,MIL,PIT,1514.550109,1445.416578,0.630909301,0.369090699,1516.069635,1443.897051,1521.323623,1429.035073,Corbin Burnes,Chad Kuhl,60.86602022,46.33996338,32.83598858,-3.795545677,0.706879985,0.293120015,1522.134714,1428.223982,7,4
2021-06-12,2021,1506,0,,FLA,ATL,1489.812481,1518.896814,0.492683578,0.507316422,1491.729114,1516.980181,1472.323184,1522.943433,Zach Thompson,Max Fried,47.58267543,52.42815875,-20.48357606,-1.414351928,0.43462399,0.56537601,1473.967532,1521.299085,4,2
2021-06-12,2021,1507,0,,DET,CHW,1452.006101,1536.300578,0.414089986,0.585910014,1447.871523,1540.435157,1448.966854,1538.895454,Jose Urena,Dylan Cease,49.27756808,51.36185317,-4.468608155,-18.90630739,0.426436435,0.573563565,1445.741755,1542.120554,2,15
2021-06-12,2021,1508,0,,CLE,SEA,1508.343759,1472.296339,0.585564924,0.414435076,1509.41388,1471.226219,1509.992314,1464.808077,Triston McKenzie,Yusei Kikuchi,48.62733906,49.49356744,-14.60664831,9.887705734,0.56396155,0.43603845,1510.851014,1463.949377,5,4
2021-06-12,2021,1509,0,,BOS,TOR,1527.150705,1517.532365,0.548230252,0.451769748,1523.918087,1520.764982,1523.591908,1527.226597,Nick Pivetta,Steven Matz,52.06853576,47.75767324,-1.723543786,-8.477628604,0.538948878,0.461051122,1521.218154,1529.600351,2,7
2021-06-12,2021,1510,0,,ARI,ANA,1459.144677,1491.924952,0.487366858,0.512633142,1457.823317,1493.246312,1461.482272,1502.720925,Caleb Smith,Alex Cobb,47.80183669,50.93320117,-4.107976103,3.028751815,0.464978449,0.535021551,1460.548815,1503.654382,7,8
2021-06-12,2021,1511,0,,OAK,KCR,1529.084025,1476.723536,0.608155686,0.391844314,1532.155961,1473.6516,1518.399766,1473.439721,James Kaprielian,Jackson Kowar,50.50049169,45.8629628,-8.05725535,-21.45819001,0.616355583,0.383644417,1520.637318,1471.202169,11,2
2021-06-12,2021,1512,0,,PHI,NYY,1499.231634,1527.153553,0.494356146,0.505643854,1500.64239,1525.742797,1501.658814,1550.456172,Vince Velasquez,Jameson Taillon,48.80490667,53.16336434,-19.0998005,-11.3651409,0.457725673,0.542274327,1502.812929,1549.302057,8,7
2021-06-12,2021,1513,0,,WSN,SFG,1499.432313,1539.256938,0.477242269,0.522757731,1501.397511,1537.29174,1504.014022,1517.407497,Erick Fedde,Kevin Gausman,47.71292928,59.20469061,-19.51855032,34.37039188,0.438031833,0.561968167,1505.626106,1515.795413,2,0
2021-06-11,2021,1514,0,,LAD,TEX,1582.69159,1457.319653,0.702630148,0.297369852,1585.055473,1454.955771,1596.628957,1450.696701,Clayton Kershaw,Mike Foltynewicz,57.20124295,50.80853143,6.166750383,2.256120544,0.72782012,0.27217988,1598.174568,1449.151089,12,1
2021-06-11,2021,1515,0,,OAK,KCR,1528.061798,1477.745764,0.605347605,0.394652395,1529.084025,1476.723536,1517.566332,1474.273155,Cole Irvin,Brady Singer,50.97545456,51.50380174,-5.724969153,5.314465446,0.580255559,0.419744441,1518.399766,1473.439721,4,3
2021-06-11,2021,1516,0,,ARI,ANA,1460.479178,1490.590451,0.491206077,0.508793923,1459.144677,1491.924952,1462.454044,1501.749154,Merrill Kelly,Shohei Ohtani,51.27425494,52.47184483,12.41086475,10.58879675,0.479872513,0.520127487,1461.482272,1502.720925,5,6
2021-06-11,2021,1517,0,,MIN,HOU,1488.033545,1552.264328,0.442360632,0.557639368,1486.557083,1553.74079,1504.871972,1560.112809,Bailey Ober,Jose Urquidy,48.16777343,54.09435719,-13.9075263,-0.635984681,0.440856857,0.559143143,1503.76955,1561.215231,4,6
2021-06-11,2021,1518,0,,MIL,PIT,1513.006479,1446.960207,0.626761395,0.373238605,1514.550109,1445.416578,1520.650412,1429.708284,Brandon Woodruff,Chase De Jong,63.74919454,42.9586143,46.70968005,-19.64126232,0.739809697,0.260190303,1521.323623,1429.035073,7,4
2021-06-11,2021,1519,0,,TBD,BAL,1567.063294,1459.894771,0.680281706,0.319718294,1568.074556,1458.883509,1556.832775,1435.652704,Ryan Yarbrough,Keegan Akin,50.63228318,50.81515898,-10.14649701,14.49691108,0.670594307,0.329405693,1557.625572,1434.859906,4,2
2021-06-11,2021,1520,0,,NYM,SDP,1518.370223,1535.110509,0.510446048,0.489553952,1519.735033,1533.7457,1540.114756,1561.859784,Jacob deGrom,Blake Snell,67.14643391,52.84439369,56.49995015,-2.808477997,0.591062109,0.408937891,1540.924363,1561.050177,3,2
2021-06-11,2021,1521,0,,FLA,ATL,1488.327604,1520.381691,0.488411314,0.511588686,1489.812481,1518.896814,1471.148854,1524.117763,Sandy Alcantara,Charlie Morton,54.59560747,55.14985105,12.8714447,10.61771562,0.466090822,0.533909178,1472.323184,1522.943433,4,3
2021-06-11,2021,1522,0,,DET,CHW,1453.085497,1535.221183,0.417108202,0.582891798,1452.006101,1536.300578,1449.699771,1538.162538,Tarik Skubal,Lucas Giolito,49.31189395,58.00157809,-4.526419709,12.29769452,0.387729545,0.612270455,1448.966854,1538.895454,4,5
2021-06-11,2021,1523,0,,CLE,SEA,1505.469821,1475.170277,0.577513249,0.422486751,1508.343759,1472.296339,1507.904026,1466.896365,Aaron Civale,Justin Dunn,53.10383119,50.43673447,8.262868507,13.17172845,0.587377672,0.412622328,1509.992314,1464.808077,7,0
2021-06-11,2021,1524,0,,CIN,COL,1489.753264,1463.986607,0.571134137,0.428865863,1492.452855,1461.287016,1491.617937,1443.099753,Tyler Mahle,Kyle Freeland,53.79468329,48.80714408,8.427712666,-14.78633907,0.638446468,0.361553532,1493.219296,1441.498395,11,5
2021-06-11,2021,1525,0,,BOS,TOR,1525.93962,1518.74345,0.544774635,0.455225365,1527.150705,1517.532365,1522.673836,1528.144669,Garrett Richards,Ross Stripling,51.63066163,47.08953534,-4.399752139,-11.48204843,0.540991656,0.459008344,1523.591908,1527.226597,6,5
2021-06-11,2021,1526,0,,WSN,SFG,1500.782324,1537.906927,0.481121157,0.518878843,1499.432313,1539.256938,1505.316218,1516.105301,Max Scherzer,Anthony DeSclafani,61.47329279,50.73532774,45.11114516,-3.593329195,0.588701063,0.411298937,1504.014022,1517.407497,0,1
2021-06-11,2021,1527,0,,CHC,STL,1528.924201,1502.319462,0.572315416,0.427684584,1530.760131,1500.483532,1520.433062,1499.393085,Kohl Stewart,Johan Oviedo,45.56100918,44.34936413,-15.21178449,-28.60487755,0.580884534,0.419115466,1521.773382,1498.052764,8,5
2021-06-10,2021,1528,0,,OAK,KCR,1531.909462,1473.8981,0.615879578,0.384120422,1528.061798,1477.745764,1520.189892,1471.649594,Frankie Montas,Mike Minor,50.10874234,53.48826477,-9.288955847,15.64982511,0.571205055,0.428794945,1517.566332,1474.273155,1,6
2021-06-10,2021,1529,0,,MIN,NYY,1486.189602,1528.997496,0.472959674,0.527040326,1488.033545,1527.153553,1503.670601,1551.657543,J.A. Happ,Michael King,50.80850141,45.79800511,-2.217514931,-46.26600091,0.528838839,0.471161161,1504.871972,1550.456172,7,5
2021-06-10,2021,1530,0,,CHW,TOR,1533.316805,1520.647827,0.552575831,0.447424169,1535.221183,1518.74345,1536.402513,1529.904694,Dallas Keuchel,Hyun Jin Ryu,51.23795152,55.99502245,-19.14078289,30.59497298,0.472342642,0.527657358,1538.162538,1528.144669,5,2
2021-06-10,2021,1531,0,,FLA,COL,1485.228979,1467.085233,0.560354009,0.439645991,1488.327604,1463.986607,1469.260252,1444.988355,Trevor Rogers,Chi Chi Gonzalez,55.68231812,48.02466825,18.4577916,-20.36839477,0.622782846,0.377217154,1471.148854,1443.099753,11,4
2021-06-10,2021,1532,0,,BOS,HOU,1523.344409,1554.859538,0.489186547,0.510813453,1525.93962,1552.264328,1520.632389,1562.154256,Eduardo Rodriguez,Zack Greinke,53.64536026,56.19588063,4.39431231,8.293100928,0.469212198,0.530787802,1522.673836,1560.112809,12,8
2021-06-10,2021,1533,0,,DET,SEA,1450.16485,1478.090924,0.494350165,0.505649835,1453.085497,1475.170277,1447.40386,1469.192277,Tyler Alexander,Justus Sheffield,46.53707257,48.22246667,-17.78525794,1.885372712,0.474895538,0.525104462,1449.699771,1466.896365,8,3
2021-06-10,2021,1534,0,,PHI,ATL,1497.840904,1521.772421,0.500098554,0.499901446,1499.231634,1520.381691,1500.723525,1525.053052,Zack Wheeler,Ian Anderson,60.94204895,54.95828349,39.71251951,10.67456398,0.54122098,0.45877902,1501.658814,1524.117763,4,3
2021-06-10,2021,1535,0,,PIT,LAD,1448.357153,1581.294645,0.348169617,0.651830383,1446.960207,1582.69159,1430.592061,1595.74518,Mitch Keller,Julio Urias,45.64083683,53.78011886,-7.709716606,-10.09447329,0.31027908,0.68972092,1429.708284,1596.628957,3,6
2021-06-10,2021,1536,0,,CIN,MIL,1492.77939,1509.980353,0.509783351,0.490216649,1489.753264,1513.006479,1493.702312,1518.566038,Luis Castillo,Freddy Peralta,50.4278424,55.60159316,-6.930229213,8.583136526,0.476448911,0.523551089,1491.617937,1520.650412,2,7
2021-06-09,2021,1537,0,,ANA,KCR,1488.000934,1476.487616,0.550930522,0.449069478,1490.590451,1473.8981,1499.874517,1473.524231,Griffin Canning,Brad Keller,49.29457941,50.86956286,-3.656449379,2.74030121,0.562918919,0.437081081,1501.749154,1471.649594,6,1
2021-06-09,2021,1538,0,,STL,CLE,1499.195557,1508.593726,0.521001362,0.478998638,1502.319462,1505.469821,1497.233229,1510.063882,Adam Wainwright,J.C. Mejia,52.13748266,48.38253135,8.980622606,-14.99640643,0.550407873,0.449592127,1499.393085,1507.904026,8,2
2021-06-09,2021,1539,0,,MIN,NYY,1488.214157,1526.972941,0.478773169,0.521226831,1486.189602,1528.997496,1504.84228,1550.485864,Randy Dobnak,Gerrit Cole,49.69672843,64.89719323,-9.784473456,43.81317299,0.393380754,0.606619246,1503.670601,1551.657543,6,9
2021-06-09,2021,1540,0,,CHW,TOR,1536.282623,1517.682009,0.561001811,0.438998189,1533.316805,1520.647827,1538.827345,1527.479863,Lance Lynn,Alek Manoah,61.22926472,47.9030045,28.77711419,-7.045129777,0.601012555,0.398987445,1536.402513,1529.904694,2,6
2021-06-09,2021,1541,0,,TBD,WSN,1569.574681,1498.270937,0.633813609,0.366186391,1567.063294,1500.782324,1558.643041,1503.505952,Shane McClanahan,Patrick Corbin,50.04947017,48.49571554,-13.87245679,-16.06259841,0.614947491,0.385052509,1556.832775,1505.316218,7,9
2021-06-09,2021,1542,0,,FLA,COL,1486.908897,1465.405314,0.565113048,0.434886952,1485.228979,1467.085233,1470.431313,1443.817294,Braxton Garrett,Austin Gomber,46.26013301,52.62830931,-26.32050119,1.532329717,0.532709201,0.467290799,1469.260252,1444.988355,3,4
2021-06-09,2021,1543,0,,DET,SEA,1452.311484,1475.944291,0.500528433,0.499471567,1450.16485,1478.090924,1449.240145,1467.355991,Casey Mize,Chris Flexen,52.09293765,42.50825364,8.537367424,-24.95858796,0.556431082,0.443568918,1447.40386,1469.192277,6,9
2021-06-09,2021,1544,0,,CIN,MIL,1490.193231,1512.566512,0.50234102,0.49765898,1492.77939,1509.980353,1491.808244,1520.460105,Vladimir Gutierrez,Brett Anderson,48.87555322,48.34040695,-13.79704233,-26.54661909,0.51165144,0.48834856,1493.702312,1518.566038,7,3
2021-06-09,2021,1545,0,,BOS,HOU,1526.208828,1551.995119,0.497429343,0.502570657,1523.344409,1554.859538,1522.868734,1559.917912,Nathan Eovaldi,Jake Odorizzi,54.38280587,51.09488177,7.053183302,-15.49570277,0.513667773,0.486332227,1520.632389,1562.154256,3,8
2021-06-09,2021,1546,0,,PIT,LAD,1449.246012,1580.405785,0.35049565,0.64950435,1448.357153,1581.294645,1431.231287,1595.105953,Tyler Anderson,Tony Gonsolin,49.63794887,53.14317941,11.15287189,-13.87150888,0.340485507,0.659514493,1430.592061,1595.74518,1,2
2021-06-09,2021,1547,0,,PHI,ATL,1496.436073,1523.177252,0.496055208,0.503944792,1497.840904,1521.772421,1499.747833,1526.028744,Zach Eflin,Tucker Davidson,51.52327375,47.33636739,-4.141356254,-24.38609325,0.525829011,0.474170989,1500.723525,1525.053052,2,1
2021-06-09,2021,1548,0,,BAL,NYM,1464.73516,1513.529835,0.464378048,0.535621952,1459.894771,1518.370223,1438.279053,1537.488407,Matt Harvey,Taijuan Walker,43.06673487,54.38625077,-23.36180979,-2.588356718,0.36527961,0.63472039,1435.652704,1540.114756,1,14
2021-06-09,2021,1549,0,,SDP,CHC,1537.270492,1526.764218,0.549495886,0.450504114,1535.110509,1528.924201,1563.935095,1518.357751,Yu Darvish,Jake Arrieta,60.44385139,45.2379254,33.39382049,-16.21557435,0.66509746,0.33490254,1561.859784,1520.433062,1,3
2021-06-09,2021,1550,0,,OAK,ARI,1530.151601,1462.237038,0.62927382,0.37072618,1531.909462,1460.479178,1518.913792,1463.730144,Sean Manaea,Matt Peacock,54.07660671,46.87658355,10.11624237,-8.930796861,0.637715232,0.362284768,1520.189892,1462.454044,4,0
2021-06-09,2021,1551,0,,TEX,SFG,1455.659624,1539.566957,0.414630787,0.585369213,1457.319653,1537.906927,1449.708576,1517.093425,Kyle Gibson,Zack Littell,55.42961751,45.43721527,24.44354448,-28.5058395,0.513760997,0.486239003,1450.696701,1516.105301,4,3
2021-06-08,2021,1552,0,,SDP,CHC,1541.148068,1522.886643,0.560520887,0.439479113,1537.270492,1526.764218,1567.179147,1515.113698,Dinelson Lamet,Zach Davies,54.72696459,49.23193389,6.204520905,3.535355234,0.611407603,0.388592397,1563.935095,1518.357751,1,7
2021-06-08,2021,1553,0,,OAK,ARI,1528.621248,1463.767392,0.625154273,0.374845727,1530.151601,1462.237038,1517.950241,1464.693695,Chris Bassitt,Jon Duplantier,57.02278015,44.79730003,24.51921516,-19.00740554,0.668107693,0.331892307,1518.913792,1463.730144,5,2
2021-06-08,2021,1554,0,,ANA,KCR,1484.755838,1479.732713,0.541670751,0.458329249,1488.000934,1476.487616,1497.703949,1475.694799,Andrew Heaney,Kris Bubic,51.3604119,49.88472961,6.706736225,-3.317517137,0.579946602,0.420053398,1499.874517,1473.524231,8,1
2021-06-08,2021,1555,0,,STL,CLE,1503.784002,1504.005281,0.534166999,0.465833001,1499.195557,1508.593726,1499.949903,1507.347208,Carlos Martinez,Shane Bieber,47.3935519,61.04822459,-14.0179427,45.02363326,0.443192515,0.556807485,1497.233229,1510.063882,1,10
2021-06-08,2021,1556,0,,MIN,NYY,1490.642564,1524.544534,0.485753776,0.514246224,1488.214157,1526.972941,1506.753437,1548.574707,Michael Pineda,Jordan Montgomery,54.58448407,54.05783866,13.21978127,-7.07509513,0.504725476,0.495274524,1504.84228,1550.485864,4,8
2021-06-08,2021,1557,0,,CHW,TOR,1533.753813,1520.210819,0.553819402,0.446180598,1536.282623,1517.682009,1536.866444,1529.440763,Carlos Rodon,Robbie Ray,55.53872317,50.58422626,2.340358303,6.723452524,0.542202225,0.457797775,1538.827345,1527.479863,6,1
2021-06-08,2021,1558,0,,TEX,SFG,1457.940768,1537.285813,0.421019003,0.578980997,1455.659624,1539.566957,1451.516249,1515.285753,Jordan Lyles,Alex Wood,47.02514553,49.8257514,-14.77252141,-8.347346128,0.438896588,0.561103412,1449.708576,1517.093425,4,9
2021-06-08,2021,1559,0,,TBD,WSN,1568.326828,1499.518789,0.630472882,0.369527118,1569.574681,1498.270937,1557.842517,1504.306476,Tyler Glasnow,Jon Lester,57.43202506,47.24701523,21.78559323,-22.44976954,0.668419921,0.331580079,1558.643041,1503.505952,3,1
2021-06-08,2021,1560,0,,FLA,COL,1484.648949,1467.665263,0.558708215,0.441291785,1486.908897,1465.405314,1468.867591,1445.381015,Pablo Lopez,Antonio Senzatela,53.992428,51.72813356,10.90679653,-2.981904495,0.584730369,0.415269631,1470.431313,1443.817294,6,2
2021-06-08,2021,1561,0,,DET,SEA,1450.559183,1477.696591,0.49548503,0.50451497,1452.311484,1475.944291,1447.818723,1468.777413,Matthew Boyd,Marco Gonzales,49.40336033,53.75103917,-3.650467937,27.3660115,0.462640965,0.537359035,1449.240145,1467.355991,5,3
2021-06-08,2021,1562,0,,CIN,MIL,1492.859974,1509.899769,0.510015201,0.489984799,1490.193231,1512.566512,1494.067513,1518.200836,Sonny Gray,Adrian Houser,55.83302662,48.73755807,19.34016431,-24.52718687,0.562664682,0.437335318,1491.808244,1520.460105,1,5
2021-06-08,2021,1563,0,,BOS,HOU,1529.485517,1548.71843,0.50685996,0.49314004,1526.208828,1551.995119,1525.202035,1557.584611,Martin Perez,Framber Valdez,52.14485296,53.34457761,-4.88832323,-3.748868033,0.486354794,0.513645206,1522.868734,1559.917912,1,7
2021-06-08,2021,1564,0,,PIT,LAD,1450.423134,1579.228664,0.353586982,0.646413018,1449.246012,1580.405785,1432.00925,1594.327991,JT Brubaker,Walker Buehler,50.36071811,57.37209819,15.05655586,6.789180012,0.324258962,0.675741038,1431.231287,1595.105953,3,5
2021-06-08,2021,1565,0,,PHI,ATL,1499.07163,1520.541695,0.503640806,0.496359194,1496.436073,1523.177252,1502.042748,1523.733829,Aaron Nola,Drew Smyly,56.33888494,47.44797539,17.97976032,-24.54618488,0.567992752,0.432007248,1499.747833,1526.028744,5,9
2021-06-08,2021,1566,0,,BAL,NYM,1460.723936,1517.541059,0.452912316,0.547087684,1464.73516,1513.529835,1435.031129,1540.736331,Bruce Zimmermann,David Peterson,45.36978937,48.30644568,-11.94856232,-32.15456742,0.418124823,0.581875177,1438.279053,1537.488407,10,3
2021-06-07,2021,1567,0,,SDP,CHC,1538.519658,1525.515053,0.553053448,0.446946552,1541.148068,1522.886643,1565.168231,1517.124615,Ryan Weathers,Adbert Alzolay,49.14876125,53.40825196,-20.19489248,22.07535186,0.546154403,0.453845597,1567.179147,1515.113698,9,4
2021-06-07,2021,1568,0,,ANA,KCR,1482.038822,1482.449728,0.533895368,0.466104632,1484.755838,1479.732713,1495.965901,1477.432847,Dylan Bundy,Jackson Kowar,49.73912899,47.4,-0.846577676,-16.02286392,0.587082925,0.412917075,1497.703949,1475.694799,8,3
2021-06-07,2021,1569,0,,BOS,FLA,1528.161473,1485.972993,0.594117046,0.405882954,1529.485517,1484.648949,1524.343135,1469.726491,Nick Pivetta,Zach Thompson,52.49148596,47.4,-3.693657913,-20.17634964,0.634446884,0.365553116,1525.202035,1468.867591,5,3
2021-06-06,2021,1570,0,,NYY,BOS,1526.024009,1526.681998,0.533541404,0.466458596,1524.544534,1528.161473,1549.769,1523.148842,Domingo German,Garrett Richards,53.030888,51.79278933,-11.56813214,-7.201951622,0.566174338,0.433825662,1548.574707,1524.343135,5,6
2021-06-06,2021,1571,0,,SDP,NYM,1541.702457,1514.35826,0.573356999,0.426643001,1538.519658,1517.541059,1567.432531,1538.47203,Chris Paddack,Marcus Stroman,48.58895154,54.11030646,-23.01765074,-4.543719449,0.549467807,0.450532193,1565.168231,1540.736331,2,6
2021-06-06,2021,1572,0,,ANA,SEA,1484.980426,1474.754987,0.549095661,0.450904339,1482.038822,1477.696591,1498.220013,1466.523301,Patrick Sandoval,Logan Gilbert,46.31151672,47.42246096,-16.59287075,-1.875338277,0.558701819,0.441298181,1495.965901,1468.777413,5,9
2021-06-06,2021,1573,0,,SFG,CHC,1538.927206,1523.873659,0.555967057,0.444032943,1537.285813,1525.515053,1516.361128,1516.04924,Johnny Cueto,Kyle Hendricks,49.92085552,52.22072894,-8.791890228,16.45456136,0.498655059,0.501344941,1515.285753,1517.124615,3,4
2021-06-06,2021,1574,0,,COL,OAK,1465.80215,1530.484361,0.441719704,0.558280296,1467.665263,1528.621248,1444.081086,1519.250171,German Marquez,James Kaprielian,57.14555093,49.81106984,23.5590051,-9.07776704,0.473355122,0.526644878,1445.381015,1517.950241,3,1
2021-06-06,2021,1575,0,,TEX,TBD,1460.195905,1566.071691,0.384305068,0.615694932,1457.940768,1568.326828,1453.480968,1555.877798,Dane Dunning,Michael Wacha,51.61101701,48.32261588,7.690942012,-21.17859659,0.429203397,0.570796603,1451.516249,1557.842517,1,7
2021-06-06,2021,1576,0,,STL,CIN,1505.365509,1491.278467,0.554593147,0.445406853,1503.784002,1492.859974,1501.136535,1492.880881,John Gant,Wade Miley,51.40351951,50.99772354,3.235588269,-2.728927321,0.554782441,0.445217559,1499.949903,1494.067513,7,8
2021-06-06,2021,1577,0,,MIL,ARI,1508.478493,1465.188667,0.595644936,0.404355064,1509.899769,1463.767392,1517.347313,1465.547217,Corbin Burnes,Caleb Smith,59.6451832,47.18658747,28.16791721,-7.272141733,0.654832531,0.345167469,1518.200836,1464.693695,2,0
2021-06-06,2021,1578,0,,KCR,MIN,1483.906459,1489.185833,0.526915104,0.473084896,1482.449728,1490.642564,1478.529971,1505.656313,Brady Singer,Bailey Ober,51.36460921,47.4,2.769333682,-20.31744408,0.528693815,0.471306185,1477.432847,1506.753437,1,2
2021-06-06,2021,1579,0,,CHW,DET,1532.371023,1451.941973,0.645917519,0.354082481,1533.753813,1450.559183,1535.763356,1448.921811,Dylan Cease,Jose Urena,50.10780824,49.3490698,-22.22842388,-4.012974764,0.630228842,0.369771158,1536.866444,1447.818723,3,0
2021-06-06,2021,1580,0,,ATL,LAD,1518.46588,1581.304479,0.444338423,0.555661577,1520.541695,1579.228664,1521.982618,1596.079202,Max Fried,Trevor Bauer,51.74586528,61.07377152,-3.742168177,24.04519294,0.389756463,0.610243537,1523.733829,1594.327991,4,2
2021-06-06,2021,1581,0,,TOR,HOU,1522.402877,1546.526373,0.499822275,0.500177725,1520.210819,1548.71843,1531.029207,1555.996166,Steven Matz,Luis Garcia,48.75033005,55.16985545,-2.857532371,5.66819473,0.486342325,0.513657675,1529.440763,1557.584611,3,6
2021-06-06,2021,1582,0,,PIT,FLA,1452.241495,1484.154631,0.488614051,0.511385949,1450.423134,1485.972993,1433.274925,1468.460816,Chad Kuhl,Sandy Alcantara,46.02959798,53.87556424,-5.058550783,11.04610397,0.460806322,0.539193678,1432.00925,1469.726491,1,3
2021-06-06,2021,1583,0,,PHI,WSN,1495.980248,1502.610172,0.524976743,0.475023257,1499.07163,1499.518789,1499.778383,1506.57084,Vince Velasquez,Austin Voth,48.62196511,46.73574761,-18.30080587,-24.53739102,0.533687699,0.466312301,1502.042748,1504.306476,12,6
2021-06-06,2021,1584,0,,BAL,CLE,1454.811699,1509.917518,0.45535435,0.54464565,1460.723936,1504.005281,1430.425217,1511.953119,Jorge Lopez,Cal Quantrill,46.56251555,47.33118017,-6.456122543,-20.95329651,0.438388511,0.561611489,1435.031129,1507.347208,18,5
2021-06-05,2021,1585,0,,SDP,NYM,1544.948578,1511.112139,0.582472923,0.417527077,1541.702457,1514.35826,1569.544405,1536.360156,Joe Musgrove,Jacob deGrom,56.012563,66.52779882,11.2697136,54.9495067,0.519424693,0.480575307,1567.432531,1538.47203,0,4
2021-06-05,2021,1586,0,,ANA,SEA,1481.718067,1478.017346,0.539780287,0.460219713,1484.980426,1474.754987,1495.954553,1468.788761,Alex Cobb,Yusei Kikuchi,50.66178386,49.7871411,4.150017263,9.053231484,0.566186499,0.433813501,1498.220013,1466.523301,12,5
2021-06-05,2021,1587,0,,COL,OAK,1467.573853,1528.712657,0.446755606,0.553244394,1465.80215,1530.484361,1445.321491,1518.009765,Kyle Freeland,Cole Irvin,49.61852068,49.85106448,-12.70780915,-8.17888609,0.424007667,0.575992333,1444.081086,1519.250171,3,6
2021-06-05,2021,1588,0,,SFG,CHC,1537.678094,1525.122771,0.55241407,0.44758593,1538.927206,1523.873659,1515.542007,1516.868361,Kevin Gausman,Kohl Stewart,58.47880567,46.27549584,32.4371791,-12.01111582,0.595412149,0.404587851,1516.361128,1516.04924,4,3
2021-06-05,2021,1589,0,,NYY,BOS,1528.855338,1523.850669,0.541644377,0.458355623,1526.024009,1526.681998,1551.985298,1520.932544,Jameson Taillon,Eduardo Rodriguez,53.06206401,53.57158076,-11.44079048,1.24012205,0.560677456,0.439322544,1549.769,1523.148842,3,7
2021-06-05,2021,1590,0,,ATL,LAD,1516.362376,1583.407982,0.438367425,0.561632575,1518.46588,1581.304479,1520.380345,1597.681475,Charlie Morton,Clayton Kershaw,55.16142743,57.5308928,12.42433546,7.155345523,0.431313227,0.568686773,1521.982618,1596.079202,6,4
2021-06-05,2021,1591,0,,MIL,ARI,1507.038126,1466.629034,0.591644671,0.408355329,1508.478493,1465.188667,1516.489016,1466.405515,Brandon Woodruff,Merrill Kelly,64.20452078,51.66154086,49.6654517,13.5314045,0.653500791,0.346499209,1517.347313,1465.547217,7,5
2021-06-05,2021,1592,0,,KCR,MIN,1485.377671,1487.714621,0.531135296,0.468864704,1483.906459,1489.185833,1479.536561,1504.649723,Mike Minor,Jose Berrios,54.03710338,55.69298203,14.96378582,18.41447316,0.49343247,0.50656753,1478.529971,1505.656313,4,5
2021-06-05,2021,1593,0,,TEX,TBD,1461.709075,1564.558521,0.388435357,0.611564643,1460.195905,1566.071691,1454.451891,1554.906875,Kolby Allard,Rich Hill,46.34297254,56.17118179,-16.33453524,16.39502783,0.347846931,0.652153069,1453.480968,1555.877798,0,3
2021-06-05,2021,1594,0,,PIT,FLA,1450.753883,1485.642244,0.484335517,0.515664483,1452.241495,1484.154631,1432.019862,1469.715878,Chase De Jong,Trevor Rogers,44.27272607,55.47848091,-14.1989978,18.95135246,0.432988268,0.567011732,1433.274925,1468.460816,8,7
2021-06-05,2021,1595,0,,PHI,WSN,1493.847741,1504.742678,0.518850762,0.481149238,1495.980248,1502.610172,1498.141058,1508.208165,Spencer Howard,Joe Ross,47.20141164,48.14677284,-24.96490256,-17.87203278,0.509842314,0.490157686,1499.778383,1506.57084,5,2
2021-06-05,2021,1596,0,,BAL,CLE,1457.780015,1506.949202,0.463841858,0.536158142,1454.811699,1509.917518,1432.749452,1509.628884,John Means,Aaron Civale,58.21499919,53.76082263,47.54580625,8.735809196,0.479763517,0.520236483,1430.425217,1511.953119,4,10
2021-06-05,2021,1597,0,,TOR,HOU,1519.783828,1549.145421,0.49228466,0.50771534,1522.402877,1546.526373,1528.93878,1558.086593,Ross Stripling,Jose Urquidy,46.51664725,55.35734672,-12.94679467,5.416357077,0.466216554,0.533783446,1531.029207,1555.996166,6,2
2021-06-05,2021,1598,0,,STL,CIN,1507.952685,1488.691291,0.561938378,0.438061622,1505.365509,1491.278467,1502.793796,1491.22362,Johan Oviedo,Tyler Mahle,44.03978171,53.01003359,-31.51452008,7.541919826,0.494983031,0.505016969,1501.136535,1492.880881,2,5
2021-06-05,2021,1599,0,,CHW,DET,1534.277803,1450.035193,0.650922028,0.349077972,1532.371023,1451.941973,1537.322825,1447.362342,Lucas Giolito,Tarik Skubal,58.51982978,48.26487365,16.99082907,-8.355684291,0.690384083,0.309615917,1535.763356,1448.921811,3,4
2021-06-04,2021,1600,0,,SDP,NYM,1543.405996,1512.654721,0.578147592,0.421852408,1544.948578,1511.112139,1568.492882,1537.411679,Blake Snell,Joey Lucchesi,51.35934363,48.54267041,-9.297444841,-29.64820303,0.606881218,0.393118782,1569.544405,1536.360156,2,0
2021-06-04,2021,1601,0,,SFG,CHC,1535.667936,1527.132929,0.546685256,0.453314744,1537.678094,1525.122771,1513.932314,1518.478054,Scott Kazmir,Jake Arrieta,48.59760007,46.83741101,-14.48726392,-10.98346567,0.522938445,0.477061555,1515.542007,1516.868361,8,5
2021-06-04,2021,1602,0,,ANA,SEA,1480.44533,1479.290083,0.536138185,0.463861815,1481.718067,1478.017346,1495.208932,1469.534382,Shohei Ohtani,Robert Dugger,51.82636794,43.479958,10.33364718,-21.04457124,0.614573315,0.385426685,1495.954553,1468.788761,3,2
2021-06-04,2021,1603,0,,COL,OAK,1469.717746,1526.568764,0.45286397,0.54713603,1467.573853,1528.712657,1446.933258,1516.397999,Jon Gray,Frankie Montas,53.54878497,49.94356752,4.713734317,-7.6655126,0.453700006,0.546299994,1445.321491,1518.009765,5,9
2021-06-04,2021,1604,0,,STL,CIN,1510.103154,1486.540822,0.568023302,0.431976698,1507.952685,1488.691291,1504.397856,1489.61956,Kwang Hyun Kim,Luis Castillo,50.75638837,49.69565695,-0.401547015,-7.421612185,0.565530028,0.434469972,1502.793796,1491.22362,4,6
2021-06-04,2021,1605,0,,MIL,ARI,1504.966549,1468.700611,0.585870155,0.414129845,1507.038126,1466.629034,1515.075772,1467.818758,Freddy Peralta,Matt Peacock,54.3766579,47.97882247,4.672661929,-4.443469402,0.613646201,0.386353799,1516.489016,1466.405515,5,1
2021-06-04,2021,1606,0,,KCR,MIN,1481.423904,1491.668388,0.519785442,0.480214558,1485.377671,1487.714621,1476.453314,1507.73297,Brad Keller,Matt Shoemaker,50.75237247,49.9467646,-0.367970163,-10.92774968,0.504720336,0.495279664,1479.536561,1504.649723,14,5
2021-06-04,2021,1607,0,,CHW,DET,1533.427606,1450.885391,0.648694642,0.351305358,1534.277803,1450.035193,1536.572003,1448.113165,Dallas Keuchel,Spencer Turnbull,51.10918126,54.23220383,-17.89714643,20.19500267,0.605417265,0.394582735,1537.322825,1447.362342,9,8
2021-06-04,2021,1608,0,,TEX,TBD,1459.936228,1566.331368,0.383597921,0.616402079,1461.709075,1564.558521,1453.224408,1556.134358,Kyle Gibson,Josh Fleming,54.65501248,52.94975337,23.69715274,0.756175226,0.421226983,0.578773017,1454.451891,1554.906875,5,4
2021-06-04,2021,1609,0,,ATL,LAD,1518.599769,1581.17059,0.444719043,0.555280957,1516.362376,1583.407982,1522.15011,1595.91171,Ian Anderson,Julio Urias,54.95681255,53.63646935,11.5798265,-11.12466077,0.463378599,0.536621401,1520.380345,1597.681475,5,9
2021-06-04,2021,1610,0,,TOR,HOU,1524.915048,1544.014201,0.507052418,0.492947582,1519.783828,1549.145421,1533.273504,1553.751869,Hyun Jin Ryu,Zack Greinke,57.48144975,55.34715123,37.56619738,6.228529208,0.558082129,0.441917871,1528.93878,1558.086593,1,13
2021-06-04,2021,1611,0,,PIT,FLA,1446.862792,1489.533335,0.473156764,0.526843236,1450.753883,1485.642244,1429.040773,1472.694968,Mitch Keller,Cody Poteet,45.99550763,51.33928921,-6.500318201,-1.321463816,0.464323104,0.535676896,1432.019862,1469.715878,9,2
2021-06-04,2021,1612,0,,PHI,WSN,1495.31934,1503.27108,0.523078891,0.476921109,1493.847741,1504.742678,1499.250918,1507.098305,Zack Wheeler,Max Scherzer,60.6531898,60.68693961,38.91917414,42.22820509,0.525429772,0.474570228,1498.141058,1508.208165,1,2
2021-06-04,2021,1613,0,,NYY,BOS,1531.309226,1521.396781,0.54864953,0.45135047,1528.855338,1523.850669,1553.677946,1519.239896,Michael King,Nathan Eovaldi,45.22450228,54.23896785,-48.43825758,4.557625398,0.512850543,0.487149457,1551.985298,1520.932544,2,5
2021-06-04,2021,1614,0,,BAL,CLE,1455.798689,1508.930527,0.458173889,0.541826111,1457.780015,1506.949202,1431.267563,1511.110773,Keegan Akin,J.C. Mejia,49.39200144,47.4,6.94987642,-20.81404996,0.459383222,0.540616778,1432.749452,1509.628884,3,1
2021-06-03,2021,1615,0,,SDP,NYM,1542.199605,1513.861113,0.574756512,0.425243488,1543.405996,1512.654721,1567.715117,1538.189444,Yu Darvish,Taijuan Walker,60.85723023,55.63168441,35.30711724,2.524702199,0.619478791,0.380521209,1568.492882,1537.411679,4,3
2021-06-03,2021,1616,0,,SFG,CHC,1532.963212,1529.837653,0.538957694,0.461042306,1535.667936,1527.132929,1511.787354,1520.623014,Anthony DeSclafani,Zach Davies,50.32719512,49.81115339,-6.034871206,2.473391083,0.518363128,0.481636872,1513.932314,1518.478054,7,2
2021-06-03,2021,1617,0,,ANA,SEA,1483.356234,1476.37918,0.544461813,0.455538187,1480.44533,1479.290083,1497.583394,1467.15992,Griffin Canning,Justus Sheffield,50.12271371,48.22005653,1.563662666,1.248643807,0.582541092,0.417458908,1495.208932,1469.534382,2,6
2021-06-03,2021,1618,0,,STL,CIN,1512.282623,1484.361353,0.574169398,0.425830602,1510.103154,1486.540822,1506.063357,1487.954059,Adam Wainwright,Vladimir Gutierrez,52.13571787,48.3298633,6.14440457,-13.66977092,0.582841218,0.417158782,1504.397856,1489.61956,2,4
2021-06-03,2021,1619,0,,KCR,MIN,1480.114141,1492.978151,0.516020493,0.483979507,1481.423904,1491.668388,1475.418794,1508.76749,Kris Bubic,J.A. Happ,50.72382446,52.09605682,-1.064919449,-2.056947804,0.495681767,0.504318233,1476.453314,1507.73297,6,5
2021-06-03,2021,1620,0,,CHW,DET,1532.039925,1452.273071,0.645045222,0.354954778,1533.427606,1450.885391,1535.677445,1449.007722,Lance Lynn,Casey Mize,61.30461622,51.84892,30.25309849,9.292936949,0.679935075,0.320064925,1536.572003,1448.113165,4,1
2021-06-03,2021,1621,0,,MIL,ARI,1503.156498,1470.510662,0.58080519,0.41919481,1504.966549,1468.700611,1513.768865,1469.125665,Brett Anderson,Jon Duplantier,48.92350697,46.54971906,-21.72248634,-12.27133307,0.592479623,0.407520377,1515.075772,1467.818758,7,4
2021-06-03,2021,1622,0,,PIT,FLA,1444.837594,1491.558533,0.467348473,0.532651527,1446.862792,1489.533335,1427.633804,1474.101937,Tyler Anderson,Elieser Hernandez,49.46484091,49.30375861,10.0689593,-10.45233757,0.499113979,0.500886021,1429.040773,1472.694968,5,3
2021-06-03,2021,1623,0,,COL,TEX,1467.214065,1462.439909,0.541314925,0.458685075,1469.717746,1459.936228,1444.838421,1455.319244,Austin Gomber,Mike Foltynewicz,51.29860094,51.63523647,-4.658792692,8.815255314,0.500064947,0.499935053,1446.933258,1453.224408,11,6
2021-06-03,2021,1624,0,,HOU,BOS,1547.126931,1518.284051,0.575466005,0.424533995,1544.014201,1521.396781,1556.150759,1516.841007,Jake Odorizzi,Martin Perez,51.82797616,51.00515776,-11.11182054,-9.666634882,0.588101131,0.411898869,1553.751869,1519.239896,1,5
2021-06-03,2021,1625,0,,NYY,TBD,1534.834525,1562.806069,0.494284738,0.505715262,1531.309226,1566.331368,1557.251026,1552.561278,Gerrit Cole,Ryan Yarbrough,65.93624063,49.62271719,48.41435161,-14.07262908,0.628282428,0.371717572,1553.677946,1556.134358,2,9
2021-06-03,2021,1626,0,,ATL,WSN,1516.326998,1505.543851,0.549890404,0.450109596,1518.599769,1503.27108,1520.328938,1508.919477,Tucker Davidson,Patrick Corbin,45.6456932,48.73575662,-31.54433759,-14.31110462,0.526133856,0.473866144,1522.15011,1507.098305,5,1
2021-06-02,2021,1627,0,,SEA,OAK,1479.461558,1523.486386,0.471213825,0.528786175,1476.37918,1526.568764,1469.175378,1514.382542,Chris Flexen,Sean Manaea,42.62648635,52.66501869,-25.40633817,6.51737437,0.424129028,0.575870972,1467.15992,1516.397999,0,6
2021-06-02,2021,1628,0,,LAD,STL,1577.804835,1515.648378,0.621508608,0.378491392,1581.17059,1512.282623,1593.870915,1508.104153,Walker Buehler,Carlos Martinez,58.01547477,49.82670336,8.941303787,-7.065783826,0.673489979,0.326510021,1595.91171,1506.063357,14,3
2021-06-02,2021,1629,0,,COL,TEX,1465.353379,1464.300595,0.535991496,0.464008504,1467.214065,1462.439909,1443.409604,1456.748061,Antonio Senzatela,Jordan Lyles,51.10780186,46.91707723,-5.022663191,-13.39243325,0.527360902,0.472639098,1444.838421,1455.319244,6,3
2021-06-02,2021,1630,0,,HOU,BOS,1545.986639,1519.424344,0.57225561,0.42774439,1547.126931,1518.284051,1555.329746,1517.66202,Framber Valdez,Nick Pivetta,52.29029905,51.59789139,-8.02816273,-6.101826204,0.585137344,0.414862656,1556.150759,1516.841007,2,1
2021-06-02,2021,1631,0,,ATL,WSN,1518.403454,1503.467395,0.555800091,0.444199909,1516.326998,1505.543851,1521.889125,1507.359289,Drew Smyly,Jon Lester,47.74284722,46.81354565,-22.18676084,-23.16973214,0.556619608,0.443380392,1520.328938,1508.919477,3,5
2021-06-02,2021,1632,0,,TOR,FLA,1523.821234,1492.652347,0.578733793,0.421266207,1524.915048,1491.558533,1532.505648,1474.869793,Alek Manoah,Pablo Lopez,49.78515142,54.15959232,0.335418574,12.33630955,0.598892122,0.401107878,1533.273504,1474.101937,6,5
2021-06-02,2021,1633,0,,NYY,TBD,1533.436624,1564.20397,0.490262237,0.509737763,1534.834525,1562.806069,1556.325635,1553.486669,Jordan Montgomery,Shane McClanahan,53.73210561,50.94441345,-8.726155464,-8.449903704,0.538152512,0.461847488,1557.251026,1552.561278,4,3
2021-06-02,2021,1634,0,,BAL,MIN,1453.458147,1495.318693,0.474319227,0.525680773,1455.798689,1492.978151,1429.196496,1510.838558,Matt Harvey,Randy Dobnak,42.51995899,50.06121789,-25.08560986,-12.06684836,0.39969013,0.60030987,1431.267563,1508.76749,6,3
2021-06-02,2021,1635,0,,ARI,NYM,1471.792609,1512.579165,0.475860985,0.524139015,1470.510662,1513.861113,1470.09844,1537.21667,Madison Bumgarner,David Peterson,50.2106835,50.00775035,3.712411634,-25.68389188,0.480262821,0.519737179,1469.125665,1538.189444,6,7
2021-06-02,2021,1636,0,,CHC,SDP,1526.930891,1545.106366,0.50838138,0.49161862,1529.837653,1542.199605,1518.255492,1570.082639,Adbert Alzolay,Dinelson Lamet,52.51110245,54.49566284,15.99778598,5.681994084,0.474820452,0.525179548,1520.623014,1567.715117,6,1
2021-06-01,2021,1637,0,,SEA,OAK,1482.619622,1520.328322,0.480281827,0.519718173,1479.461558,1523.486386,1471.478553,1512.079366,Marco Gonzales,Chris Bassitt,53.61467467,58.00837614,26.63265615,31.01484259,0.469839697,0.530160303,1469.175378,1514.382542,6,12
2021-06-01,2021,1638,0,,LAD,STL,1579.789403,1513.66381,0.626868204,0.373131796,1577.804835,1515.648378,1595.397005,1506.578062,David Price,John Gant,52.88554893,50.72449757,-16.05198393,-2.230172115,0.638733938,0.361266062,1593.870915,1508.104153,2,3
2021-06-01,2021,1639,0,,SFG,ANA,1537.715573,1478.603873,0.617376932,0.382623068,1532.963212,1483.356234,1514.88276,1494.487987,Alex Wood,Andrew Heaney,51.01817254,50.51534777,-3.947629516,4.245861656,0.551910111,0.448089889,1511.787354,1497.583394,1,8
2021-06-01,2021,1640,0,,ARI,NYM,1470.331011,1514.040764,0.471665774,0.528334226,1471.792609,1512.579165,1468.885755,1538.429355,Caleb Smith,Marcus Stroman,46.83202187,54.15848196,-11.95354176,-6.283574016,0.426826955,0.573173045,1470.09844,1537.21667,6,5
2021-06-01,2021,1641,0,,COL,TEX,1464.099769,1465.554205,0.532400209,0.467599791,1465.353379,1464.300595,1442.461039,1457.696626,German Marquez,Dane Dunning,56.00615836,51.27571005,19.26327413,7.467242557,0.529152731,0.470847269,1443.409604,1456.748061,3,2
2021-06-01,2021,1642,0,,KCR,PIT,1477.795165,1447.15657,0.577989385,0.422010615,1480.114141,1444.837594,1473.968975,1429.083623,Brady Singer,Wil Crowe,51.6641883,43.22381153,3.10422856,-20.77429748,0.630413655,0.369586345,1475.418794,1427.633804,10,5
2021-06-01,2021,1643,0,,HOU,BOS,1543.807644,1521.603338,0.566104106,0.433895894,1545.986639,1519.424344,1553.819516,1519.17225,Luis Garcia,Garrett Richards,53.67597098,51.59578721,-0.679751327,-5.986397864,0.59101147,0.40898853,1555.329746,1517.66202,5,1
2021-06-01,2021,1644,0,,CHC,SDP,1525.54734,1546.489918,0.50439987,0.49560013,1526.930891,1545.106366,1517.208041,1571.13009,Kyle Hendricks,Ryan Weathers,52.42349337,50.29812283,15.55093406,-14.84311503,0.500679262,0.499320738,1518.255492,1570.082639,4,3
2021-06-01,2021,1645,0,,MIL,DET,1506.095814,1449.333756,0.614176842,0.385823158,1503.156498,1452.273071,1515.829447,1446.947141,Eric Lauer,Matthew Boyd,47.00499876,50.56658706,-32.92422293,2.194483853,0.582370947,0.417629053,1513.768865,1449.007722,7,10
2021-06-01,2021,1646,0,,ATL,WSN,1521.842428,1500.02842,0.565552159,0.434447841,1518.403454,1503.467395,1524.247499,1505.000916,Max Fried,Stephen Strasburg,52.3761169,56.92029985,-1.012959465,24.0579566,0.526133052,0.473866948,1521.889125,1507.359289,6,11
2021-06-01,2021,1647,0,,CIN,PHI,1490.470272,1489.210422,0.536287932,0.463712068,1484.361353,1495.31934,1492.515307,1494.689671,Sonny Gray,Aaron Nola,56.50112273,57.24351593,24.35064452,22.26601392,0.53435542,0.46564458,1487.954059,1499.250918,3,17
2021-06-01,2021,1648,0,,TOR,FLA,1521.723239,1494.750342,0.572834076,0.427165924,1523.821234,1492.652347,1531.036583,1476.338858,Robbie Ray,Sandy Alcantara,49.96422408,54.24660444,1.777638507,12.52170576,0.594150593,0.405849407,1532.505648,1474.869793,5,1
2021-06-01,2021,1649,0,,BAL,MIN,1451.079884,1497.696956,0.467497315,0.532502685,1453.458147,1495.318693,1427.000107,1513.034946,Bruce Zimmermann,Michael Pineda,44.49025498,55.72026168,-15.48400131,13.59901666,0.371796721,0.628203279,1429.196496,1510.838558,7,4
2021-06-01,2021,1650,0,,NYY,TBD,1531.590167,1566.050427,0.484951022,0.515048978,1533.436624,1564.20397,1554.947371,1554.864933,Domingo German,Tyler Glasnow,53.01615537,57.09293296,-12.19926558,20.97665105,0.48691642,0.51308358,1556.325635,1553.486669,5,3
2021-06-01,2021,1651,0,,CLE,CHW,1507.556798,1533.413655,0.497327794,0.502672206,1508.930527,1532.039925,1510.301364,1536.486854,Shane Bieber,Dylan Cease,60.81891797,51.4607143,42.8994068,-17.45956793,0.582944699,0.417055301,1511.110773,1535.677445,6,5
2021-05-31,2021,1652,0,,ARI,NYM,1472.753972,1511.617803,0.478622269,0.521377731,1470.331011,1514.040764,1470.267682,1537.047428,Merrill Kelly,Jacob deGrom,52.15069429,65.89765173,12.71152967,49.98268904,0.389120454,0.610879546,1468.885755,1538.429355,2,6
2021-05-31,2021,1653,0,,LAD,STL,1577.682343,1515.770869,0.621176814,0.378823186,1579.789403,1513.66381,1594.014012,1507.961056,Trevor Bauer,Jack Flaherty,61.97342751,56.8484307,26.07613005,26.91854335,0.655055729,0.344944271,1595.397005,1506.578062,9,4
2021-05-31,2021,1654,0,,KCR,PIT,1475.7249,1449.226835,0.572165104,0.427834896,1477.795165,1447.15657,1472.663766,1430.388832,Mike Minor,Chad Kuhl,53.54863208,45.89933348,12.54573471,-8.158480506,0.623349763,0.376650237,1473.968975,1429.083623,7,3
2021-05-31,2021,1655,0,,CLE,CHW,1505.7492,1535.221253,0.492125734,0.507874266,1507.556798,1533.413655,1509.01622,1537.771998,Cal Quantrill,Jimmy Lambert,46.63871628,47.4,-23.32992434,-37.32385165,0.513291634,0.486708366,1510.301364,1536.486854,3,1
2021-05-31,2021,1656,0,,ATL,WSN,1520.302033,1501.568816,0.561189793,0.438810207,1521.842428,1500.02842,1523.249507,1505.998908,Charlie Morton,Joe Ross,55.71127533,48.07758672,14.28831125,-17.61389917,0.606504711,0.393495289,1524.247499,1505.000916,5,3
2021-05-31,2021,1657,0,,SEA,OAK,1481.107383,1521.840561,0.475937624,0.524062376,1482.619622,1520.328322,1470.321852,1513.236067,Logan Gilbert,James Kaprielian,46.3280534,51.46323998,-7.067896917,-0.685981138,0.467562718,0.532437282,1471.478553,1512.079366,6,5
2021-05-31,2021,1658,0,,SFG,ANA,1535.562738,1480.756708,0.611505272,0.388494728,1537.715573,1478.603873,1512.820906,1496.549841,Johnny Cueto,Dylan Bundy,48.89656053,50.28704081,-13.08724108,2.684628133,0.533072056,0.466927944,1514.88276,1494.487987,6,1
2021-05-31,2021,1659,0,,HOU,BOS,1540.172743,1525.238239,0.555797881,0.444202119,1543.807644,1521.603338,1551.23192,1521.759846,Jose Urquidy,Eduardo Rodriguez,54.35654141,54.58028351,3.494632979,7.164196144,0.573056138,0.426943862,1553.819516,1519.17225,11,2
2021-05-31,2021,1660,0,,CLE,CHW,1507.509324,1533.461128,0.497191158,0.502808842,1505.7492,1535.221253,1510.241207,1536.547011,Triston McKenzie,Carlos Rodon,48.02566622,56.61382888,-16.55260635,5.02075225,0.468692221,0.531307779,1509.01622,1537.771998,6,8
2021-05-31,2021,1661,0,,CHC,SDP,1522.546649,1549.490608,0.495763404,0.504236596,1525.54734,1546.489918,1514.728724,1573.609408,Kohl Stewart,Chris Paddack,44.84760878,49.4450415,-19.44484363,-19.85588066,0.454893533,0.545106467,1517.208041,1571.13009,7,2
2021-05-31,2021,1662,0,,MIL,DET,1505.065918,1450.363652,0.61136336,0.38863664,1506.095814,1449.333756,1515.262221,1447.514367,Corbin Burnes,Tyler Alexander,59.64621986,46.24015523,26.75610279,-18.15382261,0.686239157,0.313760843,1515.829447,1446.947141,3,2
2021-05-31,2021,1663,0,,CIN,PHI,1486.235098,1493.445595,0.524143247,0.475856753,1490.470272,1489.210422,1489.454989,1497.749988,Wade Miley,Vince Velasquez,50.51125494,50.03003683,-3.378235989,-13.09184367,0.537792348,0.462207652,1492.515307,1494.689671,11,1
2021-05-31,2021,1664,0,,NYY,TBD,1533.324604,1564.31599,0.489939944,0.510060056,1531.590167,1566.050427,1556.287946,1553.524357,Jameson Taillon,Rich Hill,53.36667899,55.75884086,-10.94761885,15.2464835,0.501819339,0.498180661,1554.947371,1554.864933,1,3
2021-05-31,2021,1665,0,,BAL,MIN,1452.345596,1496.431244,0.471126588,0.528873412,1451.079884,1497.696956,1427.72971,1512.305343,Jorge Lopez,Jose Berrios,45.47641078,54.79715477,-9.927404623,10.20453719,0.386462067,0.613537933,1427.000107,1513.034946,2,3
2021-05-30,2021,1666,0,,SEA,TEX,1479.484611,1467.176978,0.552061507,0.447938493,1481.107383,1465.554205,1469.208247,1458.810231,Yusei Kikuchi,Hyeon-Jong Yang,49.29741372,46.58126247,7.422666977,-15.12774624,0.581229223,0.418770777,1470.321852,1457.696626,4,2
2021-05-30,2021,1667,0,,LAD,SFG,1579.554567,1533.690514,0.59920887,0.40079113,1577.682343,1535.562738,1595.498957,1511.335961,Clayton Kershaw,Kevin Gausman,58.6691295,57.46867885,9.571703928,28.43559011,0.625754706,0.374245294,1594.014012,1512.820906,4,5
2021-05-30,2021,1668,0,,ARI,STL,1468.833732,1519.69111,0.46142593,0.53857407,1472.753972,1515.770869,1467.26298,1510.965758,Matt Peacock,Kwang Hyun Kim,46.93576871,51.81783061,-11.32357396,2.501533678,0.451898715,0.548101285,1470.267682,1507.961056,9,2
2021-05-30,2021,1669,0,,OAK,ANA,1524.141811,1478.455457,0.598963185,0.401036815,1521.840561,1480.756708,1514.865611,1494.920298,Cole Irvin,Jose Quintana,49.8694297,46.58689586,-8.271690705,-14.82390923,0.572164353,0.427835647,1513.236067,1496.549841,2,4
2021-05-30,2021,1670,0,,CLE,TOR,1506.179825,1523.052739,0.510255263,0.489744737,1507.509324,1521.723239,1509.143972,1532.133818,Sam Hentges,Steven Matz,46.17804911,48.49332392,-25.94405521,-4.9434409,0.47126312,0.52873688,1510.241207,1531.036583,6,5
2021-05-30,2021,1671,0,,CHC,CIN,1525.797177,1482.984571,0.594983116,0.405016884,1522.546649,1486.235098,1517.000287,1487.183426,Jake Arrieta,Tyler Mahle,47.89831241,51.87613711,-6.165438276,4.144013042,0.562286959,0.437713041,1514.728724,1489.454989,1,5
2021-05-30,2021,1672,0,,MIN,KCR,1498.953739,1473.202406,0.571112531,0.428887469,1496.431244,1475.7249,1514.235223,1470.733885,Matt Shoemaker,Brad Keller,50.33559199,50.90532013,-11.24273295,-0.02182049,0.580292969,0.419707031,1512.305343,1472.663766,3,6
2021-05-30,2021,1673,0,,HOU,SDP,1538.015857,1551.647494,0.514916846,0.485083154,1540.172743,1549.490608,1549.611268,1575.23006,Zack Greinke,Blake Snell,54.72382716,52.76520604,5.865455193,-5.628907054,0.514208261,0.485791739,1551.23192,1573.609408,7,4
2021-05-30,2021,1674,0,,CHW,BAL,1532.324852,1453.481873,0.643826607,0.356173393,1533.461128,1452.345596,1535.839872,1428.43685,Lucas Giolito,Keegan Akin,57.80672792,48.96387505,11.4118116,6.772869423,0.686352263,0.313647737,1536.547011,1427.72971,3,1
2021-05-30,2021,1675,0,,TBD,PHI,1562.537717,1495.223868,0.628466752,0.371533248,1564.31599,1493.445595,1552.088069,1499.186277,Collin McHugh,Zach Eflin,51.74425105,52.23850235,-3.96055685,-3.418556177,0.608154729,0.391845271,1553.524357,1497.749988,6,2
2021-05-30,2021,1676,0,,DET,NYY,1447.245217,1536.443039,0.407258847,0.592741153,1450.363652,1533.324604,1445.222973,1558.57934,Tarik Skubal,Michael King,46.71437435,46.12810997,-14.90809823,-45.93790703,0.416841088,0.583158912,1447.514367,1556.287946,6,2
2021-05-30,2021,1677,0,,CLE,TOR,1508.451892,1520.780672,0.516789921,0.483210079,1506.179825,1523.052739,1510.985968,1530.291822,Aaron Civale,Ross Stripling,54.69649774,45.8221539,13.3465846,-17.01526892,0.550279129,0.449720871,1509.143972,1532.133818,1,4
2021-05-30,2021,1678,0,,WSN,MIL,1504.035746,1502.598988,0.536541172,0.463458828,1501.568816,1505.065918,1507.780893,1513.480235,Max Scherzer,Brandon Woodruff,60.42122634,63.26155406,41.06159346,45.08541643,0.520534462,0.479465538,1505.998908,1515.262221,0,3
2021-05-30,2021,1679,0,,PIT,COL,1450.72078,1462.605824,0.517427761,0.482572239,1449.226835,1464.099769,1431.467081,1441.38279,Chase De Jong,Kyle Freeland,43.00237047,50.26792671,-21.27043041,-8.400864948,0.501748123,0.498251877,1430.388832,1442.461039,3,4
2021-05-29,2021,1680,0,,SEA,TEX,1478.232257,1468.429332,0.548493405,0.451506595,1479.484611,1467.176978,1468.270653,1459.747826,Justin Dunn,Mike Foltynewicz,49.68431585,51.53556801,10.04886918,8.334523388,0.549112384,0.450887616,1469.208247,1458.810231,3,2
2021-05-29,2021,1681,0,,ARI,STL,1470.837067,1517.687775,0.467162521,0.532837479,1468.833732,1519.69111,1468.686773,1509.541964,Seth Frankoff,Adam Wainwright,46.65173443,52.57611962,-13.63697172,5.708600374,0.448090629,0.551909371,1467.26298,1510.965758,4,7
2021-05-29,2021,1682,0,,WSN,MIL,1506.964453,1499.670281,0.544914536,0.455085464,1504.035746,1502.598988,1509.897569,1511.36356,Jon Lester,Brett Anderson,46.44739186,49.04663895,-24.51640808,-22.06103905,0.52886336,0.47113664,1507.780893,1513.480235,2,6
2021-05-29,2021,1683,0,,NYM,ATL,1506.915517,1525.004318,0.508506079,0.491493921,1511.617803,1520.302033,1533.621005,1526.67593,Taijuan Walker,Ian Anderson,54.7868289,56.13127761,-1.458600068,15.3114392,0.519598428,0.480401572,1537.047428,1523.249507,13,2
2021-05-29,2021,1684,0,,LAD,SFG,1583.449141,1529.795941,0.609927565,0.390072435,1579.554567,1533.690514,1598.783418,1508.0515,Julio Urias,Logan Webb,55.29499267,48.57293803,-7.925001086,-12.5224486,0.665280311,0.334719689,1595.498957,1511.335961,6,11
2021-05-29,2021,1685,0,,CHW,BAL,1531.174674,1454.63205,0.640784304,0.359215696,1532.324852,1453.481873,1534.986311,1429.290411,Lance Lynn,John Means,60.7804023,58.8821012,26.14226493,53.29440045,0.643431535,0.356568465,1535.839872,1428.43685,3,1
2021-05-29,2021,1686,0,,HOU,SDP,1540.378556,1549.284795,0.521708013,0.478291987,1538.015857,1551.647494,1551.016302,1573.825025,Jake Odorizzi,Yu Darvish,51.11767769,61.76741619,-10.52097651,36.18778371,0.434867287,0.565132713,1549.611268,1575.23006,8,11
2021-05-29,2021,1687,0,,DET,NYY,1443.609465,1540.07879,0.397194868,0.602805132,1447.245217,1536.443039,1442.760101,1561.042212,Spencer Turnbull,Deivi Garcia,53.65859403,48.20008195,18.45346211,-36.94778201,0.444278349,0.555721651,1445.222973,1558.57934,6,1
2021-05-29,2021,1688,0,,BOS,FLA,1523.824497,1496.164084,0.573802215,0.426197785,1525.238239,1494.750342,1520.705612,1477.393092,Nathan Eovaldi,Trevor Rogers,53.52700397,55.16044813,2.912149832,17.25841094,0.575639507,0.424360493,1521.759846,1476.338858,3,1
2021-05-29,2021,1689,0,,OAK,ANA,1527.478423,1475.118845,0.608154437,0.391845563,1524.141811,1478.455457,1517.11111,1492.674798,Frankie Montas,Alex Cobb,49.72349883,49.30349125,-8.839092135,-0.786985714,0.557857215,0.442142785,1514.865611,1494.920298,0,4
2021-05-29,2021,1690,0,,PIT,COL,1448.144551,1465.182053,0.5100185,0.4899815,1450.72078,1462.605824,1429.487563,1443.362308,Mitch Keller,Austin Gomber,45.02936403,51.93888444,-10.94483403,-1.160838485,0.500491111,0.499508889,1431.467081,1441.38279,4,0
2021-05-29,2021,1691,0,,CHC,CIN,1522.721738,1486.06001,0.586422834,0.413577166,1525.797177,1482.984571,1514.635069,1489.548644,Zach Davies,Luis Castillo,49.23536119,49.91794431,0.666601695,-5.321659867,0.578601583,0.421398417,1517.000287,1487.183426,10,2
2021-05-29,2021,1692,0,,MIN,KCR,1497.822486,1474.333659,0.567919474,0.432080526,1498.953739,1473.202406,1513.513761,1471.455347,J.A. Happ,Ervin Santana,51.96607154,46.73456519,-3.492215046,-20.01248295,0.61665187,0.38334813,1514.235223,1470.733885,6,5
2021-05-29,2021,1693,0,,CHW,BAL,1529.741754,1456.064971,0.63697825,0.36302175,1531.174674,1454.63205,1534.112401,1430.16432,Dallas Keuchel,Matt Harvey,52.21779024,42.9492107,-15.29707494,-22.21583991,0.684894212,0.315105788,1534.986311,1429.290411,7,4
2021-05-29,2021,1694,0,,WSN,MIL,1509.520843,1497.113891,0.552202885,0.447797115,1506.964453,1499.670281,1511.689815,1509.571314,Patrick Corbin,Freddy Peralta,48.97579561,53.54125618,-12.98843144,-0.152586294,0.522945747,0.477054253,1509.897569,1511.36356,1,4
2021-05-29,2021,1695,0,,TBD,PHI,1561.263965,1496.497621,0.625036217,0.374963783,1562.537717,1495.223868,1550.817121,1500.457225,Ryan Yarbrough,Zack Wheeler,49.18567634,60.34223659,-15.73236319,35.31443511,0.536109211,0.463890789,1552.088069,1499.186277,5,3
2021-05-29,2021,1696,0,,PIT,COL,1444.494527,1468.832077,0.499514227,0.500485773,1448.144551,1465.182053,1426.83411,1446.01576,JT Brubaker,Jon Gray,49.49184521,54.39364902,10.91386972,9.679174555,0.511776123,0.488223877,1429.487563,1443.362308,7,0
2021-05-28,2021,1697,0,,SEA,TEX,1476.966915,1469.694673,0.544883231,0.455116769,1478.232257,1468.429332,1467.391266,1460.627212,Justus Sheffield,Jordan Lyles,48.46039354,46.64778116,4.111633884,-14.53023889,0.570625438,0.429374562,1468.270653,1459.747826,3,2
2021-05-28,2021,1698,0,,LAD,SFG,1586.478751,1526.766331,0.618193464,0.381806536,1583.449141,1529.795941,1601.360581,1505.474337,Walker Buehler,Anthony DeSclafani,58.24652824,50.67251713,5.787904862,-3.009120735,0.677162123,0.322837877,1598.783418,1508.0515,5,8
2021-05-28,2021,1699,0,,OAK,ANA,1526.125649,1476.471619,0.604436833,0.395563167,1527.478423,1475.118845,1515.923555,1493.862353,Sean Manaea,Shohei Ohtani,52.02772852,51.59280098,2.616000183,10.2841872,0.555028188,0.444971812,1517.11111,1492.674798,3,1
2021-05-28,2021,1700,0,,ARI,STL,1472.487729,1516.037113,0.471895828,0.528104172,1470.837067,1517.687775,1470.150094,1508.078643,Madison Bumgarner,Johan Oviedo,51.64588984,44.53145949,8.572186627,-32.70566515,0.539277717,0.460722283,1468.686773,1509.541964,6,8
2021-05-28,2021,1701,0,,MIN,KCR,1501.262162,1470.893982,0.577609649,0.422390351,1497.822486,1474.333659,1516.238818,1468.73029,Randy Dobnak,Kris Bubic,50.71441825,49.66998014,-10.02787175,-5.628417999,0.603278833,0.396721167,1513.513761,1471.455347,3,8
2021-05-28,2021,1702,0,,HOU,SDP,1544.298681,1545.364671,0.53295684,0.46704316,1540.378556,1549.284795,1553.748899,1571.092429,Framber Valdez,Dinelson Lamet,52.1286528,55.18161149,-5.67418792,4.636070579,0.502515951,0.497484049,1551.016302,1573.825025,3,10
2021-05-28,2021,1703,0,,DET,NYY,1441.869204,1541.819052,0.392407766,0.607592234,1443.609465,1540.07879,1441.218,1562.584312,Casey Mize,Gerrit Cole,51.26196733,66.26247864,7.735648274,48.12001889,0.31454714,0.68545286,1442.760101,1561.042212,3,2
2021-05-28,2021,1704,0,,CLE,TOR,1512.945853,1516.286711,0.529695905,0.470304095,1508.451892,1520.780672,1513.560559,1527.717231,Eli Morgan,Hyun Jin Ryu,47.4,57.46581515,-22.42713751,38.10569238,0.42883786,0.57116214,1510.985968,1530.291822,2,11
2021-05-28,2021,1705,0,,BOS,FLA,1522.049094,1497.939487,0.568796149,0.431203851,1523.824497,1496.164084,1519.440918,1478.657786,Martin Perez,Cody Poteet,50.8847939,51.79365003,-9.487975214,1.190101389,0.585146565,0.414853435,1520.705612,1477.393092,5,2
2021-05-28,2021,1706,0,,CHC,CIN,1521.616708,1487.16504,0.583333967,0.416666033,1522.721738,1486.06001,1513.879443,1490.30427,Adbert Alzolay,Vladimir Gutierrez,51.84257486,47.4,13.52708875,-16.79955071,0.610689505,0.389310495,1514.635069,1489.548644,1,0
2021-05-27,2021,1707,0,,SEA,TEX,1474.256714,1472.404874,0.537135281,0.462864719,1476.966915,1469.694673,1465.258879,1462.759599,Chris Flexen,Kolby Allard,41.08859389,46.36382074,-29.38404603,-16.04390941,0.519436384,0.480563616,1467.391266,1460.627212,5,0
2021-05-27,2021,1708,0,,LAD,SFG,1585.420246,1527.824836,0.61531297,0.38468703,1586.478751,1526.766331,1600.622861,1506.212057,David Price,Alex Wood,52.36768478,51.24516108,-21.57158292,-0.536427655,0.634917481,0.365082519,1601.360581,1505.474337,4,3
2021-05-27,2021,1709,0,,OAK,ANA,1523.896614,1478.700654,0.598284908,0.401715092,1526.125649,1476.471619,1514.393812,1495.392097,Chris Bassitt,Patrick Sandoval,56.23763914,45.48168748,24.31017463,-17.95455825,0.623301733,0.376698267,1515.923555,1493.862353,5,0
2021-05-27,2021,1710,0,,ARI,STL,1473.768687,1514.756154,0.475572532,0.524427468,1472.487729,1516.037113,1471.133468,1507.09527,Jon Duplantier,Carlos Martinez,47.1613628,49.1204541,-12.9798561,-10.57930926,0.484388955,0.515611045,1470.150094,1508.078643,4,5
2021-05-27,2021,1711,0,,CHW,BAL,1528.033193,1457.773531,0.632417556,0.367582444,1529.741754,1456.064971,1533.035208,1431.241513,Dylan Cease,Bruce Zimmermann,50.71347768,43.31717496,-21.88377935,-20.02504115,0.673948419,0.326051581,1534.112401,1430.16432,5,1
2021-05-27,2021,1712,0,,WSN,CIN,1512.202425,1484.483458,0.573884644,0.426115356,1509.520843,1487.16504,1513.709911,1488.284174,Stephen Strasburg,Sonny Gray,57.36591892,55.5293174,26.28915779,22.5472102,0.575922723,0.424077277,1511.689815,1490.30427,0,3
2021-05-27,2021,1713,0,,NYY,TOR,1540.338134,1517.767628,0.566621826,0.433378174,1541.819052,1516.286711,1561.453227,1528.848316,Jordan Montgomery,Robbie Ray,54.17789858,50.55222681,-9.188437152,5.110206677,0.560584474,0.439415526,1562.584312,1527.717231,5,3
2021-05-27,2021,1714,0,,NYY,TOR,1542.443678,1515.662085,0.572564587,0.427435413,1540.338134,1517.767628,1563.041542,1527.260001,Domingo German,Alek Manoah,52.81703405,47.4,-15.55285494,-8.44447871,0.57522731,0.42477269,1561.453227,1528.848316,0,2
2021-05-27,2021,1715,0,,TBD,KCR,1559.445334,1472.712613,0.654172003,0.345827997,1561.263965,1470.893982,1549.222336,1470.325075,Shane McClanahan,Brady Singer,49.48754708,52.97363062,-13.62817987,8.755417673,0.613837958,0.386162042,1550.817121,1468.73029,7,2
2021-05-27,2021,1716,0,,NYM,COL,1505.462787,1470.284807,0.584349824,0.415650176,1506.915517,1468.832077,1532.651363,1446.985402,Joey Lucchesi,Antonio Senzatela,48.58215916,51.29468208,-30.96734068,-5.112765111,0.618327919,0.381672081,1533.621005,1446.01576,4,2
2021-05-27,2021,1717,0,,MIL,SDP,1495.538707,1546.939854,0.460648135,0.539351865,1497.113891,1545.364671,1508.323645,1572.340098,Adrian Houser,Ryan Weathers,47.52282514,49.19277105,-27.5730942,-23.11925364,0.436349319,0.563650681,1509.571314,1571.092429,6,5
2021-05-27,2021,1718,0,,DET,CLE,1443.677366,1511.137691,0.437779751,0.562220249,1441.869204,1512.945853,1442.37278,1512.40578,Matthew Boyd,Shane Bieber,51.01190618,60.2625064,6.203798868,38.93906004,0.388546381,0.611453619,1441.218,1513.560559,2,5
2021-05-27,2021,1719,0,,PIT,CHC,1446.029093,1520.082141,0.428462101,0.571537899,1444.494527,1521.616708,1427.905089,1512.808464,Tyler Anderson,Kyle Hendricks,49.77146642,52.63341082,12.06046612,17.21888421,0.406058824,0.593941176,1426.83411,1513.879443,3,5
2021-05-27,2021,1720,0,,NYM,COL,1504.348259,1471.399335,0.581229916,0.418770084,1505.462787,1470.284807,1531.922424,1447.714341,Marcus Stroman,German Marquez,53.72558357,55.65643413,-6.450829767,15.87495992,0.621137285,0.378862715,1532.651363,1446.985402,1,0
2021-05-27,2021,1721,0,,FLA,PHI,1499.531427,1494.90568,0.541102796,0.458897204,1497.939487,1496.497621,1479.912215,1499.202796,Pablo Lopez,Spencer Howard,53.74308732,46.76573054,10.85249633,-28.53476685,0.563121653,0.436878347,1478.657786,1500.457225,2,3
2021-05-26,2021,1722,0,,ARI,SFG,1474.99745,1526.596074,0.460365716,0.539634284,1473.768687,1527.824836,1472.193991,1505.151534,Merrill Kelly,Johnny Cueto,51.4094413,49.01511947,7.7604956,-11.24148346,0.514451081,0.485548919,1471.133468,1506.212057,4,5
2021-05-26,2021,1723,0,,MIL,SDP,1496.84403,1545.634531,0.464384023,0.535615977,1495.538707,1546.939854,1509.21272,1571.451023,Eric Lauer,Chris Paddack,45.82247694,48.70250551,-34.80117193,-24.97527052,0.431267954,0.568732046,1508.323645,1572.340098,1,2
2021-05-26,2021,1724,0,,HOU,LAD,1541.880512,1587.838415,0.468442043,0.531557957,1544.298681,1585.420246,1551.702932,1602.668828,Luis Garcia,Trevor Bauer,51.66950479,62.66321426,-6.768218817,26.43333951,0.414267401,0.585732599,1553.748899,1600.622861,5,2
2021-05-26,2021,1725,0,,TBD,KCR,1558.570892,1473.587054,0.651890928,0.348109072,1559.445334,1472.712613,1548.567233,1470.980178,Tyler Glasnow,Mike Minor,55.79665628,53.08575793,17.4173065,9.815674491,0.652158476,0.347841524,1549.222336,1470.325075,2,1
2021-05-26,2021,1726,0,,DET,CLE,1442.083023,1512.732033,0.433267206,0.566732794,1443.677366,1511.137691,1441.243937,1513.534623,Jose Urena,Triston McKenzie,48.67439817,46.76024608,-4.19019945,-23.92819898,0.459001637,0.540998363,1442.37278,1512.40578,1,0
2021-05-26,2021,1727,0,,BOS,ATL,1519.670861,1527.38255,0.523423606,0.476576394,1522.049094,1525.004318,1517.746305,1528.370542,Nick Pivetta,Drew Smyly,51.49458243,48.22092111,-6.59076634,-22.54204624,0.542105054,0.457894946,1519.440918,1526.67593,9,5
2021-05-26,2021,1728,0,,WSN,CIN,1510.668972,1486.016911,0.56956186,0.43043814,1512.202425,1484.483458,1512.529941,1489.464144,Joe Ross,Jeff Hoffman,47.44882087,47.5880844,-19.92945775,-15.53373212,0.561100278,0.438899722,1513.709911,1488.284174,5,3
2021-05-26,2021,1729,0,,FLA,PHI,1497.820413,1496.616694,0.536207578,0.463792422,1499.531427,1494.90568,1478.250344,1500.864667,Nick Neidert,Aaron Nola,44.89034751,56.93619198,-30.75003757,19.75281457,0.429781866,0.570218134,1479.912215,1499.202796,4,2
2021-05-26,2021,1730,0,,PIT,CHC,1447.921967,1518.189267,0.433806824,0.566193176,1446.029093,1520.082141,1429.323294,1511.390259,Wil Crowe,Trevor Williams,44.71235593,43.59794072,-12.68372953,-24.24570955,0.433470795,0.566529205,1427.905089,1512.808464,1,4
2021-05-26,2021,1731,0,,ANA,TEX,1477.441137,1473.664391,0.539889001,0.460110999,1478.700654,1472.404874,1494.51241,1463.639286,Griffin Canning,Dane Dunning,50.19766421,53.06117535,4.181897878,14.06379155,0.56438808,0.43561192,1495.392097,1462.759599,9,8
2021-05-26,2021,1732,0,,OAK,SEA,1522.221211,1475.932117,0.599796328,0.400203672,1523.896614,1474.256714,1513.17571,1466.476981,James Kaprielian,Robert Dugger,49.51218705,44.90626991,-6.261673059,-12.36909966,0.608766872,0.391233128,1514.393812,1465.258879,6,3
2021-05-26,2021,1733,0,,CHW,STL,1531.004771,1511.784576,0.561879996,0.438120004,1528.033193,1514.756154,1535.390198,1504.74028,Carlos Rodon,John Gant,55.53594025,50.26737226,1.813141445,-4.807167783,0.587272115,0.412727885,1533.035208,1507.09527,0,4
2021-05-26,2021,1734,0,,MIN,BAL,1500.217943,1458.817751,0.593022338,0.406977662,1501.262162,1457.773531,1515.681414,1431.798917,Michael Pineda,Jorge Lopez,55.16508785,45.17167652,11.52741292,-11.13377134,0.679498885,0.320501115,1516.238818,1431.241513,3,2
2021-05-25,2021,1735,0,,OAK,SEA,1523.986836,1474.166492,0.604665712,0.395334288,1522.221211,1475.932117,1514.535963,1465.116728,Cole Irvin,Logan Gilbert,51.17149103,45.55641165,0.748986032,-8.96790657,0.617410149,0.382589851,1513.17571,1466.476981,3,4
2021-05-25,2021,1736,0,,ARI,SFG,1478.596023,1522.997501,0.470673612,0.529326388,1474.99745,1526.596074,1474.492168,1502.853357,Corbin Martin,Kevin Gausman,44.17099117,57.08626448,-27.15135084,27.3256238,0.416258696,0.583741304,1472.193991,1505.151534,0,8
2021-05-25,2021,1737,0,,ANA,TEX,1474.395555,1476.709973,0.531167597,0.468832403,1477.441137,1473.664391,1492.634864,1465.516832,Andrew Heaney,Hyeon-Jong Yang,50.79822739,49.03324367,6.806704998,-6.313540169,0.595986439,0.404013561,1494.51241,1463.639286,11,5
2021-05-25,2021,1738,0,,HOU,LAD,1545.303746,1584.41518,0.478266601,0.521733399,1541.880512,1587.838415,1554.251755,1600.120005,Zack Greinke,Clayton Kershaw,54.72227163,57.83213906,7.657825825,4.559653594,0.475539169,0.524460831,1551.702932,1602.668828,2,9
2021-05-25,2021,1739,0,,CHW,STL,1528.482612,1514.306736,0.554719463,0.445280537,1531.004771,1511.784576,1533.435283,1506.695196,Lucas Giolito,Jack Flaherty,57.52171063,58.35688072,11.52947319,32.11674641,0.543284769,0.456715231,1535.390198,1504.74028,8,3
2021-05-25,2021,1740,0,,MIN,BAL,1498.556389,1460.479305,0.588397442,0.411602558,1500.217943,1458.817751,1514.748701,1432.73163,Jose Berrios,Dean Kremer,54.84900639,47.02394107,10.09402984,-2.969700047,0.664961612,0.335038388,1515.681414,1431.798917,7,4
2021-05-25,2021,1741,0,,MIL,SDP,1499.948472,1542.53009,0.473284369,0.526715631,1496.84403,1545.634531,1511.615804,1569.047939,Corbin Burnes,Joe Musgrove,59.54569869,55.34438463,30.09339414,6.939039378,0.485213399,0.514786601,1509.21272,1571.451023,1,7
2021-05-25,2021,1742,0,,TBD,KCR,1560.584631,1471.573316,0.657133362,0.342866638,1558.570892,1473.587054,1550.106415,1469.440996,Rich Hill,Brad Keller,54.91035284,50.14050905,14.19117075,-3.341487743,0.665912833,0.334087167,1548.567233,1470.980178,1,2
2021-05-25,2021,1743,0,,NYM,COL,1502.861338,1472.886256,0.577057467,0.422942533,1504.348259,1471.399335,1531.327966,1448.3088,Jacob deGrom,Kyle Freeland,66.15906831,50.2507258,52.26345144,-9.611818581,0.725564662,0.274435338,1531.922424,1447.714341,3,1
2021-05-25,2021,1744,0,,DET,CLE,1443.894524,1510.920532,0.438395201,0.561604799,1442.083023,1512.732033,1442.436791,1512.341769,Tarik Skubal,Aaron Civale,46.18150991,53.8835527,-15.68798467,10.41970753,0.397824435,0.602175565,1441.243937,1513.534623,1,4
2021-05-25,2021,1745,0,,BOS,ATL,1521.532804,1525.520608,0.528768058,0.471231942,1519.670861,1527.38255,1519.061496,1527.055351,Garrett Richards,Charlie Morton,51.57355131,54.46499114,-6.261324099,8.057161644,0.50390408,0.49609592,1517.746305,1528.370542,1,3
2021-05-25,2021,1746,0,,WSN,CIN,1512.352261,1484.333622,0.574306436,0.425693564,1510.668972,1486.016911,1513.948801,1488.045283,Max Scherzer,Tyler Mahle,60.41511657,51.08751167,41.43219719,1.671600003,0.6293292,0.3706708,1512.529941,1489.464144,1,2
2021-05-25,2021,1747,0,,NYY,TOR,1545.534322,1512.57144,0.581249473,0.418750527,1542.443678,1515.662085,1565.49944,1524.802103,Corey Kluber,Steven Matz,55.98750286,47.08818937,-1.004032902,-8.675921411,0.608806417,0.391193583,1563.041542,1527.260001,2,6
2021-05-25,2021,1748,0,,FLA,PHI,1499.901889,1494.535219,0.542161677,0.457838323,1497.820413,1496.616694,1479.815934,1499.299077,Sandy Alcantara,Vince Velasquez,53.43513817,49.34028885,10.27601699,-15.45410811,0.54341927,0.45658073,1478.250344,1500.864667,0,2
2021-05-25,2021,1749,0,,PIT,CHC,1449.127226,1516.984008,0.437218118,0.562781882,1447.921967,1518.189267,1430.218885,1510.494668,Cody Ponce,Jake Arrieta,48.63653548,47.60049179,4.985741888,-5.205826422,0.434145052,0.565854948,1429.323294,1511.390259,3,4
2021-05-24,2021,1750,0,,OAK,SEA,1526.34806,1471.805268,0.611145221,0.388854779,1523.986836,1474.166492,1516.237167,1463.415524,Frankie Montas,Yusei Kikuchi,49.96500739,48.84815975,-5.20051025,6.995563836,0.592168329,0.407831671,1514.535963,1465.116728,2,4
2021-05-24,2021,1751,0,,CHW,STL,1526.223908,1516.56544,0.548287462,0.451712538,1528.482612,1514.306736,1531.996494,1508.133985,Lance Lynn,Kwang Hyun Kim,60.30365672,51.8678772,25.30581888,1.599138419,0.600463291,0.399536709,1533.435283,1506.695196,5,1
2021-05-24,2021,1752,0,,MIN,BAL,1496.275812,1462.759881,0.582024157,0.417975843,1498.556389,1460.479305,1512.87744,1434.602892,Matt Shoemaker,John Means,49.75612791,58.68222441,-13.43212402,52.53749071,0.55258727,0.44741273,1514.748701,1432.73163,8,3
2021-05-24,2021,1753,0,,MIL,SDP,1497.921817,1544.556745,0.467471728,0.532528272,1499.948472,1542.53009,1510.26202,1570.401723,Brandon Woodruff,Blake Snell,62.20643754,53.96722856,44.03098614,-0.670197275,0.51460815,0.48539185,1511.615804,1569.047939,5,3
2021-05-24,2021,1754,0,,NYM,COL,1504.553292,1471.194303,0.581804361,0.418195639,1502.861338,1472.886256,1532.73741,1446.899356,David Peterson,Austin Gomber,50.64029834,51.16236121,-21.42414447,-4.643636673,0.631423633,0.368576367,1531.327966,1448.3088,2,3
2021-05-24,2021,1755,0,,DET,CLE,1445.059001,1509.756055,0.441698634,0.558301366,1443.894524,1510.920532,1443.468672,1511.309888,Spencer Turnbull,Sam Hentges,53.7649541,45.86830773,20.05477228,-27.35075725,0.503289462,0.496710538,1442.436791,1512.341769,5,6
2021-05-24,2021,1756,0,,FLA,PHI,1497.828553,1496.608554,0.536230882,0.463769118,1499.901889,1494.535219,1478.253995,1500.861015,Trevor Rogers,Zach Eflin,55.15879018,52.45701521,18.56414762,-1.021107381,0.534619551,0.465380449,1479.815934,1499.299077,9,6
2021-05-24,2021,1757,0,,TOR,TBD,1515.620518,1557.535553,0.474241017,0.525758983,1512.57144,1560.584631,1527.328859,1547.579658,Trent Thornton,Ryan Yarbrough,47.44045273,48.98260697,-8.072822815,-13.61449455,0.513367455,0.486632545,1524.802103,1550.106415,8,14
2021-05-23,2021,1758,0,,STL,CHC,1518.089442,1515.460006,0.538247972,0.461752028,1516.56544,1516.984008,1509.258177,1509.370475,Adam Wainwright,Zach Davies,50.83776927,48.7432511,-1.624565181,0.634066487,0.531086586,0.468913414,1508.133985,1510.494668,1,2
2021-05-23,2021,1759,0,,SDP,SEA,1542.078025,1474.283988,0.62911195,0.37088805,1544.556745,1471.805268,1569.106597,1464.71065,Yu Darvish,Justin Dunn,61.77892465,49.29578065,36.39793574,9.560207235,0.709631882,0.290368118,1570.401723,1463.415524,9,2
2021-05-23,2021,1760,0,,ANA,OAK,1472.838966,1527.904649,0.455411652,0.544588348,1474.395555,1526.34806,1491.602762,1517.269268,Dylan Bundy,Sean Manaea,51.50154876,51.54878836,9.061290911,2.720670791,0.506726185,0.493273815,1492.634864,1516.237167,6,5
2021-05-23,2021,1761,0,,SFG,LAD,1525.950102,1581.462579,0.454773851,0.545226149,1522.997501,1584.41518,1504.874371,1598.09899,Anthony DeSclafani,Julio Urias,53.06800406,54.65429922,6.250547609,-9.872668476,0.424170468,0.575829532,1502.853357,1600.120005,5,11
2021-05-23,2021,1762,0,,COL,ARI,1469.898674,1479.891652,0.520146811,0.479853189,1471.194303,1478.596023,1445.897603,1475.493921,Jon Gray,Taylor Widener,53.91890853,49.364682,8.846860404,-2.623094491,0.508452037,0.491547963,1446.899356,1474.492168,4,3
2021-05-23,2021,1763,0,,TEX,HOU,1475.109974,1546.903746,0.431649825,0.568350175,1476.709973,1545.303746,1464.230213,1555.538374,Mike Foltynewicz,Cristian Javier,50.16883425,53.90410811,0.311581119,4.023966852,0.399193386,0.600806614,1465.516832,1554.251755,3,2
2021-05-23,2021,1764,0,,KCR,DET,1470.445826,1446.186492,0.569007532,0.430992468,1471.573316,1445.059001,1468.566474,1444.343194,Kris Bubic,Casey Mize,49.91522385,49.97914165,-4.584490522,3.258725966,0.557851335,0.442148665,1469.440996,1443.468672,3,2
2021-05-23,2021,1765,0,,ATL,PIT,1523.356734,1451.2911,0.634830925,0.365169075,1525.520608,1449.127226,1525.474088,1431.800149,Max Fried,JT Brubaker,51.9245392,50.5310184,-3.493413572,13.14209202,0.641440998,0.358559002,1527.055351,1430.218885,7,1
2021-05-23,2021,1766,0,,FLA,NYM,1495.293808,1507.088037,0.517558294,0.482441706,1497.828553,1504.553292,1476.251935,1534.739471,Cody Poteet,Jordan Yamamoto,49.67626762,47.20310074,-6.070206831,-38.68592564,0.497306265,0.502693735,1478.253995,1532.73741,5,1
2021-05-23,2021,1767,0,,CLE,MIN,1512.270768,1493.7611,0.560872873,0.439127127,1509.756055,1496.275812,1513.225875,1510.961452,Zach Plesac,J.A. Happ,55.63142995,51.84967646,17.78869914,-3.518216621,0.568036023,0.431963977,1511.309888,1512.87744,5,8
2021-05-23,2021,1768,0,,CIN,MIL,1487.464951,1494.790487,0.523978075,0.476021925,1484.333622,1497.921817,1490.270879,1508.036424,Luis Castillo,Freddy Peralta,50.63211996,53.6601872,-1.151581996,3.789711477,0.501861001,0.498138999,1488.045283,1510.26202,4,9
2021-05-23,2021,1769,0,,TOR,TBD,1517.313412,1555.842659,0.479102912,0.520897088,1515.620518,1557.535553,1528.985596,1545.922922,Hyun Jin Ryu,Michael Wacha,57.52744586,47.86153854,39.67486064,-18.63646816,0.592985952,0.407014048,1527.328859,1547.579658,4,6
2021-05-23,2021,1770,0,,WSN,BAL,1511.298277,1463.813866,0.60144686,0.39855314,1512.352261,1462.759881,1513.305385,1435.246308,Patrick Corbin,Matt Harvey,49.62801286,43.43905805,-9.980075188,-19.7634825,0.65561581,0.34438419,1513.948801,1434.602892,6,5
2021-05-23,2021,1771,0,,PHI,BOS,1493.937801,1524.203558,0.490983828,0.509016172,1496.608554,1521.532804,1499.06944,1520.853072,Zack Wheeler,Eduardo Rodriguez,59.2639515,55.34610355,32.3081628,10.85838441,0.534005745,0.465994255,1500.861015,1519.061496,6,2
2021-05-23,2021,1772,0,,NYY,CHW,1544.371252,1527.386978,0.55870905,0.44129095,1545.534322,1526.223908,1564.664092,1532.831841,Jameson Taillon,Dallas Keuchel,52.54793757,52.48807485,-16.56603315,-11.79947823,0.572964785,0.427035215,1565.49944,1531.996494,5,4
2021-05-22,2021,1773,0,,ANA,OAK,1475.208689,1525.534926,0.462185843,0.537814157,1472.838966,1527.904649,1493.322892,1515.549139,Griffin Canning,Chris Bassitt,50.19831949,55.39102166,2.965148856,21.79291691,0.443793306,0.556206694,1491.602762,1517.269268,2,6
2021-05-22,2021,1774,0,,SDP,SEA,1540.767781,1475.594232,0.625585423,0.374414577,1542.078025,1474.283988,1568.166563,1465.650683,Ryan Weathers,Justus Sheffield,50.12690047,49.4933487,-19.0842696,9.613938627,0.637165767,0.362834233,1569.106597,1464.71065,6,4
2021-05-22,2021,1775,0,,TOR,TBD,1519.028412,1554.127659,0.484032331,0.515967669,1517.313412,1555.842659,1530.463981,1544.444536,Robbie Ray,Shane McClanahan,49.58293359,48.4705873,3.279584422,-15.3539128,0.541141669,0.458858331,1528.985596,1545.922922,1,3
2021-05-22,2021,1776,0,,STL,CHC,1516.819815,1516.729633,0.534613107,0.465386893,1518.089442,1515.460006,1508.296696,1510.331957,Miles Mikolas,Adbert Alzolay,53.46423597,50.85368749,10.97872704,11.31697518,0.531082888,0.468917112,1509.258177,1509.370475,2,1
2021-05-22,2021,1777,0,,SFG,LAD,1528.002297,1579.410384,0.46063821,0.53936179,1525.950102,1581.462579,1506.040216,1596.933145,Scott Kazmir,Walker Buehler,48.14550666,57.83391043,-16.62648725,5.514510045,0.374602853,0.625397147,1504.874371,1598.09899,3,6
2021-05-22,2021,1778,0,,PHI,BOS,1495.311214,1522.830144,0.494936026,0.505063974,1493.937801,1524.203558,1500.008371,1519.914141,Spencer Howard,Nathan Eovaldi,46.16591954,53.604711,-29.20635759,2.627065477,0.460164699,0.539835301,1499.06944,1520.853072,3,4
2021-05-22,2021,1779,0,,KCR,DET,1468.989494,1447.642824,0.564891049,0.435108951,1470.445826,1446.186492,1467.47069,1445.438978,Brady Singer,Matthew Boyd,52.86685642,51.73053547,9.483384155,10.92400541,0.563821698,0.436178302,1468.566474,1444.343194,7,5
2021-05-22,2021,1780,0,,FLA,NYM,1493.469807,1508.912038,0.51231313,0.48768687,1495.293808,1507.088037,1474.880329,1536.111077,Pablo Lopez,Joey Lucchesi,52.60771184,47.61124775,8.863468646,-36.21714946,0.511294949,0.488705051,1476.251935,1534.739471,3,1
2021-05-22,2021,1781,0,,CLE,MIN,1510.750289,1495.281579,0.55655696,0.44344304,1512.270768,1493.7611,1512.201338,1511.98599,Shane Bieber,Kenta Maeda,60.886422,53.14492014,42.32392032,2.669222089,0.590894772,0.409105228,1513.225875,1510.961452,5,3
2021-05-22,2021,1782,0,,CIN,MIL,1488.940034,1493.315404,0.528212116,0.471787884,1487.464951,1494.790487,1491.49176,1506.815543,Sonny Gray,Brett Anderson,55.82875005,48.95527885,23.22334621,-18.42169625,0.571915943,0.428084057,1490.270879,1508.036424,3,4
2021-05-22,2021,1783,0,,ATL,PIT,1521.373513,1453.274321,0.629521726,0.370478274,1523.356734,1451.2911,1524.037968,1433.236269,Bryse Wilson,Mitch Keller,46.91993763,45.54899315,-26.78515299,-10.87058385,0.638587809,0.361412191,1525.474088,1431.800149,6,1
2021-05-22,2021,1784,0,,WSN,BAL,1509.590471,1465.521672,0.596724482,0.403275518,1511.298277,1463.813866,1512.171687,1436.380006,Jon Lester,Bruce Zimmermann,47.32002311,44.62634261,-21.86656607,-15.07233902,0.630726875,0.369273125,1513.305385,1435.246308,12,9
2021-05-22,2021,1785,0,,TEX,HOU,1472.13704,1549.876679,0.423273349,0.576726651,1475.109974,1546.903746,1461.704635,1558.063953,Jordan Lyles,Lance McCullers Jr.,46.52474981,54.69607443,-16.8686528,7.363662635,0.364467433,0.635532567,1464.230213,1555.538374,8,4
2021-05-22,2021,1786,0,,COL,ARI,1468.590162,1481.200164,0.516385655,0.483614345,1469.898674,1479.891652,1444.790706,1476.600818,Antonio Senzatela,Madison Bumgarner,51.10295631,52.26915157,-4.250396776,10.54752166,0.467510272,0.532489728,1445.897603,1475.493921,7,6
2021-05-22,2021,1787,0,,NYY,CHW,1541.242465,1530.515765,0.549809976,0.450190024,1544.371252,1527.386978,1563.094556,1534.401377,Gerrit Cole,Dylan Cease,65.7941881,51.14613729,46.59751257,-18.70028767,0.663562506,0.336437494,1564.664092,1532.831841,7,0
2021-05-21,2021,1788,0,,SDP,SEA,1536.559569,1479.802444,0.614170112,0.385829888,1540.767781,1475.594232,1565.5561,1468.261147,Chris Paddack,Chris Flexen,48.00136112,43.40940217,-28.7022513,-21.26574938,0.662315141,0.337684859,1568.166563,1465.650683,16,1
2021-05-21,2021,1789,0,,SFG,LAD,1529.31235,1578.100331,0.464387632,0.535612368,1528.002297,1579.410384,1506.749945,1596.223416,Alex Wood,Trevor Bauer,51.19457562,62.20885319,-2.27102305,26.77155599,0.364890065,0.635109935,1506.040216,1596.933145,1,2
2021-05-21,2021,1790,0,,ANA,OAK,1477.623998,1523.119617,0.469104729,0.530895271,1475.208689,1525.534926,1495.312762,1513.559269,Jose Quintana,James Kaprielian,46.74302841,48.70367542,-13.55705435,-9.274353432,0.50530471,0.49469529,1493.322892,1515.549139,4,8
2021-05-21,2021,1791,0,,COL,ARI,1465.513307,1484.277018,0.507535055,0.492464945,1468.590162,1481.200164,1442.549816,1478.841708,German Marquez,Seth Frankoff,54.3626631,47.92658003,12.41047463,-10.68846211,0.518846895,0.481153105,1444.790706,1476.600818,7,1
2021-05-21,2021,1792,0,,STL,CHC,1521.557488,1511.991961,0.548154953,0.451845047,1516.819815,1516.729633,1511.496566,1507.132087,Carlos Martinez,Kyle Hendricks,48.77406597,52.44207518,-10.84794657,19.15379071,0.503822825,0.496177175,1508.296696,1510.331957,3,12
2021-05-21,2021,1793,0,,KCR,DET,1471.040826,1445.591491,0.57068666,0.42931334,1468.989494,1447.642824,1469.088079,1443.821589,Mike Minor,Jose Urena,53.53980209,49.35582905,12.34285582,-0.886525025,0.593930249,0.406069751,1467.47069,1445.438978,5,7
2021-05-21,2021,1794,0,,TEX,HOU,1470.090193,1551.923527,0.417531423,0.582468577,1472.13704,1549.876679,1460.317014,1559.451574,Kyle Gibson,Tyler Ivey,53.83862789,47.4,18.45856132,-27.43757901,0.463047624,0.536952376,1461.704635,1558.063953,7,5
2021-05-21,2021,1795,0,,TOR,TBD,1520.765809,1552.390262,0.489029292,0.510970708,1519.028412,1554.127659,1531.73984,1543.168677,Anthony Kay,Tyler Glasnow,48.23140664,57.20910035,-3.333031446,24.63575869,0.480942502,0.519057498,1530.463981,1544.444536,7,9
2021-05-21,2021,1796,0,,ATL,PIT,1516.545843,1458.10199,0.616468381,0.383531619,1521.373513,1453.274321,1520.844314,1436.429923,Ian Anderson,Tyler Anderson,55.60070047,51.66421666,14.63458361,16.25432465,0.649025724,0.350974276,1524.037968,1433.236269,20,1
2021-05-21,2021,1797,0,,FLA,NYM,1494.972951,1507.408894,0.516635873,0.483364127,1493.469807,1508.912038,1475.779857,1535.211549,John Curtiss,Marcus Stroman,47.19379164,53.49462048,-17.08049675,-8.432517534,0.43294275,0.56705725,1474.880329,1536.111077,5,6
2021-05-21,2021,1798,0,,CLE,MIN,1516.031881,1489.999987,0.571508078,0.428491922,1510.750289,1495.281579,1515.895767,1508.291561,Triston McKenzie,Randy Dobnak,47.96913214,49.54548148,-19.31916305,-13.44864558,0.540256396,0.459743604,1512.201338,1511.98599,0,10
2021-05-21,2021,1799,0,,CIN,MIL,1486.135712,1496.119726,0.52015969,0.47984031,1488.940034,1493.315404,1489.32795,1508.979353,Jeff Hoffman,Adrian Houser,46.91158404,48.91931838,-18.2337613,-20.10445868,0.509263181,0.490736819,1491.49176,1506.815543,9,4
2021-05-21,2021,1800,0,,WSN,BAL,1508.166674,1466.945468,0.592773648,0.407226352,1509.590471,1465.521672,1511.432698,1437.118995,Stephen Strasburg,Jorge Lopez,57.01738769,44.76353696,24.28148165,-14.18573169,0.685283501,0.314716499,1512.171687,1436.380006,4,2
2021-05-21,2021,1801,0,,PHI,BOS,1499.30203,1518.839329,0.506421991,0.493578009,1495.311214,1522.830144,1503.46684,1516.455672,Aaron Nola,Martin Perez,57.44199747,50.55711704,23.55126417,-11.50364634,0.568959744,0.431040256,1500.008371,1519.914141,3,11
2021-05-21,2021,1802,0,,NYY,CHW,1540.036877,1531.721353,0.546372131,0.453627869,1541.242465,1530.515765,1562.21184,1535.284093,Jordan Montgomery,Carlos Rodon,52.52885769,53.91409314,-14.34287063,-4.208443328,0.554683915,0.445316085,1563.094556,1534.401377,2,1
2021-05-20,2021,1803,0,,LAD,ARI,1577.216495,1485.160855,0.661070858,0.338929142,1578.100331,1484.277018,1595.566267,1479.498858,David Price,Merrill Kelly,52.58815445,50.84976002,-18.84138343,3.612711357,0.66307699,0.33692301,1596.223416,1478.841708,3,2
2021-05-20,2021,1804,0,,TOR,BOS,1522.272844,1517.332294,0.541552738,0.458447262,1520.765809,1518.839329,1532.913428,1515.282084,Steven Matz,Nick Pivetta,47.52813616,51.76220452,-7.123184509,-6.152828222,0.558250168,0.441749832,1531.73984,1516.455672,7,8
2021-05-20,2021,1805,0,,ATL,PIT,1518.944174,1455.703659,0.622975442,0.377024558,1516.545843,1458.10199,1522.75122,1434.523017,Drew Smyly,Wil Crowe,48.25247653,45.44628907,-20.13306163,-13.51906393,0.650632141,0.349367859,1520.844314,1436.429923,4,6
2021-05-20,2021,1806,0,,ANA,MIN,1480.002074,1487.621911,0.5235555,0.4764445,1477.623998,1489.999987,1497.060959,1506.543364,Griffin Canning,Jose Berrios,51.41048901,54.7645094,7.313708175,11.27294222,0.515190027,0.484809973,1495.312762,1508.291561,3,6
2021-05-20,2021,1807,0,,PHI,FLA,1503.025738,1491.249243,0.551305306,0.448694694,1499.30203,1494.972951,1506.173825,1473.072872,David Hale,Sandy Alcantara,47.6177825,52.33537562,-22.73482033,8.200732062,0.537584011,0.462415989,1503.46684,1475.779857,0,6
2021-05-20,2021,1808,0,,ANA,MIN,1476.817361,1490.806624,0.514402623,0.485597377,1480.002074,1487.621911,1494.925745,1508.678578,Alex Cobb,Lewis Thorpe,48.59369905,46.17426923,-5.311111077,-29.88731818,0.555017281,0.444982719,1497.060959,1506.543364,7,1
2021-05-20,2021,1809,0,,OAK,HOU,1525.736909,1549.306235,0.50061979,0.49938021,1523.119617,1551.923527,1515.509744,1557.501099,Cole Irvin,Luis Garcia,52.78463632,51.64018459,9.087221071,-7.567853387,0.498076948,0.501923052,1513.559269,1559.451574,4,8
2021-05-20,2021,1810,0,,CHC,WSN,1509.939233,1510.219402,0.534082644,0.465917356,1511.991961,1508.166674,1505.524192,1513.040593,Trevor Williams,Joe Ross,43.43156921,47.88299123,-23.27191728,-19.25080998,0.51792728,0.48207272,1507.132087,1511.432698,5,2
2021-05-20,2021,1811,0,,TEX,NYY,1471.52047,1538.6066,0.438309992,0.561690008,1470.090193,1540.036877,1461.361313,1561.167541,Dane Dunning,Domingo German,51.62534457,51.74867422,9.296321687,-17.17724716,0.429477902,0.570522098,1460.317014,1562.21184,0,2
2021-05-20,2021,1812,0,,CIN,SFG,1491.828146,1523.619916,0.488788622,0.511211378,1486.135712,1529.31235,1494.328605,1501.74929,Tyler Mahle,Johnny Cueto,52.6198128,48.51301615,7.226818969,-14.54785397,0.554972701,0.445027299,1489.32795,1506.749945,4,19
2021-05-20,2021,1813,0,,BAL,TBD,1470.316147,1549.019583,0.421919574,0.578080426,1466.945468,1552.390262,1439.295385,1540.992288,Dean Kremer,Rich Hill,48.88980124,54.64167458,4.197338676,12.95092439,0.378093317,0.621906683,1437.118995,1543.168677,1,10
2021-05-19,2021,1814,0,,SEA,DET,1483.058671,1442.335264,0.592081738,0.407918262,1479.802444,1445.591491,1470.699809,1441.382927,Logan Gilbert,Tarik Skubal,46.50744209,45.62542086,-7.314487791,-18.23589592,0.591407103,0.408592897,1468.261147,1443.821589,2,6
2021-05-19,2021,1815,0,,LAD,ARI,1576.06144,1486.315909,0.658084995,0.341915005,1577.216495,1485.160855,1594.823245,1480.241879,Clayton Kershaw,Merrill Kelly,57.5433281,50.67246541,4.767085884,2.975842068,0.69169375,0.30830625,1595.566267,1479.498858,4,2
2021-05-19,2021,1816,0,,OAK,HOU,1529.459777,1545.583367,0.511333124,0.488666876,1525.736909,1549.306235,1518.038568,1554.972274,Frankie Montas,Zack Greinke,49.99457635,53.40386386,-4.094803644,1.980547966,0.472671031,0.527328969,1515.509744,1557.501099,1,8
2021-05-19,2021,1817,0,,KCR,MIL,1469.271217,1497.889336,0.493354384,0.506645616,1471.040826,1496.119726,1467.547466,1510.519967,Brad Keller,Corbin Burnes,50.51481977,59.15963392,-2.248902162,28.67467197,0.428683393,0.571316607,1469.088079,1508.979353,6,4
2021-05-19,2021,1818,0,,ANA,CLE,1478.153764,1514.695477,0.48195886,0.51804114,1476.817361,1516.031881,1496.010207,1514.811305,Shohei Ohtani,Aaron Civale,51.83140179,53.16877333,9.802258119,5.849538545,0.513167196,0.486832804,1494.925745,1515.895767,2,3
2021-05-19,2021,1819,0,,TEX,NYY,1472.968339,1537.158731,0.442417988,0.557582012,1471.52047,1538.6066,1462.288468,1560.240387,Hyeon-Jong Yang,Corey Kluber,48.11734493,53.85189288,-6.742131017,-5.338026327,0.393223076,0.606776924,1461.361313,1561.167541,0,2
2021-05-19,2021,1820,0,,STL,PIT,1520.012433,1457.248714,0.622330568,0.377669432,1521.557488,1455.703659,1510.632252,1435.38733,Jack Flaherty,Trevor Cahill,58.63870495,47.37513651,35.60701198,-5.152601316,0.691241724,0.308758276,1511.496566,1434.523017,8,5
2021-05-19,2021,1821,0,,CHC,WSN,1511.473389,1508.685246,0.538475025,0.461524975,1509.939233,1510.219402,1506.479129,1512.085656,Jake Arrieta,Max Scherzer,48.04609358,60.74088284,-2.022745884,41.28793971,0.464202602,0.535797398,1505.524192,1513.040593,3,4
2021-05-19,2021,1822,0,,TOR,BOS,1525.164026,1514.441112,0.549804582,0.450195418,1522.272844,1517.332294,1535.140485,1513.055027,Ross Stripling,Garrett Richards,46.97253566,51.34239777,-10.92511688,-7.988520834,0.561778908,0.438221092,1532.913428,1515.282084,3,7
2021-05-19,2021,1823,0,,ATL,NYM,1517.734316,1508.618752,0.547513332,0.452486668,1518.944174,1507.408894,1521.862699,1536.10007,Charlie Morton,David Peterson,53.63562968,50.54615559,6.007432261,-22.4394772,0.554767325,0.445232675,1522.75122,1535.211549,5,4
2021-05-19,2021,1824,0,,PHI,FLA,1505.126484,1489.148497,0.557280371,0.442719629,1503.025738,1491.249243,1507.758001,1471.488696,Zach Eflin,Trevor Rogers,52.23833892,54.16868891,-0.820858046,17.73925322,0.559737657,0.440262343,1506.173825,1473.072872,1,3
2021-05-19,2021,1825,0,,BAL,TBD,1471.774949,1547.560781,0.426021234,0.573978766,1470.316147,1549.019583,1440.578896,1539.708776,John Means,Ryan Yarbrough,59.2201117,50.04583283,52.77190281,-9.746428446,0.48185849,0.51814151,1439.295385,1540.992288,7,9
2021-05-19,2021,1826,0,,CIN,SFG,1494.404809,1521.043253,0.496203048,0.503796952,1491.828146,1523.619916,1496.237557,1499.840338,Wade Miley,Kevin Gausman,50.11645576,56.07625888,-4.209947335,22.17049709,0.491390297,0.508609703,1494.328605,1501.74929,0,4
2021-05-19,2021,1827,0,,SDP,COL,1535.001398,1467.071477,0.629294444,0.370705556,1536.559569,1465.513307,1564.792059,1443.313857,Joe Musgrove,Chi Chi Gonzalez,54.08911505,47.72063234,1.101157107,-18.70835976,0.721411233,0.278588767,1565.5561,1442.549816,3,0
2021-05-19,2021,1828,0,,MIN,CHW,1492.10068,1530.427297,0.479394018,0.520605982,1490.806624,1531.721353,1509.615095,1534.347576,Matt Shoemaker,Lucas Giolito,49.43309985,56.34369733,-14.41128068,8.402049339,0.466166636,0.533833364,1508.678578,1535.284093,1,2
2021-05-18,2021,1829,0,,SEA,DET,1486.829841,1438.564094,0.602524512,0.397475488,1483.058671,1442.335264,1473.352539,1438.730197,Justin Dunn,Spencer Turnbull,49.1260044,51.87316249,5.204388635,13.03714532,0.572575846,0.427424154,1470.699809,1441.382927,0,5
2021-05-18,2021,1830,0,,SDP,COL,1533.991347,1468.081529,0.626577624,0.373422376,1535.001398,1467.071477,1564.245458,1443.860458,Blake Snell,Austin Gomber,53.44965575,50.49148364,-1.432104189,-5.105791674,0.701048205,0.298951795,1564.792059,1443.313857,2,1
2021-05-18,2021,1831,0,,LAD,ARI,1573.603203,1488.774146,0.651688709,0.348311291,1576.06144,1486.315909,1593.37548,1481.689645,Julio Urias,Corbin Martin,53.66380419,44.2827176,-12.6622335,-27.39291553,0.703884996,0.296115004,1594.823245,1480.241879,9,1
2021-05-18,2021,1832,0,,OAK,HOU,1528.092566,1546.950577,0.507399377,0.492600623,1529.459777,1545.583367,1516.933313,1556.077529,Sean Manaea,Cristian Javier,51.85249299,54.15221437,4.395881051,5.341310599,0.476926658,0.523073342,1518.038568,1554.972274,6,5
2021-05-18,2021,1833,0,,ANA,CLE,1479.503803,1513.345439,0.485840534,0.514159466,1478.153764,1514.695477,1497.047966,1513.773546,Andrew Heaney,Zach Plesac,52.17119937,56.43859104,10.21082129,20.66560641,0.495423214,0.504576786,1496.010207,1514.811305,5,6
2021-05-18,2021,1834,0,,KCR,MIL,1467.479103,1499.681449,0.488198068,0.511801932,1469.271217,1497.889336,1465.873533,1512.1939,Kris Bubic,Brandon Woodruff,47.98362955,61.92897426,-13.18795658,42.37513843,0.389827441,0.610172559,1467.547466,1510.519967,2,0
2021-05-18,2021,1835,0,,TEX,NYY,1474.798484,1535.328585,0.447621828,0.552378172,1472.968339,1537.158731,1463.542905,1558.98595,Mike Foltynewicz,Jameson Taillon,50.73305445,53.2397149,5.072057306,-8.95508436,0.418115928,0.581884072,1462.288468,1560.240387,4,7
2021-05-18,2021,1836,0,,STL,PIT,1518.443039,1458.818108,0.618074585,0.381925415,1520.012433,1457.248714,1509.419367,1436.600216,John Gant,JT Brubaker,50.07236095,51.54102682,-4.516660815,13.75766306,0.609714757,0.390285243,1510.632252,1435.38733,5,2
2021-05-18,2021,1837,0,,MIN,CHW,1490.651308,1531.876669,0.475231004,0.524768996,1492.10068,1530.427297,1508.38283,1535.579841,Bailey Ober,Lance Lynn,47.4,60.69225415,-24.5228098,28.76261093,0.419423844,0.580576156,1509.615095,1534.347576,5,4
2021-05-18,2021,1838,0,,CHC,WSN,1509.412131,1510.746504,0.532572265,0.467427735,1511.473389,1508.685246,1504.965126,1513.599658,Zach Davies,Patrick Corbin,49.04612175,49.86625908,2.416856636,-10.14822565,0.540108927,0.459891073,1506.479129,1512.085656,6,3
2021-05-18,2021,1839,0,,TOR,BOS,1521.661016,1517.944122,0.539803416,0.460196584,1525.164026,1514.441112,1532.891404,1515.304108,Hyun Jin Ryu,Eduardo Rodriguez,56.28177996,56.24503642,34.34268413,14.352408,0.590958144,0.409041856,1535.140485,1513.055027,8,0
2021-05-18,2021,1840,0,,ATL,NYM,1519.287744,1507.065324,0.551940203,0.448059797,1517.734316,1508.618752,1522.974908,1534.987861,Tucker Davidson,Miguel Castro,44.95926741,45.82654487,-34.73164269,-44.75012532,0.531626225,0.468373775,1521.862699,1536.10007,3,4
2021-05-18,2021,1841,0,,PHI,FLA,1502.534777,1491.740204,0.549906683,0.450093317,1505.126484,1489.148497,1506.307334,1472.939363,Zack Wheeler,Cody Poteet,58.47252811,48.36525517,29.51895874,-8.886337713,0.637089425,0.362910575,1507.758001,1471.488696,8,3
2021-05-18,2021,1842,0,,BAL,TBD,1474.770051,1544.565679,0.434473839,0.565526161,1471.774949,1547.560781,1442.639683,1537.64799,Matt Harvey,Luis Patino,44.98605345,48.26993552,-15.73974409,-18.63856408,0.407318847,0.592681153,1440.578896,1539.708776,6,13
2021-05-18,2021,1843,0,,CIN,SFG,1496.235493,1519.212569,0.501472103,0.498527897,1494.404809,1521.043253,1497.679284,1498.39861,Luis Castillo,Anthony DeSclafani,50.5341621,52.55258707,-2.176411285,6.155284404,0.521500043,0.478499957,1496.237557,1499.840338,2,4
2021-05-17,2021,1844,0,,SEA,DET,1489.738866,1435.655069,0.61051713,0.38948287,1486.829841,1438.564094,1475.496031,1436.586705,Yusei Kikuchi,Casey Mize,48.9985451,48.77141837,4.509058282,-0.696572845,0.602130414,0.397869586,1473.352539,1438.730197,1,4
2021-05-17,2021,1845,0,,SDP,COL,1531.423417,1470.649459,0.619634729,0.380365271,1533.991347,1468.081529,1563.015353,1445.090563,Yu Darvish,Jon Gray,61.10797446,55.4866963,35.54816862,17.06867409,0.719131688,0.280868312,1564.245458,1443.860458,7,0
2021-05-17,2021,1846,0,,LAD,ARI,1572.401189,1489.97616,0.648540897,0.351459103,1573.603203,1488.774146,1592.581828,1482.483297,Walker Buehler,Madison Bumgarner,57.0257127,52.47225596,3.937820581,11.01716834,0.677837656,0.322162344,1593.37548,1481.689645,3,1
2021-05-17,2021,1847,0,,ANA,CLE,1477.140398,1515.708843,0.479046601,0.520953399,1479.503803,1513.345439,1495.371035,1515.450476,Patrick Sandoval,Sam Hentges,45.77239336,48.40422386,-20.28502808,-18.7133091,0.501688127,0.498311873,1497.047966,1513.773546,7,4
2021-05-17,2021,1848,0,,TEX,NYY,1472.376155,1537.750915,0.440736816,0.559263184,1474.798484,1535.328585,1461.055688,1561.473167,Jordan Lyles,Gerrit Cole,45.33496429,67.2955895,-19.37431118,56.25879689,0.295858606,0.704141394,1463.542905,1558.98595,5,2
2021-05-17,2021,1849,0,,MIN,CHW,1495.520119,1527.007858,0.489225945,0.510774055,1490.651308,1531.876669,1512.407475,1531.555196,J.A. Happ,Dallas Keuchel,53.20817397,52.06562583,1.513757777,-11.50044452,0.528847616,0.471152384,1508.38283,1535.579841,4,16
2021-05-17,2021,1850,0,,CHC,WSN,1506.962147,1513.196489,0.525544578,0.474455422,1509.412131,1510.746504,1503.322806,1515.241979,Adbert Alzolay,Jon Lester,51.17807177,48.10379406,12.36244741,-19.36217775,0.564961263,0.435038737,1504.965126,1513.599658,7,3
2021-05-17,2021,1851,0,,ATL,NYM,1521.373796,1504.979272,0.557871867,0.442128133,1519.287744,1507.065324,1524.408519,1533.55425,Max Fried,Taijuan Walker,51.27144806,54.4748204,-4.495442387,-3.848426635,0.519883189,0.480116811,1522.974908,1534.987861,1,3
2021-05-17,2021,1852,0,,CIN,SFG,1498.507562,1516.9405,0.508010962,0.491989038,1496.235493,1519.212569,1499.760229,1496.317666,Sonny Gray,Logan Webb,56.58794278,47.73453047,25.82092603,-15.8600793,0.59648965,0.40351035,1497.679284,1498.39861,3,6
2021-05-16,2021,1853,0,,SDP,STL,1529.73526,1520.131195,0.548209899,0.451790101,1531.423417,1518.443039,1561.853895,1510.580824,Ryan Weathers,Kwang Hyun Kim,50.68740001,52.73892931,-13.8834879,7.518240601,0.576911714,0.423088286,1563.015353,1509.419367,5,3
2021-05-16,2021,1854,0,,SEA,CLE,1488.287637,1517.160072,0.492988461,0.507011539,1489.738866,1515.708843,1474.105903,1516.840604,Robert Dugger,Shane Bieber,43.60247054,61.70482304,-20.32035285,43.46485866,0.383428106,0.616571894,1475.496031,1515.450476,3,2
2021-05-16,2021,1855,0,,LAD,FLA,1574.492732,1489.648661,0.651708327,0.348291673,1572.401189,1491.740204,1594.145206,1471.375984,Jimmy Nelson,Pablo Lopez,50.40823446,52.69603913,-27.63459517,11.5003225,0.650125945,0.349874055,1592.581828,1472.939363,2,3
2021-05-16,2021,1856,0,,ARI,WSN,1492.20064,1510.972009,0.507524036,0.492475964,1489.97616,1513.196489,1484.23026,1513.495015,Luke Weaver,Erick Fedde,49.3898062,46.33928007,-2.827662101,-26.63046792,0.526653112,0.473346888,1482.483297,1515.241979,0,3
2021-05-16,2021,1857,0,,COL,CIN,1472.008434,1497.148587,0.498359193,0.501640807,1470.649459,1498.507562,1446.047893,1498.8029,Antonio Senzatela,Jeff Hoffman,49.81713496,47.05721086,-8.454133486,-19.3034376,0.474254413,0.525745587,1445.090563,1499.760229,6,7
2021-05-16,2021,1858,0,,MIN,OAK,1496.855653,1526.757032,0.491508049,0.508491951,1495.520119,1528.092566,1513.441087,1515.899701,Kenta Maeda,Chris Bassitt,54.0435683,55.96740907,4.641799854,23.4284671,0.503964275,0.496035725,1512.407475,1516.933313,6,7
2021-05-16,2021,1859,0,,MIL,ATL,1498.245021,1522.810224,0.499186609,0.500813391,1499.681449,1521.373796,1511.148172,1525.454247,Freddy Peralta,Huascar Ynoa,52.36432585,52.61307022,-1.374342854,0.740058413,0.510906082,0.489093918,1512.1939,1524.408519,10,9
2021-05-16,2021,1860,0,,HOU,TEX,1545.220895,1474.105837,0.633561479,0.366438521,1546.950577,1472.376155,1554.8435,1462.289716,Lance McCullers Jr.,Kyle Gibson,54.30610176,53.21173848,6.496116791,18.4200036,0.646181899,0.353818101,1556.077529,1461.055688,6,2
2021-05-16,2021,1861,0,,CHW,KCR,1526.041241,1468.44572,0.615313122,0.384686878,1527.007858,1467.479103,1530.757068,1466.671661,Dylan Cease,Brady Singer,50.64468035,52.61993958,-17.88638258,8.924042838,0.587278748,0.412721252,1531.555196,1465.873533,4,3
2021-05-16,2021,1862,0,,TBD,NYM,1541.942284,1507.602667,0.583177185,0.416822815,1544.565679,1504.979272,1535.370952,1535.831288,Josh Fleming,Marcus Stroman,51.15925771,54.62997468,-4.089808289,-4.228721693,0.534023552,0.465976448,1537.64799,1533.55425,7,1
2021-05-16,2021,1863,0,,DET,CHC,1437.787174,1504.830042,0.438371306,0.561628694,1435.655069,1506.962147,1438.20087,1501.70864,Matthew Boyd,Kyle Hendricks,51.81791887,51.5210007,13.67660515,14.98992263,0.441522569,0.558477431,1436.586705,1503.322806,1,5
2021-05-16,2021,1864,0,,BOS,ANA,1519.645524,1475.438996,0.596915259,0.403084741,1517.944122,1477.140398,1516.572887,1494.102256,Nathan Eovaldi,Jose Quintana,53.65786799,46.28250254,2.164392726,-17.6309299,0.594224585,0.405775415,1515.304108,1495.371035,5,6
2021-05-16,2021,1865,0,,TOR,PHI,1520.132436,1504.063358,0.557409736,0.442590264,1521.661016,1502.534777,1531.883558,1507.315181,Robbie Ray,Chase Anderson,49.92653933,49.16973132,4.191983593,-16.33361324,0.598143801,0.401856199,1532.891404,1506.307334,10,8
2021-05-16,2021,1866,0,,PIT,SFG,1460.843115,1514.915493,0.456830123,0.543169877,1458.818108,1516.9405,1438.006484,1494.911397,Mitch Keller,Alex Wood,45.06734571,50.8711861,-16.37968646,-0.82203198,0.430705585,0.569294415,1436.600216,1496.317666,1,4
2021-05-16,2021,1867,0,,BAL,NYY,1471.777396,1540.743571,0.435647381,0.564352619,1474.770051,1537.750915,1440.010018,1564.102832,Adam Plutko,Jordan Montgomery,46.76966136,53.50604583,-8.481588496,-9.566277982,0.361251458,0.638748542,1442.639683,1561.473167,10,6
2021-05-15,2021,1868,0,,SEA,CLE,1485.550568,1519.897142,0.485114483,0.514885517,1488.287637,1517.160072,1472.118371,1518.828136,Justus Sheffield,Triston McKenzie,49.32177163,49.54625992,6.78954012,-14.71705867,0.498268511,0.501731489,1474.105903,1516.840604,7,3
2021-05-15,2021,1869,0,,LAD,FLA,1572.165814,1491.975579,0.645603044,0.354396956,1574.492732,1489.648661,1593.091677,1472.429513,Trevor Bauer,Jordan Holloway,61.29629648,46.57475215,24.64353498,-17.52615964,0.745639679,0.254360321,1594.145206,1471.375984,7,0
2021-05-15,2021,1870,0,,SDP,STL,1525.577989,1524.288466,0.536330409,0.463669591,1529.73526,1520.131195,1558.868695,1513.566025,Chris Paddack,Adam Wainwright,47.95188374,52.87363212,-26.96354105,6.300639141,0.551678347,0.448321653,1561.853895,1510.580824,13,3
2021-05-15,2021,1871,0,,COL,CIN,1473.380922,1495.776099,0.50230951,0.49769049,1472.008434,1497.148587,1446.862507,1497.988285,Jhoulys Chacin,Tyler Mahle,46.27531601,52.03321926,-24.93684198,4.682020003,0.419056341,0.580943659,1446.047893,1498.8029,5,6
2021-05-15,2021,1872,0,,ARI,WSN,1488.601218,1514.57143,0.497164667,0.502835333,1492.20064,1510.972009,1481.466687,1516.258589,Seth Frankoff,Joe Ross,47.4,49.29583964,-12.00278798,-14.20476309,0.48764062,0.51235938,1484.23026,1513.495015,11,4
2021-05-15,2021,1873,0,,TOR,PHI,1517.892721,1506.303072,0.551039229,0.448960771,1520.132436,1504.063358,1530.029099,1509.169639,Anthony Kay,Aaron Nola,46.55034427,57.65614587,-10.83637781,23.58710668,0.51501406,0.48498594,1531.883558,1507.315181,4,0
2021-05-15,2021,1874,0,,MIL,ATL,1500.935189,1520.120056,0.506929089,0.493070911,1498.245021,1522.810224,1513.030697,1523.571721,Brett Anderson,Ian Anderson,49.92069029,55.26397323,-13.90597649,13.62037761,0.479766471,0.520233529,1511.148172,1525.454247,1,5
2021-05-15,2021,1875,0,,HOU,TEX,1544.289594,1475.037138,0.631068702,0.368931298,1545.220895,1474.105837,1554.141149,1462.992067,Luis Garcia,Dane Dunning,51.36424055,52.79277258,-7.247473206,15.73026063,0.629618594,0.370381406,1554.8435,1462.289716,6,5
2021-05-15,2021,1876,0,,CHW,KCR,1529.438539,1465.048422,0.624528504,0.375471496,1526.041241,1468.44572,1533.274184,1464.154544,Carlos Rodon,Mike Minor,54.66847943,52.4730823,0.319545438,9.329828478,0.618732636,0.381267364,1530.757068,1466.671661,1,5
2021-05-15,2021,1877,0,,BAL,NYY,1474.578976,1537.941991,0.443593206,0.556406794,1471.777396,1540.743571,1441.667091,1562.445759,Jorge Lopez,Domingo German,45.64990324,51.01862951,-14.72488479,-20.77867945,0.372325243,0.627674757,1440.010018,1564.102832,2,8
2021-05-15,2021,1878,0,,PIT,SFG,1458.739858,1517.01875,0.450828157,0.549171843,1460.843115,1514.915493,1436.563496,1496.354386,Tyler Anderson,Johnny Cueto,52.19237018,48.70845461,16.77925681,-11.28341632,0.488880036,0.511119964,1438.006484,1494.911397,8,6
2021-05-15,2021,1879,0,,DET,CHC,1436.194915,1506.422301,0.433863259,0.566136741,1437.787174,1504.830042,1437.120115,1502.789395,Jose Urena,Trevor Williams,50.00822212,43.88527771,4.603819151,-21.53985998,0.477671724,0.522328276,1438.20087,1501.70864,9,8
2021-05-15,2021,1880,0,,BOS,ANA,1516.410135,1478.674385,0.587921493,0.412078507,1519.645524,1475.438996,1513.58873,1497.086413,Martin Perez,Dylan Bundy,49.62290077,52.96162785,-16.08261606,12.51362091,0.517127522,0.482872478,1516.572887,1494.102256,9,0
2021-05-15,2021,1881,0,,MIN,OAK,1495.448158,1528.164527,0.487458769,0.512541231,1496.855653,1526.757032,1512.509009,1516.831779,Jose Berrios,Cole Irvin,54.98352017,51.66346665,8.943134872,3.870987303,0.535557094,0.464442906,1513.441087,1515.899701,5,4
2021-05-15,2021,1882,0,,TBD,NYM,1538.989553,1510.555398,0.574891099,0.425108901,1541.942284,1507.602667,1533.055873,1538.146367,Shane McClanahan,Drew Smith,48.86706333,47.4,-15.2391256,-38.4747162,0.560355923,0.439644077,1535.370952,1535.831288,12,5
2021-05-14,2021,1883,0,,SEA,CLE,1482.760394,1522.687316,0.477095359,0.522904641,1485.550568,1519.897142,1469.739609,1521.206898,Chris Flexen,Aaron Civale,42.76578105,53.80472339,-23.71627488,4.747400594,0.420197056,0.579802944,1472.118371,1518.828136,7,3
2021-05-14,2021,1884,0,,SDP,STL,1524.212626,1525.653829,0.532419174,0.467580826,1525.577989,1524.288466,1558.154569,1514.28015,Joe Musgrove,Johan Oviedo,54.27963793,45.85438994,2.624052661,-27.71306249,0.641812736,0.358187264,1558.868695,1513.566025,5,4
2021-05-14,2021,1885,0,,LAD,FLA,1570.676691,1493.464701,0.641670746,0.358329254,1572.165814,1491.975579,1592.185799,1473.335391,Clayton Kershaw,Sandy Alcantara,58.09422261,54.56324321,9.167623172,18.10661898,0.689282474,0.310717526,1593.091677,1472.429513,9,6
2021-05-14,2021,1886,0,,ARI,WSN,1494.641869,1508.53078,0.51454692,0.48545308,1488.601218,1514.57143,1485.024967,1512.700309,Riley Smith,Max Scherzer,47.35613252,60.15909457,-14.11261841,37.77718795,0.426183597,0.573816403,1481.466687,1516.258589,2,17
2021-05-14,2021,1887,0,,COL,CIN,1471.316773,1497.840249,0.49636849,0.50363151,1473.380922,1495.776099,1445.226013,1499.62478,German Marquez,Wade Miley,54.53178532,51.77936646,13.84806956,1.945228081,0.47340734,0.52659266,1446.862507,1497.988285,9,6
2021-05-14,2021,1888,0,,MIN,OAK,1498.291862,1525.320824,0.495641084,0.504358916,1495.448158,1528.164527,1514.796862,1514.543927,Matt Shoemaker,Frankie Montas,49.98094834,49.24214114,-15.23629324,-6.870660076,0.524313862,0.475686138,1512.509009,1516.831779,1,6
2021-05-14,2021,1889,0,,MIL,ATL,1503.28628,1517.768966,0.513693091,0.486306909,1500.935189,1520.120056,1514.88502,1521.717398,Adrian Houser,Drew Smyly,49.09357197,47.44997438,-18.13861714,-22.57683332,0.534940013,0.465059987,1513.030697,1523.571721,3,6
2021-05-14,2021,1890,0,,HOU,TEX,1542.033677,1477.293055,0.625001513,0.374998487,1544.289594,1475.037138,1552.758515,1464.374702,Zack Greinke,Wes Benjamin,53.27903492,47.03649254,1.888282388,-11.88988779,0.673981109,0.326018891,1554.141149,1462.992067,10,4
2021-05-14,2021,1891,0,,CHW,KCR,1528.198735,1466.288227,0.621175506,0.378824494,1529.438539,1465.048422,1532.275862,1465.152867,Michael Kopech,Jakob Junis,48.07175833,48.32879812,-30.65742736,-10.82571101,0.601180332,0.398819668,1533.274184,1464.154544,3,1
2021-05-14,2021,1892,0,,TOR,PHI,1520.84679,1503.349003,0.559437739,0.440562261,1517.892721,1506.303072,1532.352996,1506.845742,Steven Matz,Vince Velasquez,46.53323843,48.67202301,-10.08239532,-18.19202106,0.581314553,0.418685447,1530.029099,1509.169639,1,5
2021-05-14,2021,1893,0,,TBD,NYM,1537.823897,1511.721054,0.571608091,0.428391909,1538.989553,1510.555398,1532.246863,1538.955376,Tyler Glasnow,David Peterson,56.46551072,49.5751602,21.38641553,-27.7992674,0.595664319,0.404335681,1533.055873,1538.146367,3,2
2021-05-14,2021,1894,0,,DET,CHC,1437.657314,1504.959901,0.438003252,0.561996748,1436.194915,1506.422301,1438.164455,1501.745055,Tarik Skubal,Jake Arrieta,45.60124186,48.00667161,-16.25678254,-2.153789932,0.422079929,0.577920071,1437.120115,1502.789395,2,4
2021-05-14,2021,1895,0,,BOS,ANA,1515.337801,1479.746719,0.584927292,0.415072708,1516.410135,1478.674385,1512.666312,1498.008831,Nick Pivetta,Griffin Canning,50.98853751,50.96637976,-9.02714787,3.589310718,0.539305986,0.460694014,1513.58873,1497.086413,4,3
2021-05-14,2021,1896,0,,BAL,NYY,1475.761584,1536.759382,0.446956239,0.553043761,1474.578976,1537.941991,1442.374208,1561.738642,Dean Kremer,Corey Kluber,48.56354474,54.23267925,-0.855314222,-6.091499893,0.377863243,0.622136757,1441.667091,1562.445759,4,5
2021-05-14,2021,1897,0,,PIT,SFG,1457.114667,1518.643941,0.446200114,0.553799886,1458.739858,1517.01875,1435.233858,1497.684024,Miguel Yajure,Kevin Gausman,46.52069098,54.78427407,-8.822101448,18.6741423,0.406219022,0.593780978,1436.563496,1496.354386,3,2
2021-05-14,2021,1898,0,,CHW,KCR,1531.638596,1462.848365,0.630449,0.369551,1528.198735,1466.288227,1534.995558,1462.433171,Lucas Giolito,Brad Keller,57.09549849,50.13383603,11.15904879,-2.003947607,0.655361042,0.344638958,1532.275862,1465.152867,2,6
2021-05-13,2021,1899,0,,SEA,CLE,1484.544277,1520.903432,0.482221245,0.517778755,1482.760394,1522.687316,1470.923806,1520.022702,Logan Gilbert,Zach Plesac,47.4,56.13646622,-2.463483313,16.1521103,0.438649208,0.561350792,1469.739609,1521.206898,2,4
2021-05-13,2021,1900,0,,ARI,FLA,1497.487189,1490.619381,0.544305832,0.455694168,1494.641869,1493.464701,1487.14441,1471.215948,Merrill Kelly,Trevor Rogers,50.6580642,53.22156758,1.434341033,12.59440813,0.54130669,0.45869331,1485.024967,1473.335391,1,5
2021-05-13,2021,1901,0,,COL,CIN,1468.439788,1500.717233,0.488090052,0.511909948,1471.316773,1497.840249,1442.685828,1502.164965,Chi Chi Gonzalez,Luis Castillo,46.13339195,52.18528337,-24.37613465,2.324225796,0.416208236,0.583791764,1445.226013,1499.62478,13,8
2021-05-13,2021,1902,0,,HOU,TEX,1541.071492,1478.25524,0.62240164,0.37759836,1542.033677,1477.293055,1552.122228,1465.010989,Cristian Javier,Mike Foltynewicz,53.98657222,51.11770866,5.400056339,7.000255571,0.654350443,0.345649557,1552.758515,1464.374702,4,3
2021-05-13,2021,1903,0,,TBD,NYY,1534.128021,1540.455258,0.525411237,0.474588763,1537.823897,1536.759382,1529.355286,1564.630219,Rich Hill,Jameson Taillon,53.58287745,53.77851483,8.922533781,-8.820752112,0.509307633,0.490692367,1532.246863,1561.738642,9,1
2021-05-13,2021,1904,0,,BOS,OAK,1511.88375,1528.774875,0.510229067,0.489770933,1515.337801,1525.320824,1509.941458,1517.268781,Garrett Richards,Sean Manaea,50.65750565,53.97859889,-10.03959498,13.52742605,0.490079544,0.509920456,1512.666312,1514.543927,8,1
2021-05-13,2021,1905,0,,PIT,SFG,1458.755355,1517.003253,0.450872329,0.549127671,1457.114667,1518.643941,1436.36179,1496.556091,Wil Crowe,Anthony DeSclafani,45.13918999,51.67129306,-15.29490121,4.920755452,0.422008643,0.577991357,1435.233858,1497.684024,1,3
2021-05-13,2021,1906,0,,CHW,MIN,1530.200889,1499.729569,0.577754497,0.422245503,1531.638596,1498.291862,1533.937398,1515.855022,Lance Lynn,Michael Pineda,60.28709363,55.42455355,26.80848163,10.20682173,0.583659047,0.416340953,1534.995558,1514.796862,4,2
2021-05-13,2021,1907,0,,MIL,STL,1505.196826,1523.743283,0.507847636,0.492152364,1503.28628,1525.653829,1516.415989,1512.749181,Corbin Burnes,Jack Flaherty,58.84125913,58.21954754,28.24224363,31.10826888,0.535630697,0.464369303,1514.88502,1514.28015,0,2
2021-05-13,2021,1908,0,,DET,KCR,1436.273236,1464.232444,0.494302489,0.505697511,1437.657314,1462.848365,1437.289026,1463.308601,Spencer Turnbull,Daniel Lynch,51.17528781,44.03014603,10.70427842,-31.44839011,0.557500646,0.442499354,1438.164455,1462.433171,4,3
2021-05-13,2021,1909,0,,WSN,PHI,1506.130572,1505.749211,0.535030116,0.464969884,1508.53078,1503.349003,1510.796063,1508.749988,Patrick Corbin,Zach Eflin,48.51461947,52.73674622,-15.83970077,0.448156726,0.514039513,0.485960487,1512.700309,1506.845742,5,1
2021-05-13,2021,1910,0,,ATL,TOR,1520.617089,1517.998667,0.538232213,0.461767787,1517.768966,1520.84679,1523.924302,1530.146092,Charlie Morton,Ross Stripling,54.13029238,46.34900041,8.44007913,-10.46685945,0.552598845,0.447401155,1521.717398,1532.352996,4,8
2021-05-12,2021,1911,0,,LAD,SEA,1568.569901,1486.651067,0.647876431,0.352123569,1570.676691,1484.544277,1590.728591,1472.381013,Julio Urias,Justin Dunn,52.71657599,49.29526047,-15.37062774,6.348626437,0.666943336,0.333056664,1592.185799,1470.923806,7,1
2021-05-12,2021,1912,0,,ARI,FLA,1499.0188,1489.08777,0.548676022,0.451323978,1497.487189,1490.619381,1488.324326,1470.036031,Matt Peacock,Cody Poteet,47.4,47.4,-14.28321936,-14.36621774,0.560676678,0.439323322,1487.14441,1471.215948,2,3
2021-05-12,2021,1913,0,,HOU,ANA,1538.262166,1482.556045,0.612735471,0.387264529,1541.071492,1479.746719,1549.868344,1500.262716,Jose Urquidy,Andrew Heaney,53.81403192,53.19427022,5.150581638,13.23101946,0.593195986,0.406804014,1552.122228,1498.008831,9,1
2021-05-12,2021,1914,0,,CHW,MIN,1527.799215,1502.131243,0.570994987,0.429005013,1530.200889,1499.729569,1531.91648,1517.87594,Dallas Keuchel,J.A. Happ,52.8986189,55.22597231,-8.788245534,7.451272164,0.531333081,0.468666919,1533.937398,1515.855022,13,8
2021-05-12,2021,1915,0,,MIL,STL,1502.931339,1526.00877,0.50132768,0.49867232,1505.196826,1523.743283,1515.161762,1514.003408,Brandon Woodruff,John Gant,61.07502446,49.69951892,39.94308433,-8.672115284,0.604601325,0.395398675,1516.415989,1512.749181,4,1
2021-05-12,2021,1916,0,,ATL,TOR,1523.094767,1515.520989,0.545313645,0.454686355,1520.617089,1517.998667,1525.463444,1528.60695,Max Fried,Hyun Jin Ryu,50.58292096,55.77281489,-7.661970784,34.64999569,0.469162283,0.530837717,1523.924302,1530.146092,1,4
2021-05-12,2021,1917,0,,TBD,NYY,1535.656481,1538.926798,0.529797063,0.470202937,1534.128021,1540.455258,1530.184321,1563.801184,Collin McHugh,Gerrit Cole,51.4802404,66.34854476,-0.718879137,51.66526327,0.411708625,0.588291375,1529.355286,1564.630219,0,1
2021-05-12,2021,1918,0,,DET,KCR,1434.493552,1466.012127,0.489181589,0.510818411,1436.273236,1464.232444,1435.865273,1464.732353,Casey Mize,Danny Duffy,47.7763343,54.34476174,-4.662664397,16.97546168,0.461929767,0.538070233,1437.289026,1463.308601,4,2
2021-05-12,2021,1919,0,,BOS,OAK,1514.120828,1526.537797,0.516663149,0.483336851,1511.88375,1528.774875,1511.867907,1515.342331,Eduardo Rodriguez,James Kaprielian,56.39761777,47.4,16.96515706,-16.82496545,0.577535939,0.422464061,1509.941458,1517.268781,1,4
2021-05-12,2021,1920,0,,WSN,PHI,1508.629643,1503.25014,0.542180015,0.457819985,1506.130572,1505.749211,1512.377342,1507.168709,Jon Lester,Zack Wheeler,47.57630787,58.50558729,-19.95346292,27.80872132,0.473324647,0.526675353,1510.796063,1508.749988,2,5
2021-05-12,2021,1921,0,,COL,SDP,1466.903674,1525.748741,0.450021376,0.549978624,1468.439788,1524.212626,1441.281033,1559.559364,Austin Gomber,Blake Snell,49.34266392,53.59886304,-8.29562206,-0.723074929,0.357484075,0.642515925,1442.685828,1558.154569,3,2
2021-05-12,2021,1922,0,,COL,SDP,1468.341031,1524.311383,0.454120385,0.545879615,1466.903674,1525.748741,1442.033983,1558.806413,Jon Gray,Yu Darvish,55.09586014,61.02385847,19.3048345,34.59946728,0.349307622,0.650692378,1441.281033,1559.559364,3,5
2021-05-12,2021,1923,0,,CLE,CHC,1519.723698,1506.139635,0.55387782,0.44612218,1520.903432,1504.959901,1519.053815,1502.713942,Sam Hentges,Zach Davies,47.4,48.576615,-24.58878652,0.976040783,0.521250192,0.478749808,1520.022702,1501.745055,2,1
2021-05-12,2021,1924,0,,PIT,CIN,1461.274755,1498.197833,0.481410769,0.518589231,1458.755355,1500.717233,1437.844215,1500.68254,Trevor Cahill,Sonny Gray,46.79708973,56.89679064,-7.02970553,24.42221515,0.40020208,0.59979792,1436.36179,1502.164965,1,5
2021-05-12,2021,1925,0,,NYM,BAL,1509.065506,1478.417132,0.578003115,0.421996885,1511.721054,1475.761584,1537.571722,1443.757862,Taijuan Walker,Matt Harvey,54.07237024,45.77748814,-6.34755257,-14.84215035,0.674166353,0.325833647,1538.955376,1442.374208,7,1
2021-05-11,2021,1926,0,,LAD,SEA,1567.348787,1487.872182,0.644662577,0.355337423,1568.569901,1486.651067,1590.014894,1473.09471,Walker Buehler,Yusei Kikuchi,57.46976408,48.44866267,6.61812929,2.915662899,0.699766218,0.300233782,1590.728591,1472.381013,6,4
2021-05-11,2021,1927,0,,ARI,FLA,1495.511438,1492.595132,0.538658368,0.461341632,1499.0188,1489.08777,1485.685496,1472.674862,Madison Bumgarner,Pablo Lopez,51.12608902,53.9584691,4.540197938,15.4261645,0.537525722,0.462474278,1488.324326,1470.036031,11,3
2021-05-11,2021,1928,0,,COL,SDP,1471.483449,1521.168966,0.463102765,0.536897235,1468.341031,1524.311383,1443.694144,1557.146252,Antonio Senzatela,Dinelson Lamet,49.91949005,55.20513813,-5.172039092,7.302390557,0.357610308,0.642389692,1442.033983,1558.806413,1,8
2021-05-11,2021,1929,0,,HOU,ANA,1536.358558,1484.459652,0.607522315,0.392477685,1538.262166,1482.556045,1548.415496,1501.715564,Lance McCullers Jr.,Shohei Ohtani,53.14753281,50.48599355,3.138475403,1.593030616,0.602496429,0.397503571,1549.868344,1500.262716,5,1
2021-05-11,2021,1930,0,,CHW,MIN,1525.057273,1504.873185,0.56324543,0.43675457,1527.799215,1502.131243,1529.541935,1520.250485,Dylan Cease,Kenta Maeda,50.5644657,54.24159135,-19.88218566,2.665191897,0.51160307,0.48839693,1531.91648,1517.87594,9,3
2021-05-11,2021,1931,0,,MIL,STL,1506.001883,1522.938225,0.51016402,0.48983598,1502.931339,1526.00877,1517.5563,1511.60887,Freddy Peralta,Kwang Hyun Kim,50.67716483,52.07672558,-7.415075329,2.934709567,0.526421622,0.473578378,1515.161762,1514.003408,1,6
2021-05-11,2021,1932,0,,ATL,TOR,1525.149835,1513.465921,0.551173469,0.448826531,1523.094767,1515.520989,1526.786624,1527.28377,Bryse Wilson,Robbie Ray,46.064058,49.63719074,-28.70496018,6.146009987,0.487634326,0.512365674,1525.463444,1528.60695,3,5
2021-05-11,2021,1933,0,,NYM,BAL,1507.928113,1479.554525,0.574805891,0.425194109,1509.065506,1478.417132,1536.773398,1444.556187,Marcus Stroman,John Means,54.23218378,58.993337,-5.275258094,47.96515911,0.59527615,0.40472385,1537.571722,1443.757862,3,2
2021-05-11,2021,1934,0,,DET,KCR,1433.078019,1467.42766,0.485110073,0.514889927,1434.493552,1466.012127,1434.828669,1465.768957,Matthew Boyd,Brady Singer,51.0282226,53.6907149,11.47830819,13.07599916,0.494869604,0.505130396,1435.865273,1464.732353,8,7
2021-05-11,2021,1935,0,,BOS,OAK,1515.556564,1525.102061,0.520789708,0.479210292,1514.120828,1526.537797,1512.905946,1514.304292,Nathan Eovaldi,Chris Bassitt,52.82794834,54.84978775,0.977611361,19.43394041,0.505689847,0.494310153,1511.867907,1515.342331,2,3
2021-05-11,2021,1936,0,,WSN,PHI,1511.596531,1500.283253,0.550645612,0.449354388,1508.629643,1503.25014,1514.5377,1505.008351,Erick Fedde,Chase Anderson,46.38387826,48.74031435,-25.85838826,-17.86303994,0.537654454,0.462345546,1512.377342,1507.168709,2,6
2021-05-11,2021,1937,0,,TBD,NYY,1537.686656,1536.896622,0.535615308,0.464384692,1535.656481,1538.926798,1531.515965,1562.46954,Luis Patino,Jordan Montgomery,48.0508264,52.72288076,-16.88237107,-11.75674989,0.481168342,0.518831658,1530.184321,1563.801184,1,3
2021-05-11,2021,1938,0,,PIT,CIN,1458.073438,1501.39915,0.472216714,0.527783286,1461.274755,1498.197833,1435.535769,1502.990986,JT Brubaker,Jeff Hoffman,51.08584696,47.08059168,13.6058068,-21.95545247,0.488641637,0.511358363,1437.844215,1500.68254,7,2
2021-05-11,2021,1939,0,,CLE,CHC,1518.532276,1507.331057,0.550485994,0.449514006,1519.723698,1506.139635,1518.307077,1503.46068,Shane Bieber,Adbert Alzolay,62.19463513,51.01974469,44.93492448,12.67479472,0.606980939,0.393019061,1519.053815,1502.713942,3,2
2021-05-11,2021,1940,0,,SFG,TEX,1515.528612,1479.72988,0.585217472,0.414782528,1517.003253,1478.25524,1495.449314,1466.117766,Logan Webb,Jordan Lyles,47.13269078,44.82664855,-16.0049959,-22.31304054,0.584995088,0.415004912,1496.556091,1465.010989,4,2
2021-05-10,2021,1941,0,,SFG,TEX,1514.033998,1481.224495,0.581034557,0.418965443,1515.528612,1479.72988,1494.231609,1467.335471,Alex Wood,Kyle Gibson,50.19129277,52.82390618,-1.00047153,15.79659866,0.55393102,0.44606898,1495.449314,1466.117766,3,1
2021-05-10,2021,1942,0,,ARI,FLA,1493.508574,1494.597996,0.532923266,0.467076734,1495.511438,1492.595132,1484.295404,1474.064954,Luke Weaver,Jordan Holloway,48.19014083,47.4,-8.213205138,-16.02432328,0.560052721,0.439947279,1485.685496,1472.674862,5,2
2021-05-10,2021,1943,0,,HOU,ANA,1538.154557,1482.663653,0.612441454,0.387558546,1536.358558,1484.459652,1549.818326,1500.312733,Luis Garcia,Junior Guerra,51.64742987,45.83252515,-4.112855756,-20.94195309,0.631752052,0.368247948,1548.415496,1501.715564,4,5
2021-05-10,2021,1944,0,,BAL,BOS,1477.22347,1517.887618,0.476036736,0.523963264,1479.554525,1515.556564,1442.594468,1514.867665,Jorge Lopez,Martin Perez,44.31668579,49.22243753,-19.96149211,-15.74934749,0.425036892,0.574963108,1444.556187,1512.905946,4,1
2021-05-10,2021,1945,0,,PIT,CIN,1463.266027,1496.206561,0.487136378,0.512863622,1458.073438,1501.39915,1438.823849,1499.702906,Mitch Keller,Tyler Mahle,46.38358309,51.94871045,-9.830400555,1.014286918,0.42737098,0.57262902,1435.535769,1502.990986,1,14
2021-05-09,2021,1946,0,,ATL,PHI,1522.665444,1502.767643,0.562839981,0.437160019,1525.149835,1500.283253,1524.658977,1507.135999,Huascar Ynoa,Aaron Nola,51.67304451,58.88964069,-1.830857654,28.96899871,0.515426915,0.484573085,1526.786624,1505.008351,6,1
2021-05-09,2021,1947,0,,OAK,TBD,1526.5672,1536.221518,0.520633372,0.479366628,1525.102061,1537.686656,1515.458628,1530.36163,Cole Irvin,Shane McClanahan,52.23190244,48.88729414,6.878062298,-13.09331605,0.54173542,0.45826458,1514.304292,1531.515965,3,4
2021-05-09,2021,1948,0,,ANA,LAD,1480.93928,1569.07316,0.408738141,0.591261859,1482.663653,1567.348787,1498.823671,1591.503957,Jose Quintana,Trevor Bauer,45.74074426,61.03759236,-21.07481867,23.868792,0.342072571,0.657927429,1500.312733,1590.014894,2,1
2021-05-09,2021,1949,0,,SFG,SDP,1519.019244,1516.18372,0.538542807,0.461457193,1514.033998,1521.168966,1497.564091,1553.81377,Johnny Cueto,Chris Paddack,50.23289662,47.62728271,-2.260514059,-28.29131814,0.491051276,0.508948724,1494.231609,1557.146252,1,11
2021-05-09,2021,1950,0,,TEX,SEA,1477.53656,1491.560117,0.514353312,0.485646688,1481.224495,1487.872182,1464.624703,1475.805478,Dane Dunning,Justus Sheffield,52.33528977,50.47596083,13.9622494,11.47376406,0.522015322,0.477984678,1467.335471,1473.09471,10,2
2021-05-09,2021,1951,0,,CHC,PIT,1509.092709,1461.504376,0.60159025,0.39840975,1507.331057,1463.266027,1504.880668,1437.403861,Kyle Hendricks,Tyler Anderson,52.4549693,51.07356084,18.72971709,13.39815724,0.635821505,0.364178495,1503.46068,1438.823849,5,6
2021-05-09,2021,1952,0,,STL,COL,1521.581265,1472.840409,0.603179316,0.396820684,1522.938225,1471.483449,1510.603618,1444.699396,Adam Wainwright,German Marquez,51.75755396,54.6422248,2.508804466,17.09192033,0.606728964,0.393271036,1511.60887,1443.694144,2,0
2021-05-09,2021,1953,0,,KCR,CHW,1470.328431,1522.156502,0.460037606,0.539962394,1467.42766,1525.057273,1467.846381,1527.464511,Mike Minor,Lucas Giolito,52.48971405,57.11143958,7.490566981,10.98344136,0.443951293,0.556048707,1465.768957,1529.541935,3,9
2021-05-09,2021,1954,0,,HOU,TOR,1536.276481,1515.343998,0.564304935,0.435695065,1538.154557,1513.465921,1548.548334,1528.553762,Zack Greinke,Nate Pearson,54.23241733,44.90174263,7.212531162,-16.88579278,0.596757861,0.403242139,1549.818326,1527.28377,7,4
2021-05-09,2021,1955,0,,NYM,ARI,1506.317034,1495.119654,0.550480527,0.449519473,1507.928113,1493.508574,1536.059166,1485.009636,Jacob deGrom,Riley Smith,66.32077861,47.25379886,51.90821207,-12.68312751,0.690794753,0.309205247,1536.773398,1484.295404,4,2
2021-05-09,2021,1956,0,,FLA,MIL,1496.122377,1504.477503,0.522499578,0.477500422,1494.597996,1506.001883,1475.191844,1516.42941,Sandy Alcantara,Brett Anderson,54.27226951,49.68782261,16.71601887,-11.96574559,0.516463571,0.483536429,1474.064954,1517.5563,1,2
2021-05-09,2021,1957,0,,NYY,WSN,1535.763143,1512.73001,0.567275664,0.432724336,1536.896622,1511.596531,1561.671404,1515.335835,Domingo German,Joe Ross,50.408859,49.05238958,-22.28229077,-13.2197394,0.587276009,0.412723991,1562.46954,1514.5377,3,2
2021-05-09,2021,1958,0,,BAL,BOS,1478.518772,1516.592317,0.479757611,0.520242389,1477.22347,1517.887618,1443.472075,1513.990058,Dean Kremer,Nick Pivetta,48.25219813,50.78968109,-1.302004659,-8.279169404,0.443340597,0.556659403,1442.594468,1514.867665,3,4
2021-05-08,2021,1959,0,,ANA,LAD,1482.69557,1567.31687,0.413633609,0.586366391,1480.93928,1569.07316,1500.158432,1590.169195,Dylan Bundy,Clayton Kershaw,53.77848926,57.47278013,16.09568999,7.776091392,0.417730469,0.582269531,1498.823671,1591.503957,11,14
2021-05-08,2021,1960,0,,ATL,PHI,1521.497285,1503.935803,0.559528106,0.440471894,1522.665444,1502.767643,1523.916579,1507.878396,Ian Anderson,Vince Velasquez,55.59709089,48.05980407,16.51111043,-21.57146221,0.610567718,0.389432282,1524.658977,1507.135999,8,7
2021-05-08,2021,1961,0,,NYM,ARI,1504.684278,1496.75241,0.545824699,0.454175301,1506.317034,1495.119654,1534.833445,1486.235357,Tommy Hunter,Merrill Kelly,47.4,50.80137917,-37.00329712,3.894731197,0.54549388,0.45450612,1536.059166,1485.009636,4,2
2021-05-08,2021,1962,0,,KCR,CHW,1473.899739,1518.585194,0.470266362,0.529733638,1470.328431,1522.156502,1469.959024,1525.351868,Daniel Lynch,Lance Lynn,47.28451985,59.98932491,-18.99930563,25.03980302,0.393118794,0.606881206,1467.846381,1527.464511,1,9
2021-05-08,2021,1963,0,,HOU,TOR,1539.372923,1512.247556,0.573048828,0.426951172,1536.276481,1515.343998,1550.990443,1526.111653,Cristian Javier,Steven Matz,54.91591921,46.5643842,9.824364706,-9.192580195,0.596484721,0.403515279,1548.548334,1528.553762,4,8
2021-05-08,2021,1964,0,,TEX,SEA,1476.208007,1492.88867,0.510531816,0.489468184,1477.53656,1491.560117,1463.65618,1476.774001,Kohei Arihara,Erik Swanson,46.32441183,43.98197293,-15.06554092,-19.05683684,0.521391584,0.478608416,1464.624703,1475.805478,9,8
2021-05-08,2021,1965,0,,BAL,BOS,1481.358578,1513.752511,0.487922509,0.512077491,1478.518772,1516.592317,1445.348439,1512.113694,Zac Lowther,Garrett Richards,47.4,50.67785596,-6.580725563,-8.913006897,0.442073542,0.557926458,1443.472075,1513.990058,6,11
2021-05-08,2021,1966,0,,FLA,MIL,1498.978131,1501.621748,0.530695656,0.469304344,1496.122377,1504.477503,1477.070118,1514.551136,Daniel Castano,Adrian Houser,46.76814409,48.46872774,-19.18185903,-17.28094738,0.477878075,0.522121925,1475.191844,1516.42941,2,6
2021-05-08,2021,1967,0,,CLE,CIN,1515.478314,1499.260522,0.557620921,0.442379079,1518.532276,1496.206561,1515.967071,1502.042912,Aaron Civale,Luis Castillo,53.07206994,53.10164736,2.775315483,5.627988107,0.550301192,0.449698808,1518.307077,1499.702906,9,2
2021-05-08,2021,1968,0,,DET,MIN,1430.064139,1507.887066,0.423156314,0.576843686,1433.078019,1504.873185,1432.481333,1522.597821,Jose Urena,Jose Berrios,50.56224253,55.76083425,8.855982482,9.16662454,0.405551721,0.594448279,1434.828669,1520.250485,7,3
2021-05-08,2021,1969,0,,OAK,TBD,1524.408288,1538.38043,0.514427242,0.485572758,1526.5672,1536.221518,1513.624381,1532.195876,Frankie Montas,Tyler Glasnow,49.12647388,56.58468048,-7.685580504,23.20442443,0.463423411,0.536576589,1515.458628,1530.36163,6,3
2021-05-08,2021,1970,0,,SFG,SDP,1515.936518,1519.266446,0.529711579,0.470288421,1519.019244,1516.18372,1494.822532,1556.555329,Kevin Gausman,Joe Musgrove,54.06605308,55.03005932,16.59641314,5.854884675,0.461234397,0.538765603,1497.564091,1553.81377,7,1
2021-05-08,2021,1971,0,,CHC,PIT,1508.042368,1462.554717,0.598688398,0.401311602,1509.092709,1461.504376,1504.166003,1438.118526,Trevor Williams,Wil Crowe,43.76146094,43.4622597,-22.23574188,-21.64562569,0.625968015,0.374031985,1504.880668,1437.403861,3,2
2021-05-08,2021,1972,0,,STL,COL,1520.543098,1473.878576,0.600314976,0.399685024,1521.581265,1472.840409,1509.927487,1445.375528,Carlos Martinez,Chi Chi Gonzalez,49.71488342,47.34169556,-8.056682298,-18.5417904,0.638786984,0.361213016,1510.603618,1444.699396,9,8
2021-05-08,2021,1973,0,,NYY,WSN,1534.618473,1513.87468,0.564037862,0.435962138,1535.763143,1512.73001,1560.755011,1516.252229,Corey Kluber,Max Scherzer,54.05072748,58.86337511,-5.044923497,34.45441302,0.541642627,0.458357373,1561.671404,1515.335835,4,3
2021-05-07,2021,1974,0,,SFG,SDP,1514.591151,1520.611814,0.525851274,0.474148726,1515.936518,1519.266446,1493.602086,1557.775775,Anthony DeSclafani,Blake Snell,51.78922661,54.18554384,5.842900212,1.347658561,0.447900673,0.552099327,1494.822532,1556.555329,5,4
2021-05-07,2021,1975,0,,OAK,TBD,1523.052,1539.736717,0.510525983,0.489474017,1524.408288,1538.38043,1512.616628,1533.20363,Sean Manaea,Rich Hill,52.62427837,52.72546121,10.12844635,5.931378917,0.514136266,0.485863734,1513.624381,1532.195876,2,1
2021-05-07,2021,1976,0,,ANA,LAD,1478.156669,1571.855771,0.401019189,0.598980811,1482.69557,1567.31687,1496.867115,1593.460513,Griffin Canning,Julio Urias,50.59349745,53.60750684,1.491654424,-11.34158394,0.416829076,0.583170924,1500.158432,1590.169195,9,2
2021-05-07,2021,1977,0,,STL,COL,1518.283557,1476.138117,0.594057299,0.405942701,1520.543098,1473.878576,1508.667334,1446.63568,Jack Flaherty,Austin Gomber,57.43763256,49.75345476,29.26791796,-7.66935914,0.67065993,0.32934007,1509.927487,1445.375528,5,0
2021-05-07,2021,1978,0,,KCR,CHW,1475.921622,1516.563311,0.476068983,0.523931017,1473.899739,1518.585194,1471.387021,1523.923871,Brad Keller,Carlos Rodon,49.75760857,53.72216327,-7.093065486,-3.561938855,0.454292394,0.545707606,1469.959024,1525.351868,0,3
2021-05-07,2021,1979,0,,HOU,TOR,1536.614937,1515.005541,0.565262737,0.434737263,1539.372923,1512.247556,1549.028399,1528.073697,Jose Urquidy,Ross Stripling,53.6669677,46.85129917,4.133871684,-8.400243118,0.582213055,0.417786945,1550.990443,1526.111653,10,4
2021-05-07,2021,1980,0,,TEX,SEA,1477.62255,1491.474127,0.514600603,0.485399397,1476.208007,1492.88867,1464.841323,1475.588858,Mike Foltynewicz,Chris Flexen,51.09759404,42.86111944,7.461942622,-24.64749861,0.56267798,0.43732202,1463.65618,1476.774001,4,5
2021-05-07,2021,1981,0,,ATL,PHI,1526.853872,1498.579216,0.574666696,0.425333304,1521.497285,1503.935803,1528.122348,1503.672628,Charlie Morton,Zach Eflin,56.10591095,52.17383726,17.21765986,-1.723607847,0.596030211,0.403969789,1523.916579,1507.878396,2,12
2021-05-07,2021,1982,0,,NYM,ARI,1503.431487,1498.005201,0.54224686,0.45775314,1504.684278,1496.75241,1533.838269,1487.230533,David Peterson,Zac Gallen,50.61931318,56.988542,-22.83702326,33.23588533,0.521224427,0.478775573,1534.833445,1486.235357,5,4
2021-05-07,2021,1983,0,,FLA,MIL,1496.146912,1504.452967,0.522570054,0.477429946,1498.978131,1501.621748,1474.865928,1516.755326,Trevor Rogers,Brent Suter,52.93008219,50.07249685,10.0717651,-10.44792015,0.50826946,0.49173054,1477.070118,1514.551136,6,1
2021-05-07,2021,1984,0,,DET,MIN,1432.136276,1505.814928,0.428989951,0.571010049,1430.064139,1507.887066,1433.960932,1521.118222,Tarik Skubal,Matt Shoemaker,44.88270489,49.46411279,-17.60867636,-20.14357665,0.413490619,0.586509381,1432.481333,1522.597821,3,7
2021-05-07,2021,1985,0,,CLE,CIN,1518.014965,1496.723872,0.564812413,0.435187587,1515.478314,1499.260522,1517.951901,1500.058083,Zach Plesac,Wade Miley,54.58931012,49.57496649,11.4754253,-8.96492526,0.58433419,0.41566581,1515.967071,1502.042912,0,3
2021-05-07,2021,1986,0,,NYY,WSN,1538.883082,1509.610071,0.576070799,0.423929201,1534.618473,1513.87468,1564.263606,1512.743633,Jameson Taillon,Patrick Corbin,53.51710463,48.39678941,-7.381035639,-14.77553489,0.619619753,0.380380247,1560.755011,1516.252229,4,11
2021-05-07,2021,1987,0,,BAL,BOS,1483.902689,1511.208399,0.495242844,0.504757156,1481.358578,1513.752511,1446.770778,1510.691355,Matt Harvey,Eduardo Rodriguez,45.75700193,56.77318872,-14.42783785,19.57779836,0.395724093,0.604275907,1445.348439,1512.113694,2,6
2021-05-07,2021,1988,0,,CHC,PIT,1506.981552,1463.615533,0.595750568,0.404249432,1508.042368,1462.554717,1503.470564,1438.813965,Zach Davies,Trevor Cahill,47.61433957,46.89226476,-3.255225647,-5.670774181,0.633135576,0.366864424,1504.166003,1438.118526,3,2
2021-05-06,2021,1989,0,,ANA,TBD,1480.780158,1537.113228,0.453602837,0.546397163,1478.156669,1539.736717,1499.122918,1530.947827,Andrew Heaney,Collin McHugh,51.99059858,50.90827441,9.282304111,-2.092677818,0.505108788,0.494891212,1496.867115,1533.20363,3,8
2021-05-06,2021,1990,0,,FLA,ARI,1494.391298,1499.760815,0.526785753,0.473214247,1496.146912,1498.005201,1473.555896,1488.540565,Pablo Lopez,Madison Bumgarner,53.55068504,50.29408081,13.50698536,2.579803491,0.528668107,0.471331893,1474.865928,1487.230533,3,1
2021-05-06,2021,1991,0,,WSN,ATL,1511.076716,1525.387226,0.513940683,0.486059317,1509.610071,1526.853872,1513.87084,1526.995141,Jon Lester,Drew Smyly,47.18312364,46.78466483,-20.31330386,-26.22909689,0.524146104,0.475853896,1512.743633,1528.122348,2,3
2021-05-06,2021,1992,0,,OAK,TOR,1526.822678,1511.234863,0.556726166,0.443273834,1523.052,1515.005541,1514.826311,1525.864013,Mike Fiers,Hyun Jin Ryu,49.37208538,56.32501888,-6.678430807,35.96683615,0.457386403,0.542613597,1512.616628,1528.073697,4,10
2021-05-06,2021,1993,0,,KCR,CLE,1478.330574,1515.606013,0.480904399,0.519095601,1475.921622,1518.014965,1473.381405,1515.957517,Danny Duffy,Triston McKenzie,54.48974057,48.30108932,15.16330788,-17.55246085,0.520337375,0.479662625,1471.387021,1517.951901,0,4
2021-05-06,2021,1994,0,,STL,NYM,1520.877028,1500.838015,0.56303998,0.43696002,1518.283557,1503.431487,1510.397986,1532.107617,John Gant,Taijuan Walker,50.04023141,52.61126265,-5.878926484,-12.22365618,0.512424348,0.487575652,1508.667334,1533.838269,1,4
2021-05-06,2021,1995,0,,MIN,TEX,1507.452919,1475.984559,0.579154024,0.420845976,1505.814928,1477.62255,1522.57282,1463.386725,Michael Pineda,Jordan Lyles,55.48877629,44.63307989,8.193911542,-22.96900943,0.658866233,0.341133767,1521.118222,1464.841323,3,4
2021-05-06,2021,1996,0,,BOS,DET,1509.825386,1433.519289,0.640470839,0.359529161,1511.208399,1432.136276,1509.591996,1435.060291,Nathan Eovaldi,Spencer Turnbull,53.71799812,51.66073973,4.426015907,13.93107335,0.625387331,0.374612669,1510.691355,1433.960932,12,9
2021-05-06,2021,1997,0,,PHI,MIL,1496.84031,1506.191873,0.521068313,0.478931687,1498.579216,1504.452967,1502.253104,1518.174849,Zack Wheeler,Brandon Woodruff,56.91020467,60.34522976,22.25957438,38.90902175,0.487667565,0.512332435,1503.672628,1516.755326,2,0
2021-05-06,2021,1998,0,,NYY,HOU,1541.315028,1534.182992,0.544683076,0.455316924,1538.883082,1536.614937,1566.473783,1546.818223,Gerrit Cole,Lance McCullers Jr.,66.56763513,53.38123122,54.29344724,2.597205784,0.633877813,0.366122187,1564.263606,1549.028399,4,7
2021-05-05,2021,1999,0,,OAK,TOR,1530.285273,1507.772268,0.566540543,0.433459457,1526.822678,1511.234863,1517.298406,1523.391919,Chris Bassitt,Robbie Ray,54.20814689,49.41967465,16.82242496,3.753720575,0.544459153,0.455540847,1514.826311,1525.864013,4,9
2021-05-05,2021,2000,0,,ANA,TBD,1482.430764,1535.462623,0.458316767,0.541683233,1480.780158,1537.113228,1500.566499,1529.504246,Shohei Ohtani,Andrew Kittredge,49.7425543,47.52086253,-0.731755252,-17.87133974,0.517552641,0.482447359,1499.122918,1530.947827,1,3
2021-05-05,2021,2001,0,,STL,NYM,1524.386212,1497.328831,0.572953074,0.427046926,1520.877028,1500.838015,1512.865728,1529.639876,Johan Oviedo,Miguel Castro,46.70112362,45.55895354,-22.27302107,-45.67534089,0.543963657,0.456036343,1510.397986,1532.107617,2,7
2021-05-05,2021,2002,0,,SDP,PIT,1519.228593,1464.998753,0.610717016,0.389282984,1520.611814,1463.615533,1557.126532,1439.463209,Yu Darvish,JT Brubaker,61.50651456,51.49561918,35.65911536,15.83444666,0.716994047,0.283005953,1557.775775,1438.813965,4,2
2021-05-05,2021,2003,0,,KCR,CLE,1479.642723,1514.293864,0.484676577,0.515323423,1478.330574,1515.606013,1474.195958,1515.142964,Brady Singer,Shane Bieber,53.63882438,62.95979149,11.32111229,51.13554785,0.419032796,0.580967204,1473.381405,1515.957517,4,5
2021-05-05,2021,2004,0,,MIN,TEX,1509.552066,1473.885412,0.585032906,0.414967094,1507.452919,1475.984559,1524.142719,1461.816826,Lewis Thorpe,Hyeon-Jong Yang,45.85880555,47.4,-37.2616459,-9.656467028,0.583710353,0.416289647,1522.57282,1463.386725,1,3
2021-05-05,2021,2005,0,,CHC,LAD,1505.359839,1573.477483,0.436848663,0.563151337,1506.981552,1571.855771,1502.17225,1594.758827,Adbert Alzolay,Walker Buehler,50.0489051,57.20260471,8.823016009,5.865157428,0.406660208,0.593339792,1503.470564,1593.460513,6,5
2021-05-05,2021,2006,0,,BOS,DET,1511.710129,1431.634546,0.645452025,0.354547975,1509.825386,1433.519289,1510.966227,1433.68606,Martin Perez,Casey Mize,49.08325688,46.38034703,-17.40044251,-10.1351759,0.632089959,0.367910041,1509.591996,1435.060291,5,6
2021-05-05,2021,2007,0,,WSN,ATL,1513.026931,1523.437012,0.519547497,0.480452503,1511.076716,1525.387226,1515.272906,1525.593076,Erick Fedde,Max Fried,46.88418417,50.10571516,-22.41273427,-10.27433022,0.502218276,0.497781724,1513.87084,1526.995141,3,5
2021-05-05,2021,2008,0,,PHI,MIL,1495.509394,1507.522789,0.517243271,0.482756729,1496.84031,1506.191873,1501.196639,1519.231314,Chase Anderson,Freddy Peralta,49.26980716,51.14255424,-14.29092645,-4.829312348,0.494968606,0.505031394,1502.253104,1518.174849,5,4
2021-05-05,2021,2009,0,,NYY,HOU,1539.343001,1536.155019,0.539046981,0.460953019,1541.315028,1534.182992,1565.055257,1548.236749,Jordan Montgomery,Luis Garcia,52.51353447,51.0024404,-11.68084886,-8.302360613,0.553672922,0.446327078,1566.473783,1546.818223,6,3
2021-05-05,2021,2010,0,,FLA,ARI,1490.587797,1503.564316,0.515858742,0.484141258,1494.391298,1499.760815,1470.388447,1491.708014,Ross Detwiler,Luke Weaver,45.34082354,49.16362301,-24.71975106,-3.685274147,0.47361095,0.52638905,1473.555896,1488.540565,8,0
2021-05-05,2021,2011,0,,STL,NYM,1522.529883,1499.185161,0.567715905,0.432284095,1524.386212,1497.328831,1511.238668,1531.266935,Kwang Hyun Kim,Marcus Stroman,51.94025135,54.99868931,2.452374435,-2.049593888,0.512192218,0.487807782,1512.865728,1529.639876,4,1
2021-05-05,2021,2012,0,,SEA,BAL,1495.265847,1480.110969,0.556111053,0.443888947,1491.474127,1483.902689,1478.235693,1444.123943,Yusei Kikuchi,John Means,47.96846833,56.9927763,-0.193511274,40.66750379,0.524805422,0.475194578,1475.588858,1446.770778,0,6
2021-05-05,2021,2013,0,,COL,SFG,1474.688117,1516.041151,0.475047722,0.524952278,1476.138117,1514.591151,1445.63158,1494.606186,Jon Gray,Logan Webb,54.34848888,47.33539575,14.77760627,-15.43499749,0.507537514,0.492462486,1446.63568,1493.602086,6,5
2021-05-05,2021,2014,0,,CIN,CHW,1495.353354,1517.933829,0.502042849,0.497957151,1496.723872,1516.563311,1499.137892,1524.844062,Sonny Gray,Dallas Keuchel,55.63848634,51.95091843,20.92568089,-11.10702141,0.543532885,0.456467115,1500.058083,1523.923871,1,0
2021-05-04,2021,2015,0,,SEA,BAL,1493.286462,1482.090355,0.550478713,0.449521287,1495.265847,1480.110969,1477.032133,1445.327503,Justin Dunn,Jorge Lopez,49.08525427,43.88591839,5.29587694,-20.73717879,0.615506813,0.384493187,1478.235693,1444.123943,5,2
2021-05-04,2021,2016,0,,SDP,PIT,1521.157886,1463.069461,0.615984517,0.384015483,1519.228593,1464.998753,1558.961135,1437.628606,Dinelson Lamet,Mitch Keller,55.83429773,45.32592808,8.493218407,-12.29182406,0.722370287,0.277629713,1557.126532,1439.463209,1,2
2021-05-04,2021,2017,0,,OAK,TOR,1528.390081,1509.667461,0.561174771,0.438825229,1530.285273,1507.772268,1515.734315,1524.95601,Cole Irvin,Anthony Kay,49.63553424,47.08953391,-3.236871551,-7.577822081,0.52748708,0.47251292,1517.298406,1523.391919,4,1
2021-05-04,2021,2018,0,,ANA,TBD,1485.147684,1532.745703,0.466091847,0.533908153,1482.430764,1535.462623,1502.865635,1527.20511,Alex Cobb,Shane McClanahan,48.16986987,47.56569293,-7.803002667,-17.08611493,0.512868086,0.487131914,1500.566499,1529.504246,3,8
2021-05-04,2021,2019,0,,COL,SFG,1472.941317,1517.787951,0.470035233,0.529964767,1474.688117,1516.041151,1444.183406,1496.05436,Ryan Castellani,Alex Wood,45.48142494,49.97656827,-27.18288914,-2.848126893,0.425430305,0.574569695,1445.63158,1494.606186,8,6
2021-05-04,2021,2020,0,,KCR,CLE,1482.120873,1511.815714,0.491805198,0.508194802,1479.642723,1514.293864,1476.197124,1513.141797,Mike Minor,Phil Maton,52.45982675,47.4,5.866583324,-22.20878632,0.521761067,0.478238933,1474.195958,1515.142964,3,7
2021-05-04,2021,2021,0,,MIN,TEX,1512.192798,1471.24468,0.592394118,0.407605882,1509.552066,1473.885412,1526.2312,1459.728345,J.A. Happ,Kyle Gibson,54.96470699,52.07131631,5.840081102,13.1375294,0.617504347,0.382495653,1524.142719,1461.816826,3,6
2021-05-04,2021,2022,0,,CHC,LAD,1503.721535,1575.115787,0.432214125,0.567785875,1505.359839,1573.477483,1500.736986,1596.19409,Keegan Thompson,Trevor Bauer,47.4,61.56570252,-3.029485663,26.1366602,0.359108871,0.640891129,1502.17225,1594.758827,4,3
2021-05-04,2021,2023,0,,BOS,DET,1510.087272,1433.257403,0.641164822,0.358835178,1511.710129,1431.634546,1509.724091,1434.928196,Nick Pivetta,Michael Fulmer,50.7880163,46.68390159,-9.481321552,-9.479430054,0.636004872,0.363995128,1510.966227,1433.68606,11,7
2021-05-04,2021,2024,0,,WSN,ATL,1516.224214,1520.239729,0.52872831,0.47127169,1513.026931,1523.437012,1517.648819,1523.217162,Joe Ross,Huascar Ynoa,48.93293146,50.11892844,-12.79932461,-9.430006409,0.524806024,0.475193976,1515.272906,1525.593076,1,6
2021-05-04,2021,2025,0,,PHI,MIL,1494.164984,1508.867199,0.513377395,0.486622605,1495.509394,1507.522789,1500.387195,1520.040758,Aaron Nola,Eric Lauer,58.50060045,46.3057755,29.75707053,-28.29946777,0.588851703,0.411148297,1501.196639,1519.231314,6,5
2021-05-04,2021,2026,0,,NYY,HOU,1536.987652,1538.510367,0.53230236,0.46769764,1539.343001,1536.155019,1563.198254,1550.093751,Domingo German,Zack Greinke,50.31625772,54.68439175,-22.14242867,8.664600793,0.51356198,0.48643802,1565.055257,1548.236749,7,3
2021-05-04,2021,2027,0,,FLA,ARI,1487.307386,1506.844727,0.506421928,0.493578072,1490.587797,1503.564316,1468.135752,1493.960709,Sandy Alcantara,Riley Smith,54.22179435,47.63579835,17.24066503,-11.19343209,0.539471874,0.460528126,1470.388447,1491.708014,9,3
2021-05-04,2021,2028,0,,CIN,CHW,1499.726027,1513.561156,0.514624253,0.485375747,1495.353354,1517.933829,1502.450744,1521.53121,Jeff Hoffman,Dylan Cease,47.68376724,49.08623136,-17.2004888,-23.415667,0.518825653,0.481174347,1499.137892,1524.844062,0,9
2021-05-04,2021,2029,0,,COL,SFG,1476.532764,1514.196503,0.48034643,0.51965357,1472.941317,1517.787951,1447.162986,1493.07478,German Marquez,Aaron Sanchez,56.47192318,47.92288115,22.98235972,-12.92348066,0.520593445,0.479406555,1444.183406,1496.05436,4,12
2021-05-04,2021,2030,0,,CHC,LAD,1499.757895,1579.079427,0.421051996,0.578948004,1503.721535,1575.115787,1497.609461,1599.321615,Kyle Hendricks,Clayton Kershaw,51.80001216,58.92937683,18.4507386,12.50174604,0.397261485,0.602738515,1500.736986,1596.19409,7,1
2021-05-03,2021,2031,0,,SEA,BAL,1495.419434,1479.957382,0.556547502,0.443452498,1493.286462,1482.090355,1478.650184,1443.709452,Erik Swanson,Dean Kremer,42.87898413,47.1309934,-23.48637076,-4.901986651,0.561682801,0.438317199,1477.032133,1445.327503,3,5
2021-05-03,2021,2032,0,,SDP,PIT,1519.782092,1464.445255,0.612230925,0.387769075,1521.157886,1463.069461,1558.031389,1438.558352,Miguel Diaz,Tyler Anderson,46.57975083,50.44131564,-35.0635515,12.46950297,0.63995951,0.36004049,1558.961135,1437.628606,2,0
2021-05-03,2021,2033,0,,OAK,TOR,1527.199534,1510.858007,0.557796619,0.442203381,1528.390081,1509.667461,1514.759264,1525.931061,Frankie Montas,Steven Matz,48.93247601,47.12191348,-6.42311841,-8.030015776,0.526602322,0.473397678,1515.734315,1524.95601,5,4
2021-05-03,2021,2034,0,,ANA,TBD,1487.589246,1530.30414,0.473093121,0.526906879,1485.147684,1532.745703,1504.540372,1525.530373,Jose Quintana,Tyler Glasnow,46.12059974,56.90908901,-17.97134993,26.79081073,0.441488881,0.558511119,1502.865635,1527.20511,3,7
2021-05-03,2021,2035,0,,KCR,CLE,1483.847406,1510.089181,0.496773871,0.503226129,1482.120873,1511.815714,1477.3353,1512.003622,Daniel Lynch,Aaron Civale,47.4,53.65464048,-18.16134667,6.707482449,0.449022235,0.550977765,1476.197124,1513.141797,6,8
2021-05-03,2021,2036,0,,STL,NYM,1521.364869,1500.350175,0.564421285,0.435578715,1522.529883,1499.185161,1510.338921,1532.166682,Adam Wainwright,Joey Lucchesi,52.48604081,49.17995366,4.376573003,-31.18407578,0.554569572,0.445430428,1511.238668,1531.266935,6,5
2021-05-03,2021,2037,0,,MIN,TEX,1511.136179,1472.301299,0.589453501,0.410546499,1512.192798,1471.24468,1525.499354,1460.460191,Kenta Maeda,Dane Dunning,53.39074595,51.61075667,-0.765395096,11.56529482,0.612680104,0.387319896,1526.2312,1459.728345,6,5
2021-05-03,2021,2038,0,,PHI,MIL,1492.806942,1510.225241,0.509470696,0.490529304,1494.164984,1508.867199,1499.351437,1521.076516,Vince Velasquez,Adrian Houser,47.41072273,48.30058395,-21.97496796,-18.95536654,0.50288568,0.49711432,1500.387195,1520.040758,4,3
2021-05-02,2021,2039,0,,PHI,NYM,1494.295526,1498.861591,0.527938549,0.472061451,1492.806942,1500.350175,1500.472711,1531.045408,Zach Eflin,David Peterson,51.95933684,49.87839415,-0.398839617,-27.69078863,0.529782105,0.470217895,1499.351437,1532.166682,7,8
2021-05-02,2021,2040,0,,SEA,ANA,1493.744066,1489.264614,0.540893677,0.459106323,1495.419434,1487.589246,1477.183996,1506.00656,Justus Sheffield,Dylan Bundy,49.54686377,53.46831196,8.814156365,17.02471127,0.481252626,0.518747374,1478.650184,1504.540372,2,0
2021-05-02,2021,2041,0,,SDP,SFG,1523.598346,1510.38025,0.553357207,0.446642793,1519.782092,1514.196503,1561.360689,1489.74548,Joe Musgrove,Kevin Gausman,55.86870299,53.95634191,7.885049096,15.69385191,0.623740254,0.376259746,1558.031389,1493.07478,1,7
2021-05-02,2021,2042,0,,ARI,COL,1504.746311,1478.631181,0.57162541,0.42837459,1506.844727,1476.532764,1492.66534,1448.458355,Merrill Kelly,Chi Chi Gonzalez,50.94727859,47.67362067,4.276141012,-18.87037543,0.628520048,0.371479952,1493.960709,1447.162986,8,4
2021-05-02,2021,2043,0,,OAK,BAL,1525.813217,1481.343698,0.597279459,0.402720541,1527.199534,1479.957382,1513.964211,1444.504505,Sean Manaea,Bruce Zimmermann,53.13816034,45.28856877,12.99045342,-14.07563432,0.666812219,0.333187781,1514.759264,1443.709452,7,5
2021-05-02,2021,2044,0,,TEX,BOS,1470.502063,1511.886508,0.47500263,0.52499737,1472.301299,1510.087272,1459.157108,1511.027174,Mike Foltynewicz,Garrett Richards,50.64380427,49.89257965,7.522404964,-13.08253947,0.489546173,0.510453827,1460.460191,1509.724091,5,3
2021-05-02,2021,2045,0,,MIN,KCR,1507.647964,1487.335621,0.563427042,0.436572958,1511.136179,1483.847406,1523.294926,1479.539728,Jose Berrios,Brad Keller,55.84455503,50.8217869,10.79677782,-3.110379655,0.615404183,0.384595817,1525.499354,1477.3353,13,4
2021-05-02,2021,2046,0,,MIL,LAD,1514.662366,1574.642302,0.44840502,0.55159498,1510.225241,1579.079427,1524.112247,1596.285884,Alec Bettinger,Julio Urias,47.4,52.59929935,-25.61317454,-16.4665688,0.418249909,0.581750091,1521.076516,1599.321615,4,16
2021-05-02,2021,2047,0,,CHW,CLE,1516.844812,1506.805525,0.548830337,0.451169663,1513.561156,1510.089181,1524.082067,1509.452764,Lucas Giolito,Zach Plesac,57.32127937,53.9325943,15.24425175,8.718361921,0.564620113,0.435379887,1521.53121,1512.003622,0,5
2021-05-02,2021,2048,0,,TBD,HOU,1528.949142,1539.865365,0.518820174,0.481179826,1530.30414,1538.510367,1524.427644,1551.19648,Rich Hill,Cristian Javier,52.2589702,55.4608695,5.428034214,12.05035985,0.486488322,0.513511678,1525.530373,1550.093751,5,4
2021-05-02,2021,2049,0,,CIN,CHC,1498.454928,1501.028994,0.530795369,0.469204631,1499.726027,1499.757895,1501.596593,1498.463612,Tyler Mahle,Trevor Williams,53.23419238,45.4167591,7.755713485,-13.23892027,0.568821573,0.431178427,1502.450744,1497.609461,13,12
2021-05-02,2021,2050,0,,TOR,ATL,1508.029195,1523.068541,0.51289256,0.48710744,1510.858007,1520.239729,1523.670635,1525.477588,Ross Stripling,Ian Anderson,46.42310983,56.41915539,-11.02211612,19.76047251,0.487641175,0.512358825,1525.931061,1523.217162,7,2
2021-05-02,2021,2051,0,,WSN,FLA,1514.698833,1488.832767,0.571274297,0.428725703,1516.224214,1487.307386,1516.700219,1469.084352,Max Scherzer,Trevor Rogers,57.86794773,53.19193139,30.43530668,12.36395883,0.626277754,0.373722246,1517.648819,1468.135752,3,1
2021-05-02,2021,2052,0,,PIT,STL,1466.480263,1519.329861,0.458577249,0.541422751,1464.445255,1521.364869,1439.936639,1508.960634,Wil Crowe,Carlos Martinez,43.36305706,48.61386857,-20.95188085,-12.91685107,0.424230052,0.575769948,1438.558352,1510.338921,0,3
2021-05-02,2021,2053,0,,NYY,DET,1535.991246,1434.25381,0.673443884,0.326556116,1536.987652,1433.257403,1562.494622,1435.631828,Corey Kluber,Jose Urena,52.39216645,49.25527117,-10.93596994,3.873292975,0.686366596,0.313633404,1563.198254,1434.928196,2,0
2021-05-01,2021,2054,0,,SEA,ANA,1497.11267,1485.89601,0.55050799,0.44949201,1493.744066,1489.264614,1479.349713,1503.840843,Ljay Newsome,Griffin Canning,46.38265331,49.84486279,-8.194882083,0.705269469,0.48648815,0.51351185,1477.183996,1506.00656,5,10
2021-05-01,2021,2055,0,,SDP,SFG,1521.227724,1512.750871,0.546602294,0.453397706,1523.598346,1510.38025,1559.982868,1491.123301,Blake Snell,Anthony DeSclafani,54.56064081,51.82263885,1.398551212,5.690949532,0.624767467,0.375232533,1561.360689,1489.74548,6,2
2021-05-01,2021,2056,0,,ARI,COL,1509.466807,1473.910684,0.584878431,0.415121569,1504.746311,1478.631181,1496.89769,1444.226005,Zac Gallen,Austin Gomber,57.80704714,49.68580547,36.10874579,-9.44395609,0.668981054,0.331018946,1492.66534,1448.458355,6,14
2021-05-01,2021,2057,0,,TOR,ATL,1506.695591,1524.402144,0.509056008,0.490943992,1508.029195,1523.068541,1522.62456,1526.523663,Travis Bergen,Charlie Morton,47.4,56.52092565,-6.182394279,20.04917059,0.491178175,0.508821825,1523.670635,1525.477588,6,5
2021-05-01,2021,2058,0,,MIL,LAD,1513.02585,1576.278818,0.443749566,0.556250434,1514.662366,1574.642302,1523.078858,1597.319273,Brandon Woodruff,Dustin May,60.39815216,50.84296697,35.7862561,-25.21451961,0.515480453,0.484519547,1524.112247,1596.285884,6,5
2021-05-01,2021,2059,0,,TEX,BOS,1468.680583,1513.707989,0.469776024,0.530223976,1470.502063,1511.886508,1457.550045,1512.634236,Jordan Lyles,Eduardo Rodriguez,44.89672992,57.52276121,-19.93603588,22.29769266,0.39602586,0.60397414,1459.157108,1511.027174,8,6
2021-05-01,2021,2060,0,,PIT,STL,1469.834682,1515.975441,0.468179949,0.531820051,1466.480263,1519.329861,1441.961586,1506.935686,Trevor Cahill,Jack Flaherty,47.41772113,57.47713664,-2.413018921,28.99330809,0.3973174,0.6026826,1439.936639,1508.960634,5,12
2021-05-01,2021,2061,0,,PHI,NYM,1495.799198,1497.357919,0.532250758,0.467749242,1494.295526,1498.861591,1501.639073,1529.879047,Zack Wheeler,Taijuan Walker,56.86155201,52.86788017,22.91646988,-14.02164123,0.546917963,0.453082037,1500.472711,1531.045408,4,5
2021-05-01,2021,2062,0,,TBD,HOU,1530.927228,1537.887279,0.524502815,0.475497185,1528.949142,1539.865365,1525.821605,1549.802519,Josh Fleming,Jose Urquidy,50.89026779,52.67576664,-0.861774535,-0.108984449,0.498944115,0.501055885,1524.427644,1551.19648,1,3
2021-05-01,2021,2063,0,,CIN,CHC,1499.953856,1499.530066,0.535090875,0.464909125,1498.454928,1501.028994,1502.781118,1497.279088,Luis Castillo,Zach Davies,53.26463254,47.52646475,7.823814311,-3.273435753,0.558162567,0.441837433,1501.596593,1498.463612,2,3
2021-05-01,2021,2064,0,,OAK,BAL,1529.137863,1478.019053,0.606451066,0.393548934,1525.813217,1481.343698,1516.658431,1441.810285,Jesus Luzardo,Matt Harvey,48.50060143,45.38208829,-9.88505783,-13.41785225,0.643216466,0.356783534,1513.964211,1444.504505,4,8
2021-05-01,2021,2065,0,,CHW,CLE,1514.547113,1509.103223,0.542272014,0.457727986,1516.844812,1506.805525,1522.703339,1510.831493,Lance Lynn,Triston McKenzie,60.69292915,49.46922667,30.73698762,-13.04878327,0.612669214,0.387330786,1524.082067,1509.452764,7,3
2021-05-01,2021,2066,0,,MIN,KCR,1512.241175,1482.742409,0.576388134,0.423611866,1507.647964,1487.335621,1526.732123,1476.10253,Matt Shoemaker,Danny Duffy,51.65897104,53.58025488,-11.04912493,10.8175115,0.575353602,0.424646398,1523.294926,1479.539728,3,11
2021-05-01,2021,2067,0,,WSN,FLA,1512.198452,1491.333148,0.564209853,0.435790147,1514.698833,1488.832767,1515.013036,1470.771535,Patrick Corbin,Paul Campbell,48.05784338,47.4,-15.50866113,-15.75754437,0.59730835,0.40269165,1516.700219,1469.084352,7,2
2021-05-01,2021,2068,0,,NYY,DET,1534.983282,1435.261774,0.670886711,0.329113289,1535.991246,1434.25381,1561.750816,1436.375634,Jameson Taillon,Spencer Turnbull,53.32529845,51.93841188,-6.434294692,16.3869116,0.674476734,0.325523266,1562.494622,1435.631828,6,4
2021-04-30,2021,2069,0,,SEA,ANA,1495.100631,1487.90805,0.544769511,0.455230489,1497.11267,1485.89601,1477.355024,1505.835532,Chris Flexen,Andrew Heaney,42.94514318,53.43245062,-24.66097532,16.37534478,0.431398624,0.568601376,1479.349713,1503.840843,7,4
2021-04-30,2021,2070,0,,SDP,SFG,1519.901266,1514.077329,0.542814985,0.457185015,1521.227724,1512.750871,1559.415701,1491.690468,Yu Darvish,Logan Webb,61.36341668,47.18564713,33.84455534,-16.12338167,0.693697068,0.306302932,1559.982868,1491.123301,3,2
2021-04-30,2021,2071,0,,OAK,BAL,1530.928592,1476.228324,0.611360627,0.388639373,1529.137863,1478.019053,1517.918579,1440.550137,Mike Fiers,John Means,49.75621519,56.56940018,-4.388641601,39.96008805,0.581378962,0.418621038,1516.658431,1441.810285,2,3
2021-04-30,2021,2072,0,,ARI,COL,1507.127429,1476.250063,0.578324608,0.421675392,1509.466807,1473.910684,1495.161132,1445.962564,Madison Bumgarner,Jon Gray,49.7799312,54.94608925,-1.146867149,14.86629629,0.58156122,0.41843878,1496.89769,1444.226005,7,2
2021-04-30,2021,2073,0,,MIN,KCR,1509.044645,1485.93894,0.567378211,0.432621789,1512.241175,1482.742409,1524.508512,1478.326142,Michael Pineda,Brady Singer,55.33848457,54.0386601,6.450366562,12.7803508,0.591075333,0.408924667,1526.732123,1476.10253,9,1
2021-04-30,2021,2074,0,,MIL,LAD,1510.857438,1578.44723,0.437596328,0.562403672,1513.02585,1576.278818,1521.555676,1598.842455,Freddy Peralta,Edwin Uceta,49.960848,47.4,-12.28108038,-42.30337492,0.466569664,0.533430336,1523.078858,1597.319273,3,1
2021-04-30,2021,2075,0,,CHW,CLE,1516.550939,1507.099398,0.547992431,0.452007569,1514.547113,1509.103223,1523.933594,1509.601237,Dallas Keuchel,Shane Bieber,52.04744712,62.98019313,-10.0883989,50.94301166,0.467087216,0.532912784,1522.703339,1510.831493,3,5
2021-04-30,2021,2076,0,,TEX,BOS,1471.367821,1511.020751,0.477488852,0.522511148,1468.680583,1513.707989,1459.433698,1510.750584,Kohei Arihara,Nathan Eovaldi,48.68595606,53.06033119,-3.493519151,1.962099441,0.452975957,0.547024043,1457.550045,1512.634236,1,6
2021-04-30,2021,2077,0,,TOR,ATL,1502.781987,1528.315749,0.497792753,0.502207247,1506.695591,1524.402144,1520.131576,1529.016647,Robbie Ray,Drew Smyly,48.61715287,48.35693834,0.295550194,-19.99950185,0.55803063,0.44196937,1522.62456,1526.523663,13,5
2021-04-30,2021,2078,0,,TBD,HOU,1534.894448,1533.92006,0.535879259,0.464120741,1530.927228,1537.887279,1528.614315,1547.009809,Ryan Yarbrough,Lance McCullers Jr.,50.5197987,52.25606915,-3.079300197,-1.03425284,0.509231591,0.490768409,1525.821605,1549.802519,2,9
2021-04-30,2021,2079,0,,CIN,CHC,1498.268425,1501.215497,0.530260571,0.469739429,1499.953856,1499.530066,1501.475329,1498.584877,Wade Miley,Jake Arrieta,49.57733315,49.69262975,-9.604765134,5.37650414,0.518121812,0.481878188,1502.781118,1497.279088,8,6
2021-04-30,2021,2080,0,,WSN,FLA,1510.998141,1492.533459,0.560809092,0.439190908,1512.198452,1491.333148,1514.083035,1471.701536,Jon Lester,Pablo Lopez,46.77810504,52.90774499,-21.3562766,10.8416371,0.549725852,0.450274148,1515.013036,1470.771535,2,1
2021-04-30,2021,2081,0,,PHI,NYM,1494.507779,1498.649338,0.528547512,0.471452488,1495.799198,1497.357919,1500.523638,1530.994481,Chase Anderson,Marcus Stroman,48.70731452,54.45058629,-15.03000331,-6.128995557,0.47244411,0.52755589,1501.639073,1529.879047,2,1
2021-04-30,2021,2082,0,,NYY,DET,1532.370459,1437.874597,0.664211029,0.335788971,1534.983282,1435.261774,1560.686351,1437.440099,Gerrit Cole,Tarik Skubal,66.02198256,46.4937836,54.29599397,-10.21362594,0.772923137,0.227076863,1561.750816,1436.375634,10,0
2021-04-30,2021,2083,0,,PIT,STL,1472.313474,1513.496649,0.475291566,0.524708434,1469.834682,1515.975441,1443.883132,1505.014141,JT Brubaker,John Gant,51.6557694,49.9786598,17.57619104,-6.254197719,0.487844072,0.512155928,1441.961586,1506.935686,3,7
2021-04-29,2021,2084,0,,ARI,COL,1505.683771,1477.693721,0.574266201,0.425733799,1507.127429,1476.250063,1494.203126,1446.92057,Luke Weaver,Antonio Senzatela,49.67480534,50.5006963,-2.142899075,-6.639782294,0.611044139,0.388955861,1495.161132,1445.962564,5,3
2021-04-29,2021,2085,0,,CHW,DET,1513.417587,1441.007949,0.635289866,0.364710134,1516.550939,1437.874597,1521.1478,1440.225893,Dylan Cease,Matthew Boyd,47.45550575,51.50415283,-30.44206189,13.01791415,0.587539569,0.412460431,1523.933594,1437.440099,11,0
2021-04-29,2021,2086,0,,TEX,BOS,1469.106768,1513.281804,0.470998379,0.529001621,1471.367821,1511.020751,1457.866166,1512.318116,Kyle Gibson,Martin Perez,51.15317444,48.20103084,9.056020821,-20.24981789,0.503337757,0.496662243,1459.433698,1510.750584,4,1
2021-04-29,2021,2087,0,,MIL,LAD,1509.181052,1580.123616,0.432852321,0.567147679,1510.857438,1578.44723,1520.048112,1600.350019,Eric Lauer,Trevor Bauer,45.36307977,61.31931469,-33.3378354,23.58485725,0.347440319,0.652559681,1521.555676,1598.842455,2,1
2021-04-29,2021,2088,0,,ATL,CHC,1532.303495,1497.227751,0.584206874,0.415793126,1528.315749,1501.215497,1531.764498,1495.837025,Bryse Wilson,Adbert Alzolay,47.53347155,49.0922551,-24.94802528,3.125549382,0.545713431,0.454286569,1529.016647,1498.584877,3,9
2021-04-29,2021,2089,0,,CHW,DET,1512.227763,1442.197773,0.632110159,0.367889841,1513.417587,1441.007949,1520.3459,1441.027793,Carlos Rodon,Casey Mize,52.56069417,45.18372975,-5.409995281,-16.1749315,0.658522025,0.341477975,1521.1478,1440.225893,3,1
2021-04-29,2021,2090,0,,HOU,SEA,1535.648251,1493.37244,0.594238266,0.405761734,1533.92006,1495.100631,1548.409878,1475.954955,Luis Garcia,Yusei Kikuchi,50.02106773,46.21934154,-11.09622757,-7.705114965,0.630815838,0.369184162,1547.009809,1477.355024,0,1
2021-04-29,2021,2091,0,,STL,PHI,1512.309693,1495.694735,0.558184824,0.441815176,1513.496649,1494.507779,1503.956665,1501.581114,Kwang Hyun Kim,Aaron Nola,51.51522362,58.54652909,1.219563523,31.48599217,0.494400812,0.505599188,1505.014141,1500.523638,4,3
2021-04-29,2021,2092,0,,TBD,OAK,1536.476261,1529.346778,0.544679433,0.455320567,1534.894448,1530.928592,1529.696114,1516.83678,Shane McClanahan,Chris Bassitt,47.4,53.78124447,-17.82717501,15.08109522,0.505685793,0.494314207,1528.614315,1517.918579,2,3
2021-04-29,2021,2093,0,,BAL,NYY,1474.690372,1533.908411,0.449490047,0.550509953,1476.228324,1532.370459,1439.102512,1562.133977,Jorge Lopez,Jordan Montgomery,43.38810126,52.81243626,-21.74148363,-8.151354888,0.343372277,0.656627723,1440.550137,1560.686351,4,3
2021-04-28,2021,2094,0,,SFG,COL,1511.963916,1479.807134,0.580119609,0.419880391,1514.077329,1477.693721,1489.96184,1448.649198,Alex Wood,German Marquez,49.45656247,57.17999747,-5.011387983,24.33064989,0.551581694,0.448418306,1491.690468,1446.92057,7,3
2021-04-28,2021,2095,0,,ARI,SDP,1510.150873,1515.434164,0.526909483,0.473090517,1505.683771,1519.901266,1497.000324,1556.618502,Riley Smith,Ryan Weathers,47.86405343,50.72108514,-10.89107971,-16.356971,0.456715984,0.543284016,1494.203126,1559.415701,3,12
2021-04-28,2021,2096,0,,HOU,SEA,1534.228588,1494.792102,0.590291309,0.409708691,1535.648251,1493.37244,1547.53866,1476.826173,Zack Greinke,Justin Dunn,55.3942733,48.72312642,13.62681813,4.413165775,0.645255134,0.354744866,1548.409878,1475.954955,7,5
2021-04-28,2021,2097,0,,TEX,ANA,1470.51077,1486.504048,0.511520559,0.488479441,1469.106768,1487.90805,1458.869933,1504.831766,Dane Dunning,Alex Cobb,51.2872037,48.64199912,9.983484016,-6.650079553,0.492332605,0.507667395,1457.866166,1505.835532,3,4
2021-04-28,2021,2098,0,,STL,PHI,1514.442342,1493.562086,0.564231015,0.435768985,1512.309693,1495.694735,1505.455831,1500.081948,Johan Oviedo,Vince Velasquez,46.06982746,47.79962692,-24.26035092,-19.58587671,0.535485547,0.464514453,1503.956665,1501.581114,3,5
2021-04-28,2021,2099,0,,ATL,CHC,1528.636486,1500.894761,0.573916679,0.426083321,1532.303495,1497.227751,1528.509571,1499.091952,Huascar Ynoa,Kyle Hendricks,48.62557209,53.91219059,-19.1645452,24.03413986,0.51470199,0.48529801,1531.764498,1495.837025,10,0
2021-04-28,2021,2100,0,,TBD,OAK,1534.799394,1531.023646,0.539887573,0.460112427,1536.476261,1529.346778,1528.624812,1517.908081,Tyler Glasnow,Cole Irvin,56.00195315,49.11257534,23.69162881,-6.633031173,0.592523758,0.407476242,1529.696114,1516.83678,2,0
2021-04-28,2021,2101,0,,TOR,WSN,1506.310292,1507.469835,0.53282279,0.46717721,1502.781987,1510.998141,1523.08658,1511.128031,Steven Matz,Erick Fedde,48.14935842,45.92874983,-2.897860587,-24.69710889,0.582362824,0.417637176,1520.131576,1514.083035,2,8
2021-04-28,2021,2102,0,,BAL,NYY,1477.904635,1530.694148,0.458663126,0.541336874,1474.690372,1533.908411,1441.152636,1560.083853,Dean Kremer,Domingo German,48.904049,48.90594568,3.215623647,-25.440573,0.405762832,0.594237168,1439.102512,1562.133977,0,7
2021-04-28,2021,2103,0,,NYM,BOS,1500.113013,1511.818129,0.517686379,0.482313621,1498.649338,1513.281804,1532.454241,1510.858356,Jacob deGrom,Nick Pivetta,66.02404081,49.93833933,49.0355295,-11.39976934,0.648023958,0.351976042,1530.994481,1512.318116,0,1
2021-04-28,2021,2104,0,,PIT,KCR,1474.709042,1483.543372,0.521811304,0.478188696,1472.313474,1485.93894,1445.424321,1476.784953,Mitch Keller,Mike Minor,46.15535597,53.64319297,-9.146883144,9.908374777,0.462057562,0.537942438,1443.883132,1478.326142,6,9
2021-04-28,2021,2105,0,,LAD,CIN,1577.556527,1500.835514,0.64102064,0.35897936,1580.123616,1498.268425,1598.5233,1503.302047,Clayton Kershaw,Sonny Gray,58.16739884,55.42833126,9.582941482,18.27522402,0.653906612,0.346093388,1600.350019,1501.475329,8,0
2021-04-28,2021,2106,0,,MIL,FLA,1512.272227,1489.442284,0.566988523,0.433011477,1509.181052,1492.533459,1522.138319,1469.611329,Zack Godley,Sandy Alcantara,42.81274251,53.82161166,-45.89519168,15.66967898,0.52151892,0.47848108,1520.048112,1471.701536,2,6
2021-04-28,2021,2107,0,,CLE,MIN,1511.411079,1504.732964,0.544034974,0.455965026,1507.099398,1509.044645,1512.188464,1521.921285,Logan Allen,J.A. Happ,43.63884708,54.61203529,-41.75868682,3.40158217,0.455658068,0.544341932,1509.601237,1524.508512,2,10
2021-04-27,2021,2108,0,,LAD,CIN,1579.62495,1498.76709,0.646481865,0.353518135,1577.556527,1500.835514,1600.26934,1501.556008,Walker Buehler,Jeff Hoffman,57.71941102,47.92688279,7.062223024,-17.38395193,0.699962273,0.300037727,1598.5233,1503.302047,5,6
2021-04-27,2021,2109,0,,SFG,COL,1514.25457,1477.51648,0.58652944,0.41347056,1511.963916,1479.807134,1491.759127,1446.851911,Aaron Sanchez,Chi Chi Gonzalez,47.76769436,47.78910899,-12.93251771,-20.11624748,0.60778587,0.39221413,1489.96184,1448.649198,5,7
2021-04-27,2021,2110,0,,ARI,SDP,1507.718568,1517.866469,0.519924217,0.480075783,1510.150873,1515.434164,1495.01505,1558.603776,Merrill Kelly,Chris Paddack,50.1929959,47.72474552,0.771692542,-30.83978008,0.486481653,0.513518347,1497.000324,1556.618502,5,1
2021-04-27,2021,2111,0,,HOU,SEA,1532.790159,1496.230531,0.586280283,0.413719717,1534.228588,1494.792102,1546.525911,1477.838923,Cristian Javier,Marco Gonzales,54.03986693,53.39347205,8.278917045,26.84012191,0.605085936,0.394914064,1547.53866,1476.826173,2,0
2021-04-27,2021,2112,0,,CHW,DET,1515.224508,1439.201027,0.64009614,0.35990386,1512.227763,1442.197773,1522.790956,1438.582737,Lucas Giolito,Jose Urena,57.87823222,48.84261164,19.25141198,1.423952862,0.679139127,0.320860873,1520.3459,1441.027793,2,5
2021-04-27,2021,2113,0,,TEX,ANA,1467.686935,1489.327882,0.503394898,0.496605102,1470.51077,1486.504048,1456.681928,1507.01977,Mike Foltynewicz,Jose Quintana,50.04021531,47.12870699,4.737386093,-14.85876097,0.490299138,0.509700862,1458.869933,1504.831766,6,1
2021-04-27,2021,2114,0,,STL,PHI,1512.535652,1495.468777,0.55882628,0.44117372,1514.442342,1493.562086,1503.833828,1501.703952,Carlos Martinez,Zach Eflin,47.4705278,51.98217641,-16.77001916,0.051148169,0.513393104,0.486606896,1505.455831,1500.081948,5,2
2021-04-27,2021,2115,0,,MIL,FLA,1511.068093,1490.646418,0.563581845,0.436418155,1512.272227,1489.442284,1521.31803,1470.431618,Adrian Houser,Daniel Castano,48.02805821,48.00460136,-21.34043808,-12.49255689,0.59390888,0.40609112,1522.138319,1469.611329,5,4
2021-04-27,2021,2116,0,,ATL,CHC,1526.183152,1503.348094,0.56699575,0.43300425,1528.636486,1500.894761,1526.913956,1500.687567,Ian Anderson,Trevor Williams,54.64103677,45.08928062,10.46637619,-17.29869417,0.61039073,0.38960927,1528.509571,1499.091952,5,0
2021-04-27,2021,2117,0,,TBD,OAK,1533.506477,1532.316563,0.536187815,0.463812185,1534.799394,1531.023646,1527.6491,1518.883793,Michael Wacha,Frankie Montas,47.31822166,48.9110526,-16.77898115,-7.636414174,0.533943566,0.466056434,1528.624812,1517.908081,4,3
2021-04-27,2021,2118,0,,NYM,BOS,1501.591636,1510.339506,0.521935491,0.478064509,1500.113013,1511.818129,1533.641159,1509.671438,David Peterson,Garrett Richards,49.45260629,49.04104334,-28.8788448,-14.96627913,0.551349429,0.448650571,1532.454241,1510.858356,1,2
2021-04-27,2021,2119,0,,TOR,WSN,1503.908121,1509.872006,0.525932765,0.474067235,1506.310292,1507.469835,1521.074422,1513.140189,Trent Thornton,Max Scherzer,47.75440402,59.53151322,-5.100263111,38.052654,0.482379495,0.517620505,1523.08658,1511.128031,9,5
2021-04-27,2021,2120,0,,BAL,NYY,1480.255743,1528.34304,0.465391025,0.534608975,1477.904635,1530.694148,1442.472619,1558.76387,Bruce Zimmermann,Corey Kluber,46.73348413,51.79582862,-7.879761137,-11.41168244,0.374973247,0.625026753,1441.152636,1560.083853,1,5
2021-04-27,2021,2121,0,,PIT,KCR,1473.341849,1484.910565,0.517882424,0.482117576,1474.709042,1483.543372,1444.422377,1477.786898,Tyler Anderson,Jakob Junis,49.71861975,47.55291443,8.363425022,-18.16828656,0.526580308,0.473419692,1445.424321,1476.784953,2,1
2021-04-27,2021,2122,0,,CLE,MIN,1509.44106,1506.702983,0.538403399,0.461596601,1511.411079,1504.732964,1510.637513,1523.472236,Aaron Civale,Kenta Maeda,53.54038817,54.49153831,4.935306556,1.818688449,0.520541729,0.479458271,1512.188464,1521.921285,7,4
2021-04-26,2021,2123,0,,LAD,CIN,1582.334376,1496.057665,0.653577905,0.346422095,1579.62495,1498.76709,1602.28106,1499.544287,Julio Urias,Tyler Mahle,52.664109,53.00380039,-16.9278965,6.761746722,0.648855153,0.351144847,1600.26934,1501.556008,3,5
2021-04-26,2021,2124,0,,SFG,COL,1510.116167,1481.654883,0.574929265,0.425070735,1514.25457,1477.51648,1488.877227,1449.733811,Anthony DeSclafani,Austin Gomber,50.14588164,51.93125042,-0.180692637,-2.786768684,0.597729773,0.402270227,1491.759127,1446.851911,12,0
2021-04-26,2021,2125,0,,HOU,SEA,1531.008665,1498.012025,0.581296772,0.418703228,1532.790159,1496.230531,1545.352321,1479.012512,Jose Urquidy,Justus Sheffield,52.7413312,50.27796605,2.135523645,11.62627028,0.619231905,0.380768095,1546.525911,1477.838923,5,2
2021-04-26,2021,2126,0,,TEX,ANA,1470.619505,1486.395313,0.511833353,0.488166647,1467.686935,1489.327882,1458.56697,1505.134729,Jordan Lyles,Shohei Ohtani,46.64297829,49.40270802,-13.00111251,-3.971075272,0.453233813,0.546766187,1456.681928,1507.01977,4,9
2021-04-26,2021,2127,0,,STL,PHI,1514.14835,1493.856078,0.563398623,0.436601377,1512.535652,1495.468777,1504.937413,1500.600366,Adam Wainwright,Zack Wheeler,51.56279497,55.60038561,3.365138993,18.42649274,0.523224817,0.476775183,1503.833828,1501.703952,1,2
2021-04-26,2021,2128,0,,MIL,FLA,1515.792439,1485.922072,0.576910344,0.423089656,1511.068093,1490.646418,1525.507696,1466.241952,Corbin Burnes,Trevor Rogers,59.5717862,51.81575095,32.62329047,6.258597919,0.655969458,0.344030542,1521.31803,1470.431618,0,8
2021-04-26,2021,2129,0,,TBD,OAK,1535.073898,1530.749142,0.540672533,0.459327467,1533.506477,1532.316563,1528.834531,1517.698362,Rich Hill,Sean Manaea,51.54431815,52.78052247,3.793379076,10.99623618,0.544334885,0.455665115,1527.6491,1518.883793,1,2
2021-04-26,2021,2130,0,,BAL,NYY,1478.281508,1530.317275,0.459740632,0.540259368,1480.255743,1528.34304,1440.717509,1560.51898,Matt Harvey,Deivi Garcia,44.24215839,48.24779974,-18.70450303,-28.39831416,0.381396684,0.618603316,1442.472619,1558.76387,4,2
2021-04-26,2021,2131,0,,ATL,CHC,1525.02961,1504.501636,0.563732342,0.436267658,1526.183152,1503.348094,1526.162704,1501.438819,Charlie Morton,Zach Davies,57.24534578,48.53102574,22.24815513,-2.087656014,0.607202031,0.392797969,1526.913956,1500.687567,8,7
2021-04-26,2021,2132,0,,CLE,MIN,1507.81867,1508.325373,0.533758137,0.466241863,1509.44106,1506.702983,1509.348211,1524.761538,Zach Plesac,Jose Berrios,53.45924423,55.75624399,5.049372817,7.925068192,0.512044936,0.487955064,1510.637513,1523.472236,5,3
2021-04-26,2021,2133,0,,DET,KCR,1440.47125,1483.640343,0.472441415,0.527558585,1439.201027,1484.910565,1439.624526,1476.745109,Spencer Turnbull,Brad Keller,51.74219795,50.85685317,15.39035317,-2.699734099,0.507151204,0.492848796,1438.582737,1477.786898,2,3
2021-04-25,2021,2134,0,,LAD,SDP,1584.332104,1515.868741,0.630010511,0.369989489,1582.334376,1517.866469,1603.530445,1557.354391,Dustin May,Joe Musgrove,49.88549418,56.25267508,-29.38117347,8.970257664,0.545671653,0.454328347,1602.28106,1558.603776,7,8
2021-04-25,2021,2135,0,,SFG,FLA,1508.914741,1487.123497,0.565519961,0.434480039,1510.116167,1485.922072,1487.99658,1467.122598,Logan Webb,Ross Detwiler,45.94779835,45.14937324,-18.93748107,-25.14486268,0.572986852,0.427013148,1488.877227,1466.241952,4,3
2021-04-25,2021,2136,0,,ATL,ARI,1529.285772,1503.462406,0.571214096,0.428785904,1525.02961,1507.718568,1529.411363,1491.766392,Drew Smyly,Madison Bumgarner,49.75017809,47.8873668,-14.43310943,-8.369448165,0.579312491,0.420687509,1526.162704,1495.01505,0,7
2021-04-25,2021,2137,0,,COL,PHI,1477.329171,1498.18179,0.504529322,0.495470678,1481.654883,1493.856078,1446.303011,1504.031166,Jon Gray,Chase Anderson,54.52517931,49.46884501,9.899345904,-11.21978456,0.481862119,0.518137881,1449.733811,1500.600366,12,2
2021-04-25,2021,2138,0,,CHC,MIL,1508.040942,1512.253133,0.528446196,0.471553804,1504.501636,1515.792439,1503.648397,1523.298118,Jake Arrieta,Brandon Woodruff,48.72372603,59.66171181,-0.273934489,34.07898459,0.456929737,0.543070263,1501.438819,1525.507696,0,6
2021-04-25,2021,2139,0,,STL,CIN,1512.218877,1497.987138,0.554798892,0.445201108,1514.14835,1496.057665,1503.526941,1500.95476,Jack Flaherty,Luis Castillo,56.78068328,54.06046481,28.83220225,11.09089609,0.563428664,0.436571336,1504.937413,1499.544287,5,2
2021-04-25,2021,2140,0,,MIN,PIT,1511.437709,1470.229512,0.592755571,0.407244429,1508.325373,1473.341849,1527.522525,1441.661389,Matt Shoemaker,Wil Crowe,51.53010574,42.21344055,-11.9360083,-26.52781164,0.6718157,0.3281843,1524.761538,1444.422377,2,6
2021-04-25,2021,2141,0,,HOU,ANA,1533.335133,1484.068845,0.603903047,0.396096953,1531.008665,1486.395313,1546.988862,1503.498189,Lance McCullers Jr.,Dylan Bundy,51.63598448,52.92791295,-2.501743768,13.23774035,0.573930001,0.426069999,1545.352321,1505.134729,2,4
2021-04-25,2021,2142,0,,CHW,TEX,1513.250613,1472.5934,0.591989706,0.408010294,1515.224508,1470.619505,1521.170364,1460.187562,Michael Kopech,Kohei Arihara,46.66998852,51.36348176,-32.96639924,7.752655881,0.563358232,0.436641768,1522.790956,1458.56697,8,4
2021-04-25,2021,2143,0,,ATL,ARI,1532.843842,1499.904336,0.58121672,0.41878328,1529.285772,1503.462406,1531.705012,1489.472742,Bryse Wilson,Zac Gallen,48.3337863,56.69237386,-21.75911958,34.40593728,0.514483831,0.485516169,1529.411363,1491.766392,0,5
2021-04-25,2021,2144,0,,TBD,TOR,1536.797219,1502.1848,0.583558864,0.416441136,1535.073898,1503.908121,1529.831713,1520.07724,Luis Patino,Hyun Jin Ryu,47.03798297,56.13335996,-16.98500261,34.80907998,0.47406222,0.52593778,1528.834531,1521.074422,0,1
2021-04-25,2021,2145,0,,NYM,WSN,1499.072899,1512.390744,0.515368015,0.484631985,1501.591636,1509.872006,1531.934884,1514.846464,Taijuan Walker,Patrick Corbin,51.99620672,49.204655,-16.26722196,-11.6783662,0.552334708,0.447665292,1533.641159,1513.140189,4,0
2021-04-25,2021,2146,0,,DET,KCR,1442.863686,1481.247907,0.47931126,0.52068874,1440.47125,1483.640343,1441.329776,1475.039858,Michael Fulmer,Danny Duffy,46.18414345,52.83266784,-10.36639428,7.362956238,0.460593379,0.539406621,1439.624526,1476.745109,0,4
2021-04-25,2021,2147,0,,CLE,NYY,1505.22727,1532.908675,0.494702231,0.505297769,1507.81867,1530.317275,1507.162344,1562.704847,Triston McKenzie,Jameson Taillon,50.3755839,53.76760606,-10.05557195,-2.899993538,0.444538148,0.555461852,1509.348211,1560.51898,7,3
2021-04-25,2021,2148,0,,BOS,SEA,1508.811229,1499.540301,0.54773489,0.45226511,1510.339506,1498.012025,1508.797107,1479.886843,Eduardo Rodriguez,Nick Margevicius,56.99941045,44.5316851,23.16161212,-16.24366561,0.629812138,0.370187862,1509.671438,1479.012512,5,3
2021-04-25,2021,2149,0,,BAL,OAK,1474.221455,1534.809194,0.447539792,0.552460208,1478.281508,1530.749142,1437.918531,1520.49734,John Means,Jesus Luzardo,56.02729176,48.35921451,37.5709149,-9.775341701,0.483840686,0.516159314,1440.717509,1517.698362,8,1
2021-04-24,2021,2150,0,,LAD,SDP,1583.319334,1516.881511,0.627288513,0.372711487,1584.332104,1515.868741,1602.783094,1558.101743,Trevor Bauer,Blake Snell,61.70335197,54.58692315,26.06238697,1.127796177,0.63155572,0.36844428,1603.530445,1557.354391,5,4
2021-04-24,2021,2151,0,,SFG,FLA,1511.612928,1484.425311,0.573136498,0.426863502,1508.914741,1487.123497,1490.045601,1465.073577,Kevin Gausman,Pablo Lopez,52.72156825,51.97537876,14.20194416,7.892714677,0.578891483,0.421108517,1487.99658,1467.122598,2,5
2021-04-24,2021,2152,0,,COL,PHI,1478.991746,1496.519215,0.509313643,0.490686357,1477.329171,1498.18179,1447.202618,1503.131559,Antonio Senzatela,Aaron Nola,50.50685298,58.61491424,-9.083409227,32.02268562,0.396415423,0.603584577,1446.303011,1504.031166,5,7
2021-04-24,2021,2153,0,,CHW,TEX,1512.192573,1473.65144,0.589044234,0.410955766,1513.250613,1472.5934,1520.401196,1460.95673,Dallas Keuchel,Kyle Gibson,51.57406881,50.56670326,-9.567925502,4.60513115,0.598389288,0.401610712,1521.170364,1460.187562,2,1
2021-04-24,2021,2154,0,,BAL,OAK,1476.818439,1532.212211,0.454943288,0.545056712,1474.221455,1534.809194,1439.430206,1518.985665,Wade LeBlanc,Chris Bassitt,44.58294862,53.523416,-16.94697399,14.88764045,0.376822367,0.623177633,1437.918531,1520.49734,2,7
2021-04-24,2021,2155,0,,TBD,TOR,1535.306524,1503.675495,0.57938224,0.42061776,1536.797219,1502.1848,1528.540008,1521.368946,Brent Honeywell Jr.,Robbie Ray,48.36688913,48.36154616,-11.64935379,-1.493105605,0.530205921,0.469794079,1529.831713,1520.07724,5,3
2021-04-24,2021,2156,0,,CLE,NYY,1506.587124,1531.548821,0.49861601,0.50138399,1505.22727,1532.908675,1508.067009,1561.800181,Shane Bieber,Gerrit Cole,63.02793487,65.25043749,49.86424282,52.31774395,0.453811712,0.546188288,1507.162344,1562.704847,1,2
2021-04-24,2021,2157,0,,HOU,ANA,1529.029064,1488.374915,0.591985444,0.408014556,1533.335133,1484.068845,1543.558675,1506.928375,Jake Odorizzi,Griffin Canning,51.20352129,51.4214931,-4.661630037,4.722762188,0.573218589,0.426781411,1546.988862,1503.498189,16,2
2021-04-24,2021,2158,0,,NYM,WSN,1502.589377,1508.874266,0.525472025,0.474527975,1499.072899,1512.390744,1534.964691,1511.816657,Marcus Stroman,Joe Ross,55.59397638,48.49199273,-0.436859829,-14.76100654,0.587553865,0.412446135,1531.934884,1514.846464,1,7
2021-04-24,2021,2159,0,,CHC,MIL,1509.555054,1510.739021,0.532787792,0.467212208,1508.040942,1512.253133,1504.759557,1522.186958,Adbert Alzolay,Freddy Peralta,48.0874863,49.72848524,-2.724819792,-12.51389828,0.523528956,0.476471044,1503.648397,1523.298118,3,4
2021-04-24,2021,2160,0,,STL,CIN,1510.615241,1499.590774,0.55023421,0.44976579,1512.218877,1497.987138,1502.292175,1502.189525,John Gant,Wade Miley,49.01194715,49.25754328,-6.840553227,-11.29518445,0.54100493,0.45899507,1503.526941,1500.95476,2,0
2021-04-24,2021,2161,0,,MIN,PIT,1514.608585,1467.058636,0.601537291,0.398462709,1511.437709,1470.229512,1530.340124,1438.84379,Michael Pineda,Trevor Cahill,56.38795008,46.32774044,10.00945707,-6.228303329,0.680989399,0.319010601,1527.522525,1441.661389,2,6
2021-04-24,2021,2162,0,,DET,KCR,1444.170322,1479.94127,0.483066722,0.516933278,1442.863686,1481.247907,1442.331832,1474.037803,Matthew Boyd,Brady Singer,50.32790877,52.84532064,10.31815367,8.403854215,0.491665886,0.508334114,1441.329776,1475.039858,1,2
2021-04-24,2021,2163,0,,BOS,SEA,1512.505083,1495.846448,0.558246827,0.441753173,1508.811229,1499.540301,1512.094843,1476.589107,Nathan Eovaldi,Chris Flexen,53.57151816,40.52301449,6.636366242,-33.7139563,0.639874084,0.360125916,1508.797107,1479.886843,2,8
2021-04-23,2021,2164,0,,LAD,SDP,1587.453945,1512.7469,0.638348522,0.361651478,1583.319334,1516.881511,1605.504725,1555.380111,Clayton Kershaw,Yu Darvish,58.57280311,60.87171237,11.07851246,31.44293695,0.57675553,0.42324447,1602.783094,1558.101743,1,6
2021-04-23,2021,2165,0,,SFG,FLA,1510.059784,1485.978455,0.568756224,0.431243776,1511.612928,1484.425311,1488.751784,1466.367395,Alex Wood,Sandy Alcantara,48.31871868,54.23165392,-5.476642102,18.29471536,0.532496894,0.467503106,1490.045601,1465.073577,5,3
2021-04-23,2021,2166,0,,COL,PHI,1477.64577,1497.865191,0.505440477,0.494559523,1478.991746,1496.519215,1446.213213,1504.120964,German Marquez,Vince Velasquez,56.66319865,47.80648261,20.54263264,-18.97311858,0.513262441,0.486737559,1447.202618,1503.131559,5,4
2021-04-23,2021,2167,0,,STL,CIN,1509.388079,1500.817936,0.54673538,0.45326462,1510.615241,1499.590774,1501.255776,1503.225925,Kwang Hyun Kim,Sonny Gray,50.47798182,56.66550685,0.641226359,22.58515079,0.502462757,0.497537243,1502.292175,1502.189525,5,4
2021-04-23,2021,2168,0,,MIN,PIT,1513.308853,1468.358368,0.597945244,0.402054756,1514.608585,1467.058636,1529.490586,1439.693328,J.A. Happ,JT Brubaker,53.37383218,50.73438742,-3.023218322,15.19788065,0.635811353,0.364188647,1530.340124,1438.84379,2,0
2021-04-23,2021,2169,0,,HOU,ANA,1527.947993,1489.455986,0.588975778,0.411024222,1529.029064,1488.374915,1542.754956,1507.732094,Zack Greinke,Andrew Heaney,55.17683532,52.02711034,14.36094705,8.979982911,0.591637348,0.408362652,1543.558675,1506.928375,5,4
2021-04-23,2021,2170,0,,CHW,TEX,1510.788359,1475.055654,0.585125209,0.414874791,1512.192573,1473.65144,1519.251799,1462.106127,Dylan Cease,Dane Dunning,47.64053164,53.40099856,-28.51462076,16.90317045,0.5568246,0.4431754,1520.401196,1460.95673,9,7
2021-04-23,2021,2171,0,,ATL,ARI,1531.740429,1501.007749,0.578121485,0.421878515,1532.843842,1499.904336,1530.811819,1490.365935,Huascar Ynoa,Luke Weaver,47.42931543,50.2466116,-25.59135749,3.609451287,0.552972617,0.447027383,1531.705012,1489.472742,5,4
2021-04-23,2021,2172,0,,TBD,TOR,1537.575314,1501.406705,0.585734212,0.414265788,1535.306524,1503.675495,1530.260832,1519.648121,Tyler Glasnow,Steven Matz,56.5338492,48.10876925,26.50038007,-2.669700257,0.590992882,0.409007118,1528.540008,1521.368946,3,5
2021-04-23,2021,2173,0,,NYM,WSN,1499.419756,1512.043886,0.516365345,0.483634655,1502.589377,1508.874266,1533.461242,1513.320106,Jacob deGrom,Erick Fedde,64.35982525,45.72764268,42.75453784,-27.84283944,0.655182012,0.344817988,1534.964691,1511.816657,6,0
2021-04-23,2021,2174,0,,DET,KCR,1446.631358,1477.480235,0.49014495,0.50985505,1444.170322,1479.94127,1444.083437,1472.286197,Casey Mize,Mike Minor,47.24005801,53.4136513,-5.408600058,11.40482574,0.470326819,0.529673181,1442.331832,1474.037803,2,6
2021-04-23,2021,2175,0,,CLE,NYY,1508.376466,1529.75948,0.503766075,0.496233925,1506.587124,1531.548821,1509.126515,1560.740676,Logan Allen,Jordan Montgomery,45.35198501,52.95223882,-34.52417304,-5.671923403,0.419446301,0.580553699,1508.067009,1561.800181,3,5
2021-04-23,2021,2176,0,,BOS,SEA,1511.328889,1497.022641,0.554904829,0.445095171,1512.505083,1495.846448,1511.232032,1477.451918,Martin Perez,Yusei Kikuchi,48.30220811,46.96012336,-18.40858344,-4.19785809,0.562374766,0.437625234,1512.094843,1476.589107,6,5
2021-04-23,2021,2177,0,,BAL,OAK,1478.429202,1530.601447,0.459545503,0.540454497,1476.818439,1532.212211,1440.456766,1517.959105,Jorge Lopez,Cole Irvin,43.51210356,48.42273575,-22.31970497,-8.784330467,0.406265969,0.593734031,1439.430206,1518.985665,1,3
2021-04-23,2021,2178,0,,CHC,MIL,1504.450943,1515.843132,0.518136138,0.481863862,1509.555054,1510.739021,1501.271101,1525.675414,Kyle Hendricks,Brett Anderson,54.05943137,50.53080221,25.45951081,-9.631726585,0.551781901,0.448218099,1504.759557,1522.186958,15,2
2021-04-22,2021,2179,0,,LAD,SDP,1589.510629,1510.690216,0.643796819,0.356203181,1587.453945,1512.7469,1607.073144,1553.811692,Walker Buehler,Ryan Weathers,57.19864167,48.52043364,5.161087756,-25.62313701,0.651636999,0.348363001,1605.504725,1555.380111,2,3
2021-04-22,2021,2180,0,,SFG,FLA,1508.145482,1487.892757,0.563342625,0.436657375,1510.059784,1485.978455,1487.307127,1467.812052,Aaron Sanchez,Daniel Castano,46.90322079,48.0981345,-11.43118891,-10.69250362,0.561276701,0.438723299,1488.751784,1466.367395,3,0
2021-04-22,2021,2181,0,,HOU,ANA,1525.327231,1492.076747,0.581652381,0.418347619,1527.947993,1489.455986,1540.83307,1509.65398,Cristian Javier,Alex Cobb,52.56614059,49.54789604,3.021342051,-3.559462023,0.588592566,0.411407434,1542.754956,1507.732094,8,2
2021-04-22,2021,2182,0,,CHC,NYM,1503.185675,1500.685024,0.538063715,0.461936285,1504.450943,1499.419756,1500.221053,1534.51129,Trevor Williams,Joey Lucchesi,44.60879565,49.20882135,-18.6937588,-28.77001625,0.499692059,0.500307941,1501.271101,1533.461242,4,3
2021-04-22,2021,2183,0,,BOS,SEA,1514.258306,1494.093225,0.563218515,0.436781485,1511.328889,1497.022641,1513.451522,1475.232428,Nick Pivetta,Justin Dunn,49.09810664,48.35231444,-14.01822385,2.668402758,0.567843099,0.432156901,1511.232032,1477.451918,3,7
2021-04-22,2021,2184,0,,CLE,NYY,1510.612499,1527.523447,0.51020055,0.48979945,1508.376466,1529.75948,1510.823169,1559.044022,Aaron Civale,Domingo German,53.5008924,48.57671276,3.851331014,-26.18931005,0.51498697,0.48501303,1509.126515,1560.740676,3,6
2021-04-22,2021,2185,0,,DET,PIT,1448.400369,1466.589357,0.508361939,0.491638061,1446.631358,1468.358368,1445.563404,1438.213362,Jose Urena,Mitch Keller,48.11608709,45.79568087,-0.614475022,-7.753480344,0.55516471,0.44483529,1444.083437,1439.693328,2,4
2021-04-22,2021,2186,0,,CIN,ARI,1503.276059,1498.549625,0.541246714,0.458753286,1500.817936,1501.007749,1505.003974,1488.587886,Jeff Hoffman,Taylor Widener,47.35860156,49.90971063,-20.83143405,1.73598039,0.525663732,0.474336268,1503.225925,1490.365935,11,14
2021-04-21,2021,2187,0,,KCR,TBD,1475.922605,1539.132944,0.44381014,0.55618986,1477.480235,1537.575314,1471.137209,1531.409821,Jakob Junis,Michael Wacha,48.12316048,47.47074573,-14.13789131,-16.40361503,0.451215845,0.548784155,1472.286197,1530.260832,9,8
2021-04-21,2021,2188,0,,CHC,NYM,1498.418077,1505.452622,0.524395865,0.475604135,1503.185675,1500.685024,1496.485862,1538.24648,Zach Davies,David Peterson,48.78795584,50.76869881,0.713918962,-22.40491758,0.507710485,0.492289515,1500.221053,1534.51129,16,4
2021-04-21,2021,2189,0,,BOS,TOR,1516.729492,1498.935519,0.559857918,0.440142082,1514.258306,1501.406705,1515.147578,1517.952065,Garrett Richards,Trent Thornton,49.53912703,47.30966525,-12.53901685,-6.068115776,0.521177743,0.478822257,1513.451522,1519.648121,3,6
2021-04-21,2021,2190,0,,CIN,ARI,1505.774346,1496.051338,0.548379475,0.451620525,1503.276059,1498.549625,1506.928642,1486.663218,Tyler Mahle,Merrill Kelly,51.60859977,50.05096714,0.459642556,2.558982826,0.560385687,0.439614313,1505.003974,1488.587886,5,8
2021-04-21,2021,2191,0,,DET,PIT,1446.268543,1468.721183,0.502226815,0.497773185,1448.400369,1466.589357,1444.206587,1439.570179,Spencer Turnbull,Miguel Yajure,51.05573182,47.4,13.9870034,-0.716273444,0.562049314,0.437950686,1445.563404,1438.213362,5,2
2021-04-21,2021,2192,0,,NYY,ATL,1529.903416,1529.36046,0.535261521,0.464738479,1527.523447,1531.740429,1560.919865,1528.935976,Corey Kluber,Ian Anderson,51.59351963,53.60322588,-11.93954276,4.150405234,0.557161002,0.442838998,1559.044022,1530.811819,1,4
2021-04-21,2021,2193,0,,SDP,MIL,1512.770503,1513.762846,0.533062365,0.466937635,1510.690216,1515.843132,1555.709184,1523.777923,Dinelson Lamet,Adrian Houser,56.08054185,48.05983645,9.77565866,-21.49003758,0.622916548,0.377083452,1553.811692,1525.675414,2,4
2021-04-21,2021,2194,0,,ANA,TEX,1494.697066,1472.435335,0.566185302,0.433814698,1492.076747,1475.055654,1511.679226,1460.08088,Jose Quintana,Mike Foltynewicz,46.46899473,50.25290889,-17.58602892,1.926481861,0.580020129,0.419979871,1509.65398,1462.106127,4,7
2021-04-21,2021,2195,0,,WSN,STL,1510.749798,1510.682168,0.534580807,0.465419193,1512.043886,1509.388079,1512.585115,1501.990767,Max Scherzer,Carlos Martinez,58.80261293,46.52882604,34.64109798,-17.20667288,0.621895353,0.378104647,1513.320106,1501.255776,1,0
2021-04-21,2021,2196,0,,OAK,MIN,1529.403675,1514.506626,0.55574465,0.44425535,1530.601447,1513.308853,1516.908751,1530.54094,Frankie Montas,Kenta Maeda,50.35948087,56.73949766,-1.053687883,10.79022998,0.497875723,0.502124277,1517.959105,1529.490586,13,12
2021-04-21,2021,2197,0,,COL,HOU,1475.392265,1527.580736,0.459522305,0.540477695,1477.64577,1525.327231,1444.195277,1542.851006,Austin Gomber,Jose Urquidy,50.85496055,53.35655113,-5.853494525,6.220166526,0.37771588,0.62228412,1446.213213,1540.83307,6,3
2021-04-21,2021,2198,0,,DET,PIT,1447.654393,1467.335333,0.506215307,0.493784693,1446.268543,1468.721183,1445.269571,1438.507194,Michael Fulmer,Tyler Anderson,46.02152554,49.2336145,-9.617076068,8.442040052,0.515409897,0.484590103,1444.206587,1439.570179,2,3
2021-04-21,2021,2199,0,,FLA,BAL,1485.853644,1480.468315,0.542188339,0.457811661,1487.892757,1478.429202,1466.429759,1441.839059,Trevor Rogers,Bruce Zimmermann,49.79501404,46.9495295,-1.593408278,-6.349144076,0.576174016,0.423825984,1467.812052,1440.456766,3,0
2021-04-21,2021,2200,0,,PHI,SFG,1496.529567,1509.481106,0.515894655,0.484105345,1497.865191,1508.145482,1503.201321,1488.226769,Zach Eflin,Anthony DeSclafani,51.4656111,50.39591104,-1.302669961,4.797401658,0.547169494,0.452830506,1504.120964,1487.307127,6,5
2021-04-20,2021,2201,0,,SDP,MIL,1516.50487,1510.028478,0.543746907,0.456253093,1512.770503,1513.762846,1558.26166,1521.225446,Chris Paddack,Corbin Burnes,48.10376119,58.69358183,-28.35503553,29.485102,0.504599394,0.495400606,1555.709184,1523.777923,0,6
2021-04-20,2021,2202,0,,ANA,TEX,1492.47319,1474.659211,0.559886296,0.440113704,1494.697066,1472.435335,1510.307833,1461.452273,Shohei Ohtani,Jordan Lyles,48.95865625,46.09630758,-5.648922952,-17.26835741,0.619229035,0.380770965,1511.679226,1460.08088,6,2
2021-04-20,2021,2203,0,,OAK,MIN,1528.19379,1515.71651,0.552302989,0.447697011,1529.403675,1514.506626,1515.8101,1531.639591,Jesus Luzardo,Jose Berrios,46.70227093,55.48874936,-17.24689835,5.215311037,0.479444182,0.520555818,1516.908751,1530.54094,1,0
2021-04-20,2021,2204,0,,COL,HOU,1472.665184,1530.307817,0.451735113,0.548264887,1475.392265,1527.580736,1442.020453,1545.025831,Jon Gray,Luis Garcia,53.42065923,48.64523877,7.316705212,-15.3000344,0.423936094,0.576063906,1444.195277,1542.851006,6,2
2021-04-20,2021,2205,0,,KCR,TBD,1479.048939,1536.00661,0.452711853,0.547288147,1475.922605,1539.132944,1473.46454,1529.082489,Brad Keller,Rich Hill,51.98219829,52.42928929,2.971476752,6.130976611,0.450117716,0.549882284,1471.137209,1531.409821,7,14
2021-04-20,2021,2206,0,,CHC,NYM,1496.664606,1507.206093,0.519358675,0.480641325,1498.418077,1505.452622,1495.089045,1539.643298,Jake Arrieta,Taijuan Walker,48.38519146,52.3441964,-0.86954658,-15.48200929,0.495786573,0.504213427,1496.485862,1538.24648,3,1
2021-04-20,2021,2207,0,,BOS,TOR,1515.235775,1500.429236,0.555616009,0.444383991,1516.729492,1498.935519,1513.862138,1519.237505,Eduardo Rodriguez,Hyun Jin Ryu,56.85999654,56.79222476,22.22234233,38.26321312,0.505207508,0.494792492,1515.147578,1517.952065,4,2
2021-04-20,2021,2208,0,,WSN,STL,1509.442351,1511.989614,0.530833794,0.469166206,1510.749798,1510.682168,1511.579467,1502.996415,Patrick Corbin,Adam Wainwright,48.027846,50.53762424,-15.04455163,2.62458501,0.521449677,0.478550323,1512.585115,1501.990767,3,2
2021-04-20,2021,2209,0,,PHI,SFG,1498.895307,1507.115365,0.52269356,0.47730644,1496.529567,1509.481106,1505.362577,1486.065513,Zack Wheeler,Logan Webb,56.41237138,46.40601128,21.39781485,-14.53115898,0.612079495,0.387920505,1503.201321,1488.226769,7,10
2021-04-20,2021,2210,0,,FLA,BAL,1487.963914,1478.358044,0.548212472,0.451787528,1485.853644,1480.468315,1468.138803,1440.130015,Nick Neidert,Matt Harvey,46.90181599,44.15975841,-16.49081547,-19.57940628,0.583150509,0.416849491,1466.429759,1441.839059,5,7
2021-04-20,2021,2211,0,,CIN,ARI,1507.335023,1494.490662,0.552825424,0.447174576,1505.774346,1496.051338,1508.069912,1485.521948,Luis Castillo,Zac Gallen,54.72559039,56.78475409,14.63058628,34.46560009,0.541644331,0.458355669,1506.928642,1486.663218,4,5
2021-04-20,2021,2212,0,,NYY,ATL,1528.26054,1531.003336,0.530553461,0.469446539,1529.903416,1529.36046,1559.742655,1530.113186,Jameson Taillon,Charlie Morton,53.16249363,56.77048764,-4.036928552,19.67969916,0.546902715,0.453097285,1560.919865,1528.935976,3,1
2021-04-20,2021,2213,0,,OAK,MIN,1524.96568,1518.944621,0.543096574,0.456903426,1528.19379,1515.71651,1513.250228,1534.199463,Sean Manaea,Matt Shoemaker,51.75459679,53.08152563,7.53879125,-7.633308305,0.522777371,0.477222629,1515.8101,1531.639591,7,0
2021-04-20,2021,2214,0,,CLE,CHW,1513.017966,1508.382892,0.541116129,0.458883871,1510.612499,1510.788359,1512.66362,1517.411348,Zach Plesac,Carlos Rodon,54.41449794,52.60840205,7.320544007,-5.263106302,0.549906433,0.450093567,1510.823169,1519.251799,5,8
2021-04-20,2021,2215,0,,SEA,LAD,1495.165046,1588.438808,0.401607456,0.598392544,1494.093225,1589.510629,1476.064454,1606.241118,Marco Gonzales,Julio Urias,52.13358428,51.03506749,21.84309649,-22.50142615,0.411944085,0.588055915,1475.232428,1607.073144,0,1
2021-04-19,2021,2216,0,,SEA,LAD,1493.362402,1590.241452,0.39663029,0.60336971,1495.165046,1588.438808,1474.740638,1607.564934,Justus Sheffield,Dustin May,50.11586332,50.11291271,12.63857025,-27.32255257,0.406560668,0.593439332,1476.064454,1606.241118,4,3
2021-04-19,2021,2217,0,,SDP,MIL,1518.666893,1507.866456,0.549915038,0.450084962,1516.50487,1510.028478,1559.931679,1519.555428,Joe Musgrove,Brandon Woodruff,55.91853106,59.23587922,8.776240662,32.7618004,0.563149609,0.436850391,1558.26166,1521.225446,1,3
2021-04-19,2021,2218,0,,ANA,TEX,1494.623665,1472.508736,0.565977726,0.434022274,1492.47319,1474.659211,1512.203018,1459.557088,Dylan Bundy,Kohei Arihara,53.84602228,49.51467635,16.62492389,-0.160906992,0.641826475,0.358173525,1510.307833,1461.452273,4,6
2021-04-19,2021,2219,0,,KCR,TBD,1480.974174,1534.081375,0.458209097,0.541790903,1479.048939,1536.00661,1475.005508,1527.541522,Danny Duffy,Josh Fleming,52.18809797,49.16373831,4.591011022,-8.32661654,0.482130628,0.517869372,1473.46454,1529.082489,1,4
2021-04-19,2021,2220,0,,WSN,STL,1513.465264,1507.966702,0.54235013,0.45764987,1509.442351,1511.989614,1514.324731,1500.251151,Joe Ross,Jack Flaherty,50.85686201,57.16409541,-4.011266179,33.74605263,0.50266775,0.49733225,1511.579467,1502.996415,5,12
2021-04-19,2021,2221,0,,PHI,SFG,1500.861779,1505.148893,0.52833872,0.47166128,1498.895307,1507.115365,1506.858885,1484.569206,Chase Anderson,Kevin Gausman,49.35509095,52.27028624,-11.78229731,13.59104894,0.534530893,0.465469107,1505.362577,1486.065513,0,2
2021-04-19,2021,2222,0,,BOS,CHW,1512.002628,1511.616038,0.535037603,0.464962397,1515.235775,1508.382892,1511.109595,1520.163891,Nathan Eovaldi,Lucas Giolito,53.33080277,60.7602531,5.920610168,30.64797376,0.485926779,0.514073221,1513.862138,1517.411348,11,4
2021-04-18,2021,2223,0,,CHC,ATL,1500.866363,1526.801578,0.49721503,0.50278497,1496.664606,1531.003336,1498.800039,1526.402192,Kyle Hendricks,Bryse Wilson,56.29852324,49.34113337,34.56400649,-15.96607036,0.567126991,0.432873009,1495.089045,1530.113186,4,13
2021-04-18,2021,2224,0,,BOS,CHW,1514.802633,1508.816033,0.543047352,0.456952648,1512.002628,1511.616038,1513.268062,1518.005424,Martin Perez,Michael Kopech,48.23430204,46.3148062,-18.15061771,-37.41949886,0.555225087,0.444774913,1511.109595,1520.163891,1,5
2021-04-18,2021,2225,0,,SEA,HOU,1490.165006,1533.505213,0.472195917,0.527804083,1493.362402,1530.307817,1471.965837,1547.800632,Nick Margevicius,Jake Odorizzi,43.80797589,51.39573957,-16.49314547,-2.579157388,0.406493453,0.593506547,1474.740638,1545.025831,7,2
2021-04-18,2021,2226,0,,SDP,LAD,1515.906164,1593.002181,0.424178039,0.575821961,1518.666893,1590.241452,1557.861625,1609.634988,Blake Snell,Trevor Bauer,54.37600772,61.58744378,1.742062097,26.98656278,0.424287929,0.575712071,1559.931679,1607.564934,5,2
2021-04-18,2021,2227,0,,OAK,DET,1524.064716,1448.555358,0.639414061,0.360585939,1524.96568,1447.654393,1512.567591,1445.952208,Chris Bassitt,Matthew Boyd,53.232967,49.59920716,14.90924573,7.962633393,0.636825442,0.363174558,1513.250228,1445.269571,3,2
2021-04-18,2021,2228,0,,COL,NYM,1473.99093,1505.880347,0.488648168,0.511351832,1472.665184,1507.206093,1442.761801,1538.90195,Antonio Senzatela,Marcus Stroman,49.47871795,54.20666352,-10.34744634,-5.479131029,0.390955794,0.609044206,1442.020453,1539.643298,1,2
2021-04-18,2021,2229,0,,TEX,BAL,1471.220825,1479.645956,0.522399036,0.477600964,1472.508736,1478.358044,1458.561817,1441.125286,Kyle Gibson,John Means,48.77475456,54.7819207,-1.973846123,31.8337427,0.510977166,0.489022834,1459.557088,1440.130015,1,0
2021-04-18,2021,2230,0,,MIL,PIT,1509.653251,1465.548538,0.59677423,0.40322577,1507.866456,1467.335333,1521.035589,1437.027032,Freddy Peralta,Chad Kuhl,49.63862945,45.90083236,-12.38465565,-7.296409046,0.643928681,0.356071319,1519.555428,1438.507194,5,6
2021-04-18,2021,2231,0,,KCR,TOR,1479.240328,1502.163082,0.501550276,0.498449724,1480.974174,1500.429236,1473.613921,1520.629092,Brady Singer,Robbie Ray,51.55369284,48.14990785,2.545358071,-2.178521537,0.473701009,0.526298991,1475.005508,1519.237505,2,0
2021-04-18,2021,2232,0,,FLA,SFG,1489.457892,1503.654915,0.514103876,0.485896124,1487.963914,1505.148893,1469.312474,1483.395535,Pablo Lopez,Alex Wood,51.38153075,47.44787504,5.173799035,-8.339081527,0.5336672,0.4663328,1468.138803,1484.569206,0,1
2021-04-18,2021,2233,0,,CIN,CLE,1509.74829,1510.6047,0.533257128,0.466742872,1507.335023,1513.017966,1509.531813,1511.201718,Wade Miley,Shane Bieber,49.62722079,62.73945204,-9.777017915,47.19091125,0.450316645,0.549683355,1508.069912,1512.66362,3,6
2021-04-18,2021,2234,0,,BOS,CHW,1516.329861,1507.288806,0.547407071,0.452592929,1514.802633,1508.816033,1514.419816,1516.853671,Tanner Houck,Dallas Keuchel,52.21353362,51.54858874,0.262983389,-12.92602993,0.549850524,0.450149476,1513.268062,1518.005424,2,3
2021-04-18,2021,2235,0,,WSN,ARI,1516.118688,1491.837237,0.569038756,0.430961244,1513.465264,1494.490662,1516.271308,1483.575371,Paolo Espino,Madison Bumgarner,46.26762221,47.087233,-25.97178833,-10.46527603,0.559000194,0.440999806,1514.324731,1485.521948,2,5
2021-04-18,2021,2236,0,,PHI,STL,1499.11461,1509.713871,0.519275656,0.480724344,1500.861779,1507.966702,1505.765937,1501.344099,Aaron Nola,John Gant,56.70045946,49.1330474,24.78840622,-4.15525985,0.581813486,0.418186514,1506.858885,1500.251151,2,0
2021-04-18,2021,2237,0,,NYY,TBD,1530.181181,1532.160734,0.531647606,0.468352394,1528.26054,1534.081375,1561.727284,1525.556893,Gerrit Cole,Andrew Kittredge,65.08066861,47.14037977,52.66472383,-17.79980747,0.679613258,0.320386742,1559.742655,1527.541522,2,4
2021-04-17,2021,2238,0,,SEA,HOU,1491.505452,1532.164767,0.476043675,0.523956325,1490.165006,1533.505213,1472.664825,1547.101645,Chris Flexen,Zack Greinke,39.47089306,53.91140553,-36.55064534,10.53937033,0.363221369,0.636778631,1471.965837,1547.800632,0,1
2021-04-17,2021,2239,0,,SDP,LAD,1517.48171,1591.426635,0.428614524,0.571385476,1515.906164,1593.002181,1559.270076,1608.226536,Yu Darvish,Clayton Kershaw,59.92937922,57.86506797,29.01889019,10.25926011,0.49108299,0.50891701,1557.861625,1609.634988,0,2
2021-04-17,2021,2240,0,,COL,NYM,1471.058769,1508.812508,0.48021711,0.51978289,1473.99093,1505.880347,1440.45644,1541.207311,German Marquez,Joey Lucchesi,55.50204184,49.09544043,19.24612459,-29.69222375,0.46005984,0.53994016,1442.761801,1538.90195,7,2
2021-04-17,2021,2241,0,,MIL,PIT,1507.078133,1468.123655,0.589620098,0.410379902,1509.653251,1465.548538,1519.389588,1438.673034,Brett Anderson,Trevor Cahill,49.79820091,47.18492433,-11.05659046,-2.08780773,0.634406645,0.365593355,1521.035589,1437.027032,7,1
2021-04-17,2021,2242,0,,TEX,BAL,1474.291993,1476.574788,0.531212929,0.468787071,1471.220825,1479.645956,1461.158525,1438.528577,Dane Dunning,Dean Kremer,51.64219099,47.78549916,12.62128543,-0.422804494,0.585043225,0.414956775,1458.561817,1441.125286,1,6
2021-04-17,2021,2243,0,,KCR,TOR,1477.867526,1503.535884,0.497599059,0.502400941,1479.240328,1502.163082,1472.500197,1521.742816,Ervin Santana,Tommy Milone,46.27870244,43.75041157,-22.03897557,-22.82405954,0.464860801,0.535139199,1473.613921,1520.629092,3,2
2021-04-17,2021,2244,0,,FLA,SFG,1488.051329,1505.061478,0.510057846,0.489942154,1489.457892,1503.654915,1468.3816,1484.326409,Sandy Alcantara,Aaron Sanchez,54.25866036,46.67177929,18.85951732,-11.88805708,0.555610647,0.444389353,1469.312474,1483.395535,7,6
2021-04-17,2021,2245,0,,COL,NYM,1472.36854,1507.502737,0.483982086,0.516017914,1471.058769,1508.812508,1440.988046,1540.675705,Chi Chi Gonzalez,Jacob deGrom,46.94395845,63.95418178,-20.38628876,40.93451057,0.310527479,0.689472521,1440.45644,1541.207311,3,4
2021-04-17,2021,2246,0,,CIN,CLE,1508.473054,1511.879935,0.529601224,0.470398776,1509.74829,1510.6047,1508.71538,1512.018152,Sonny Gray,Triston McKenzie,57.22000649,50.1393742,25.64428811,-12.01639628,0.583202786,0.416797214,1509.531813,1511.201718,3,2
2021-04-17,2021,2247,0,,OAK,DET,1521.664267,1450.955806,0.633017923,0.366982077,1524.064716,1448.555358,1510.514978,1448.004821,Cole Irvin,Casey Mize,46.54250331,48.68377934,-15.63180048,2.874609917,0.596634365,0.403365635,1512.567591,1445.952208,7,0
2021-04-17,2021,2248,0,,PHI,STL,1502.289144,1506.539337,0.528391683,0.471608317,1499.11461,1509.713871,1507.91628,1499.193756,Matt Moore,Kwang Hyun Kim,43.73124059,50.91905753,-37.6997174,4.030526349,0.487039752,0.512960248,1505.765937,1501.344099,4,9
2021-04-17,2021,2249,0,,BOS,CHW,1514.408617,1509.210049,0.54192147,0.45807853,1516.329861,1507.288806,1513.025182,1518.248304,Nick Pivetta,Dylan Cease,49.21166032,47.32941652,-14.09349654,-32.79160726,0.553316241,0.446683759,1514.419816,1516.853671,7,4
2021-04-17,2021,2250,0,,CHC,ATL,1496.471362,1531.19658,0.484570072,0.515429928,1500.866363,1526.801578,1495.425736,1529.776494,Trevor Williams,Huascar Ynoa,43.90612121,49.61836278,-23.252292,-16.05829781,0.474772512,0.525227488,1498.800039,1526.402192,13,4
2021-04-17,2021,2251,0,,KCR,TOR,1480.429196,1500.974214,0.504971956,0.495028044,1477.867526,1503.535884,1474.388879,1519.854134,Mike Minor,Steven Matz,53.99783709,47.06375077,13.83012389,-6.332371655,0.498125187,0.501874813,1472.500197,1521.742816,1,5
2021-04-17,2021,2252,0,,WSN,ARI,1513.902725,1494.0532,0.562771603,0.437228397,1516.118688,1491.837237,1514.397241,1485.449438,Erick Fedde,Luke Weaver,45.00346368,51.02994098,-31.54808604,7.403153389,0.520131786,0.479868214,1516.271308,1483.575371,6,2
2021-04-17,2021,2253,0,,NYY,TBD,1532.57908,1529.762835,0.538515227,0.461484773,1530.181181,1532.160734,1563.568833,1523.715344,Jordan Montgomery,Tyler Glasnow,52.84665059,56.099482,-4.783745347,24.96593755,0.548922298,0.451077702,1561.727284,1525.556893,3,6
2021-04-16,2021,2254,0,,SEA,HOU,1489.977879,1533.69234,0.47165902,0.52834098,1491.505452,1532.164767,1471.345989,1548.42048,Yusei Kikuchi,Jose Urquidy,46.87082085,53.11150484,-1.704081186,7.069356987,0.408331061,0.591668939,1472.664825,1547.101645,6,5
2021-04-16,2021,2255,0,,SDP,LAD,1520.024616,1588.883729,0.43579891,0.56420109,1517.48171,1591.426635,1561.037527,1606.459086,Ryan Weathers,Walker Buehler,47.4,57.57855528,-29.5325935,8.64195121,0.411601476,0.588398524,1559.270076,1608.226536,6,11
2021-04-16,2021,2256,0,,OAK,DET,1520.155787,1452.464286,0.628974217,0.371025783,1521.664267,1450.955806,1509.342303,1449.177496,Frankie Montas,Jose Urena,49.2046663,47.41450004,-2.054655298,-2.456071683,0.61935285,0.38064715,1510.514978,1448.004821,3,0
2021-04-16,2021,2257,0,,ANA,MIN,1490.897577,1522.670708,0.488815431,0.511184569,1494.623665,1518.944621,1509.986875,1536.415606,Andrew Heaney,Lewis Thorpe,51.5086115,45.10773074,6.18836576,-45.13791724,0.573342948,0.426657052,1512.203018,1534.199463,10,3
2021-04-16,2021,2258,0,,MIL,PIT,1510.836306,1464.365483,0.600047413,0.399952587,1507.078133,1468.123655,1522.365195,1435.697426,Adrian Houser,JT Brubaker,48.25440552,48.96364636,-18.68214521,7.344327021,0.625773877,0.374226123,1519.389588,1438.673034,1,6
2021-04-16,2021,2259,0,,TEX,BAL,1476.599859,1474.266922,0.537823744,0.462176256,1474.291993,1476.574788,1463.216878,1436.470225,Mike Foltynewicz,Jorge Lopez,50.7862322,42.6560801,8.178742636,-23.96607273,0.61747986,0.38252014,1461.158525,1438.528577,2,5
2021-04-16,2021,2260,0,,FLA,SFG,1485.790832,1507.321976,0.50355291,0.49644709,1488.051329,1505.061478,1466.591016,1486.116992,Daniel Castano,Anthony DeSclafani,47.40479083,49.87183918,-13.09355926,3.681668639,0.48135633,0.51864367,1468.3816,1484.326409,4,1
2021-04-16,2021,2261,0,,CIN,CLE,1505.042132,1515.310857,0.519750611,0.480249389,1508.473054,1511.879935,1506.269361,1514.46417,Jeff Hoffman,Logan Allen,47.18787813,45.99094416,-21.56185367,-32.19635396,0.53843428,0.46156572,1508.71538,1512.018152,10,3
2021-04-16,2021,2262,0,,WSN,ARI,1512.697197,1495.258728,0.559353577,0.440646423,1513.902725,1494.0532,1513.656416,1486.190263,Max Scherzer,Taylor Widener,57.64787667,48.40366179,29.25869406,-4.132269959,0.619747549,0.380252451,1514.397241,1485.449438,1,0
2021-04-16,2021,2263,0,,PHI,STL,1498.838184,1509.990297,0.518481173,0.481518827,1502.289144,1506.539337,1505.61462,1501.495417,Zach Eflin,Carlos Martinez,50.82115029,46.63536107,-3.809443105,-16.36665651,0.560393766,0.439606234,1507.91628,1499.193756,9,2
2021-04-16,2021,2264,0,,NYY,TBD,1536.233852,1526.108062,0.548953633,0.451046367,1532.57908,1529.762835,1566.578937,1520.70524,Nick Nelson,Michael Wacha,47.4,45.72953506,-30.9779252,-22.35967176,0.591796597,0.408203403,1563.568833,1523.715344,2,8
2021-04-16,2021,2265,0,,CHC,ATL,1498.664821,1529.003121,0.490879465,0.509120535,1496.471362,1531.19658,1497.340856,1527.861375,Zach Davies,Kyle Wright,49.50026189,44.83395281,2.394546979,-38.65114213,0.554637113,0.445362887,1495.425736,1529.776494,2,5
2021-04-15,2021,2266,0,,LAD,COL,1587.881912,1473.370357,0.689404466,0.310595534,1588.883729,1472.36854,1605.850363,1441.596769,Julio Urias,Austin Gomber,51.9662563,50.72921265,-18.79916311,-2.514354813,0.729074472,0.270925528,1606.459086,1440.988046,7,5
2021-04-15,2021,2267,0,,OAK,DET,1518.363675,1454.256398,0.624146637,0.375853363,1520.155787,1452.464286,1508.082172,1450.437627,Sean Manaea,Tarik Skubal,51.407068,46.45792455,8.710413894,-7.001769667,0.64090318,0.35909682,1509.342303,1449.177496,8,4
2021-04-15,2021,2268,0,,KCR,TOR,1478.688419,1502.714992,0.499961758,0.500038242,1480.429196,1500.974214,1472.920046,1521.322967,Jakob Junis,Anthony Kay,47.5848071,47.9343717,-15.96471199,-2.744385654,0.450238775,0.549761225,1474.388879,1519.854134,7,5
2021-04-15,2021,2269,0,,TBD,TEX,1528.500791,1474.20713,0.610804355,0.389195645,1526.108062,1476.599859,1522.691398,1461.23072,Rich Hill,Jordan Lyles,53.74767382,45.93844653,14.2285848,-14.60349556,0.658793442,0.341206558,1520.70524,1463.216878,4,6
2021-04-15,2021,2270,0,,WSN,ARI,1516.201049,1491.754876,0.569271273,0.430728727,1512.697197,1495.258728,1516.241976,1483.604703,Patrick Corbin,Merrill Kelly,50.83359333,50.87740792,-5.460444575,6.785335877,0.561876897,0.438123103,1513.656416,1486.190263,6,11
2021-04-15,2021,2271,0,,BAL,SEA,1475.686285,1488.558516,0.516008673,0.483991327,1474.266922,1489.977879,1437.447783,1470.368431,Bruce Zimmermann,Justin Dunn,47.4598778,47.47476475,-1.692989869,1.812497501,0.482124975,0.517875025,1436.470225,1471.345989,1,2
2021-04-15,2021,2272,0,,CHW,CLE,1511.138425,1513.382481,0.531268462,0.468731538,1509.210049,1515.310857,1519.87731,1512.835165,Lance Lynn,Aaron Civale,60.51770466,53.01287726,29.65460407,1.278248299,0.584686071,0.415313929,1518.248304,1514.46417,2,4
2021-04-15,2021,2273,0,,MIN,BOS,1521.452894,1515.626431,0.542818595,0.457181405,1522.670708,1514.408617,1535.624338,1513.816451,Michael Pineda,Garrett Richards,55.0349261,49.05057889,2.819942929,-14.53671111,0.58991266,0.41008734,1536.415606,1513.025182,4,3
2021-04-15,2021,2274,0,,PIT,SDP,1467.074953,1517.315146,0.462308963,0.537691037,1464.365483,1520.024616,1437.360407,1559.374546,Mitch Keller,Chris Paddack,47.51975725,48.04559577,-0.991466657,-26.71072514,0.397435324,0.602564676,1435.697426,1561.037527,3,8
2021-04-15,2021,2275,0,,BAL,SEA,1477.575616,1486.669185,0.521438926,0.478561074,1475.686285,1488.558516,1438.552904,1469.263309,Matt Harvey,Marco Gonzales,43.59624736,51.95360465,-19.51752784,23.26487464,0.429252029,0.570747971,1437.447783,1470.368431,2,4
2021-04-15,2021,2276,0,,ATL,FLA,1527.95035,1486.843602,0.592614591,0.407385409,1529.003121,1485.790832,1527.173315,1467.279076,Ian Anderson,Trevor Rogers,54.39157672,49.38001467,5.846472583,-3.612068247,0.631203147,0.368796853,1527.861375,1466.591016,7,6
2021-04-14,2021,2277,0,,LAD,COL,1586.867908,1474.384361,0.686899218,0.313100782,1587.881912,1473.370357,1605.139491,1442.307642,Dustin May,Jon Gray,50.40753446,54.0253713,-26.654801,12.53450655,0.70054591,0.29945409,1605.850363,1441.596769,4,2
2021-04-14,2021,2278,0,,CHW,CLE,1507.447151,1517.073756,0.520673186,0.479326814,1511.138425,1513.382481,1516.886431,1515.826044,Carlos Rodon,Zach Plesac,50.37890185,56.4666059,-16.06266558,15.73918326,0.490299474,0.509700526,1519.87731,1512.835165,8,0
2021-04-14,2021,2279,0,,ATL,FLA,1529.665021,1485.128932,0.597371631,0.402628369,1527.95035,1486.843602,1528.658557,1465.793834,Charlie Morton,Nick Neidert,57.4646387,47.55103593,19.8357191,-12.70144278,0.665373265,0.334626735,1527.173315,1467.279076,5,6
2021-04-14,2021,2280,0,,TBD,TEX,1531.952286,1470.755635,0.620208042,0.379791958,1528.500791,1474.20713,1525.308786,1458.613332,Josh Fleming,Kohei Arihara,49.14356411,47.57822524,-7.474093522,-5.863007263,0.62546517,0.37453483,1522.691398,1461.23072,1,5
2021-04-14,2021,2281,0,,NYM,PHI,1505.147138,1501.193783,0.540141534,0.459858466,1507.502737,1498.838184,1538.722634,1507.567691,David Peterson,Zack Wheeler,48.828716,56.79492494,-29.35457401,24.14918932,0.50237622,0.49762378,1540.675705,1505.61462,5,1
2021-04-14,2021,2282,0,,HOU,DET,1536.263753,1451.684984,0.651361595,0.348638405,1533.69234,1454.256398,1550.533207,1448.3249,Lance McCullers Jr.,Michael Fulmer,52.66812203,45.53099168,4.055806562,-11.00732556,0.692796046,0.307203954,1548.42048,1450.437627,4,6
2021-04-14,2021,2283,0,,PIT,SDP,1464.125993,1520.264106,0.453881002,0.546118998,1467.074953,1517.315146,1434.578913,1562.15604,Tyler Anderson,Joe Musgrove,48.72772407,56.19262304,5.213650901,11.43702685,0.347043018,0.652956982,1437.360407,1559.374546,5,1
2021-04-14,2021,2284,0,,MIN,BOS,1525.096983,1511.982342,0.553210015,0.446789985,1521.452894,1515.626431,1538.350922,1511.089867,Jose Berrios,Eduardo Rodriguez,55.82587672,56.53956932,6.283344551,21.17449042,0.552150156,0.447849844,1535.624338,1513.816451,1,7
2021-04-14,2021,2285,0,,SFG,CIN,1505.226121,1507.137987,0.531744625,0.468255375,1507.321976,1505.042132,1484.439557,1507.946796,Johnny Cueto,Tyler Mahle,49.26979614,51.10926384,1.775132111,-2.688853616,0.507132848,0.492867152,1486.116992,1506.269361,3,0
2021-04-14,2021,2286,0,,MIN,BOS,1526.659691,1510.419634,0.557652537,0.442347463,1525.096983,1511.982342,1539.601394,1509.839395,Kenta Maeda,Nathan Eovaldi,57.19731978,52.97844987,12.4230042,4.816606797,0.58740908,0.41259092,1538.350922,1511.089867,2,3
2021-04-14,2021,2287,0,,KCR,ANA,1475.866189,1493.719807,0.508844432,0.491155568,1478.688419,1490.897577,1470.579163,1512.327759,Brad Keller,Griffin Canning,51.16501865,51.58724909,1.646900138,6.466820013,0.467566899,0.532433101,1472.920046,1509.986875,6,1
2021-04-14,2021,2288,0,,MIL,CHC,1507.579357,1501.92177,0.542577335,0.457422665,1510.836306,1498.664821,1520.348961,1499.35709,Corbin Burnes,Jake Arrieta,57.27751045,48.26409072,25.04175117,-3.334972521,0.604043912,0.395956088,1522.365195,1497.340856,7,0
2021-04-14,2021,2289,0,,STL,WSN,1513.585022,1512.606324,0.535885428,0.464114572,1509.990297,1516.201049,1504.210734,1513.526658,Adam Wainwright,Joe Ross,50.93574231,49.92376459,3.505963965,-8.949018259,0.538977003,0.461022997,1501.495417,1516.241976,0,6
2021-04-14,2021,2290,0,,TOR,NYY,1501.289516,1537.659328,0.482205927,0.517794073,1502.714992,1536.233852,1520.270455,1567.631448,T.J. Zeuch,Corey Kluber,50.15497612,52.39753062,7.158418593,-8.328587506,0.488670362,0.511329638,1521.322967,1566.578937,5,4
2021-04-13,2021,2291,0,,LAD,COL,1584.882272,1476.369996,0.681961764,0.318038236,1586.867908,1474.384361,1604.268536,1443.178596,Trevor Bauer,Antonio Senzatela,60.82714618,50.99864112,23.26470085,-3.151366718,0.773825961,0.226174039,1605.139491,1442.307642,7,0
2021-04-13,2021,2292,0,,SFG,CIN,1503.888188,1508.47592,0.527907465,0.472092535,1505.226121,1507.137987,1483.355979,1509.030374,Kevin Gausman,Luis Castillo,52.70762025,55.44822873,17.69879946,17.19697104,0.498312547,0.501687453,1484.439557,1507.946796,7,6
2021-04-13,2021,2293,0,,KCR,ANA,1474.518592,1495.067404,0.504966495,0.495033505,1475.866189,1493.719807,1469.443395,1513.463526,Danny Duffy,Dylan Bundy,51.8774244,53.44910881,5.340646797,15.74814076,0.456322738,0.543677262,1470.579163,1512.327759,3,2
2021-04-13,2021,2294,0,,HOU,DET,1541.002671,1446.946067,0.663646836,0.336353164,1536.263753,1451.684984,1554.234068,1444.624039,Jake Odorizzi,Matthew Boyd,52.93153522,48.73761499,3.889091555,4.922929927,0.682041557,0.317958443,1550.533207,1448.3249,2,8
2021-04-13,2021,2295,0,,CHW,CLE,1509.352493,1515.168414,0.526145125,0.473854875,1507.447151,1517.073756,1518.314169,1514.398305,Lucas Giolito,Shane Bieber,59.89556144,61.18384417,29.77620672,39.77017627,0.525768828,0.474231172,1516.886431,1515.826044,0,2
2021-04-13,2021,2296,0,,NYM,PHI,1502.746212,1503.594709,0.533268466,0.466731534,1505.147138,1501.193783,1536.894722,1509.395603,Marcus Stroman,Aaron Nola,53.46608787,57.04619502,-6.932106199,25.25774469,0.527759696,0.472240304,1538.722634,1507.567691,4,0
2021-04-13,2021,2297,0,,STL,WSN,1509.062613,1517.128733,0.522914633,0.477085367,1513.585022,1512.606324,1500.659963,1517.077429,Jack Flaherty,Stephen Strasburg,56.63757704,59.74671342,31.11062066,35.0033081,0.505309916,0.494690084,1504.210734,1513.526658,14,3
2021-04-13,2021,2298,0,,MIL,CHC,1509.182801,1500.318326,0.547155224,0.452844776,1507.579357,1501.92177,1521.723497,1497.982554,Brandon Woodruff,Alec Mills,58.71495369,49.71506456,32.61353979,3.542612924,0.608774706,0.391225294,1520.348961,1499.35709,2,3
2021-04-13,2021,2299,0,,ATL,FLA,1533.867977,1480.925975,0.608953103,0.391046897,1529.665021,1485.128932,1531.795735,1462.656656,Max Fried,Pablo Lopez,52.15562366,52.79796123,-7.114712717,10.73501158,0.606685351,0.393314649,1528.658557,1465.793834,8,14
2021-04-13,2021,2300,0,,BAL,SEA,1476.271576,1487.973225,0.517691361,0.482308639,1477.575616,1486.669185,1437.558272,1470.257942,Dean Kremer,Nick Margevicius,48.56131895,44.35684355,3.414895199,-13.0867052,0.511225993,0.488774007,1438.552904,1469.263309,7,6
2021-04-13,2021,2301,0,,TBD,TEX,1535.952465,1466.755457,0.630994385,0.369005615,1531.952286,1470.755635,1528.380998,1455.54112,Ryan Yarbrough,Kyle Gibson,51.24558821,48.03017842,1.740583445,-3.069621973,0.642250391,0.357749609,1525.308786,1458.613332,3,8
2021-04-13,2021,2302,0,,TOR,NYY,1498.554838,1540.394006,0.474349911,0.525650089,1501.289516,1537.659328,1518.401671,1569.500233,Hyun Jin Ryu,Jameson Taillon,55.9121088,54.40139334,35.39823353,-0.075756015,0.512050875,0.487949125,1520.270455,1567.631448,7,3
2021-04-13,2021,2303,0,,PIT,SDP,1461.119662,1523.270437,0.445316228,0.554683772,1464.125993,1520.264106,1431.706064,1565.028889,Chad Kuhl,Blake Snell,46.8902516,55.6325813,-4.396488648,7.700658065,0.33204517,0.66795483,1434.578913,1562.15604,8,4
2021-04-13,2021,2304,0,,NYM,PHI,1501.448624,1504.892297,0.529548462,0.470451538,1502.746212,1503.594709,1536.037732,1510.252593,Taijuan Walker,Chase Anderson,52.00081001,49.60643624,-13.63245343,-10.04584457,0.573326527,0.426673473,1536.894722,1509.395603,4,3
2021-04-13,2021,2305,0,,BAL,SEA,1477.710867,1486.533934,0.52182748,0.47817252,1476.271576,1487.973225,1438.653355,1469.162859,John Means,Justus Sheffield,55.28613888,49.56799229,34.89654929,12.01509366,0.527900757,0.472099243,1437.558272,1470.257942,3,4
2021-04-13,2021,2306,0,,ARI,OAK,1493.536904,1516.581648,0.50137472,0.49862528,1491.754876,1518.363675,1485.150014,1506.536861,Zac Gallen,Jesus Luzardo,56.83418468,48.37858764,35.08658777,-6.693394143,0.563541438,0.436458562,1483.604703,1508.082172,5,7
2021-04-13,2021,2307,0,,MIN,BOS,1528.662206,1508.41712,0.563331807,0.436668193,1526.659691,1510.419634,1541.240167,1508.200621,J.A. Happ,Martin Perez,53.30904425,47.87324802,-5.849485004,-19.0287385,0.603886731,0.396113269,1539.601394,1509.839395,2,4
2021-04-12,2021,2308,0,,SFG,CIN,1506.365645,1505.998463,0.535009809,0.464990191,1503.888188,1508.47592,1485.100503,1507.28585,Aaron Sanchez,Wade Miley,46.36497004,48.80958565,-11.94268267,-13.36977213,0.508534867,0.491465133,1483.355979,1509.030374,0,3
2021-04-12,2021,2309,0,,ARI,OAK,1496.154331,1513.96422,0.508907344,0.491092656,1493.536904,1516.581648,1486.954157,1504.732717,Madison Bumgarner,Chris Bassitt,47.95250318,53.2220913,-7.546130527,16.24373353,0.47591063,0.52408937,1485.150014,1506.536861,5,9
2021-04-12,2021,2310,0,,KCR,ANA,1478.205054,1491.380941,0.515572113,0.484427887,1474.518592,1495.067404,1472.031539,1510.875382,Brady Singer,Alex Cobb,51.47164455,48.8122138,3.522696223,-5.407802491,0.489087932,0.510912068,1469.443395,1513.463526,3,10
2021-04-12,2021,2311,0,,HOU,DET,1544.837239,1443.111499,0.673429076,0.326570924,1541.002671,1446.946067,1557.474596,1441.383511,Zack Greinke,Casey Mize,56.17855688,46.40792359,17.19087989,-4.790946488,0.724062921,0.275937079,1554.234068,1444.624039,2,6
2021-04-12,2021,2312,0,,CHW,CLE,1508.064747,1516.456159,0.522447464,0.477552536,1509.352493,1515.168414,1517.408916,1515.303558,Dallas Keuchel,Triston McKenzie,51.67165806,49.98448022,-9.082650818,-12.90855965,0.545960532,0.454039468,1518.314169,1514.398305,4,3
2021-04-12,2021,2313,0,,STL,WSN,1511.467882,1514.723464,0.529818192,0.470181808,1509.062613,1517.128733,1502.636658,1515.100734,John Gant,Erick Fedde,49.23832659,44.14752317,-3.802847375,-37.8871737,0.570388161,0.429611839,1500.659963,1517.077429,2,5
2021-04-12,2021,2314,0,,MIL,CHC,1507.145755,1502.355371,0.541338119,0.458661881,1509.182801,1500.318326,1520.260605,1499.445446,Freddy Peralta,Adbert Alzolay,48.60259766,47.06953741,-14.08147845,-8.401254078,0.55642159,0.44357841,1521.723497,1497.982554,6,3
2021-04-12,2021,2315,0,,ATL,FLA,1536.228434,1478.565518,0.615404947,0.384595053,1533.867977,1480.925975,1533.427192,1461.025199,Huascar Ynoa,Sandy Alcantara,48.09946972,54.16515962,-25.57775812,17.42296438,0.576987523,0.423012477,1531.795735,1462.656656,3,5
2021-04-12,2021,2316,0,,TBD,TEX,1534.99272,1467.715201,0.628417919,0.371582081,1535.952465,1466.755457,1527.717903,1456.204215,Tyler Glasnow,Dane Dunning,54.49692723,50.74699572,18.71543266,10.3073833,0.649223474,0.350776526,1528.380998,1455.54112,1,0
2021-04-12,2021,2317,0,,TOR,NYY,1500.248227,1538.700617,0.479213328,0.520786672,1498.554838,1540.394006,1519.400336,1568.501568,Robbie Ray,Gerrit Cole,47.89330505,64.75242742,-2.069633777,49.37641504,0.399168588,0.600831412,1518.401671,1569.500233,1,3
2021-04-12,2021,2318,0,,PIT,SDP,1463.443058,1520.947041,0.451932796,0.548067204,1461.119662,1523.270437,1432.748778,1563.986175,Trevor Cahill,Yu Darvish,46.23589663,59.28432639,-6.64633431,25.72748452,0.313172331,0.686827669,1431.706064,1565.028889,2,6
2021-04-11,2021,2319,0,,ATL,PHI,1537.893581,1503.22715,0.58363442,0.41636558,1536.228434,1504.892297,1534.717298,1508.962487,Drew Smyly,Matt Moore,50.27882668,44.30551724,-15.99162631,-35.85856962,0.598873855,0.401126145,1533.427192,1510.252593,6,7
2021-04-11,2021,2320,0,,LAD,WSN,1583.312383,1516.293353,0.628070395,0.371929605,1584.882272,1514.723464,1603.1122,1516.25707,Clayton Kershaw,Max Scherzer,57.30138638,57.06363723,7.296455023,23.6037853,0.63280305,0.36719695,1604.268536,1515.100734,3,0
2021-04-11,2021,2321,0,,ARI,CIN,1492.673069,1509.479725,0.510350576,0.489649424,1496.154331,1505.998463,1484.446604,1509.793404,Luke Weaver,Jose De Leon,49.3257926,47.91936922,0.515383053,-18.71706566,0.525716804,0.474283196,1486.954157,1507.28585,7,0
2021-04-11,2021,2322,0,,SFG,COL,1504.190686,1478.544955,0.570963625,0.429036375,1506.365645,1476.369996,1483.427485,1444.851615,Anthony DeSclafani,German Marquez,49.15948008,56.1578712,1.879931398,20.68740915,0.562656679,0.437343321,1485.100503,1443.178596,4,0
2021-04-11,2021,2323,0,,TEX,SDP,1469.248494,1519.413748,0.462416198,0.537583802,1467.715201,1520.947041,1457.298527,1562.891863,Mike Foltynewicz,Adrian Morejon,49.74992989,46.05276158,6.66191724,-36.58506662,0.445038154,0.554961846,1456.204215,1563.986175,0,2
2021-04-11,2021,2324,0,,STL,MIL,1515.191006,1503.422631,0.551293743,0.448706257,1511.467882,1507.145755,1505.249735,1517.647529,Daniel Ponce de Leon,Brett Anderson,49.4626768,49.64286436,-5.06235718,-9.137584445,0.52254634,0.47745366,1502.636658,1520.260605,3,9
2021-04-11,2021,2325,0,,MIN,SEA,1530.829515,1484.366625,0.600036452,0.399963548,1528.662206,1486.533934,1543.16101,1467.242016,Matt Shoemaker,Chris Flexen,53.65278277,39.76971708,-4.819086543,-34.56503164,0.678396257,0.321603743,1541.240167,1469.162859,6,8
2021-04-11,2021,2326,0,,CHW,KCR,1509.711092,1476.558709,0.581514962,0.418485038,1508.064747,1478.205054,1518.521187,1470.919269,Dylan Cease,Mike Minor,46.81343364,54.06052183,-31.74876942,15.78938971,0.534575264,0.465424736,1517.408916,1472.031539,3,4
2021-04-11,2021,2327,0,,TBD,NYY,1537.875924,1535.817413,0.537431051,0.462568949,1534.99272,1538.700617,1529.526627,1566.692844,Brent Honeywell Jr.,Jordan Montgomery,47.4,53.58176517,-14.23717156,-3.855257796,0.466163312,0.533836688,1527.717903,1568.501568,4,8
2021-04-11,2021,2328,0,,NYM,FLA,1494.398182,1475.973307,0.560752651,0.439247349,1495.585484,1474.786006,1515.205921,1469.025501,Marcus Stroman,John Curtiss,54.92173314,47.20960267,11.20689652,-14.67316016,0.634824045,0.365175955,1515.898084,1468.333339,6,5
2021-04-11,2021,2329,0,,CLE,DET,1515.008475,1444.559184,0.632671276,0.367328724,1516.456159,1443.111499,1514.013483,1442.673587,Logan Allen,Jose Urena,44.71449654,47.24405002,-37.33087523,-0.708009335,0.583705199,0.416294801,1515.303558,1441.383511,5,2
2021-04-11,2021,2330,0,,PIT,CHC,1459.851973,1505.946456,0.468246275,0.531753725,1463.443058,1502.355371,1430.025413,1502.168811,JT Brubaker,Trevor Williams,48.2124329,44.931248,3.098051027,-19.61094293,0.463462198,0.536537802,1432.748778,1499.445446,7,1
2021-04-11,2021,2331,0,,BAL,BOS,1480.630194,1505.497792,0.498751429,0.501248571,1477.710867,1508.41712,1440.446836,1506.407141,Jorge Lopez,Nick Pivetta,43.57797359,49.3863727,-21.21051259,-12.20331531,0.427173523,0.572826477,1438.653355,1508.200621,9,14
2021-04-10,2021,2332,0,,LAD,WSN,1581.459386,1518.14635,0.623073489,0.376926511,1583.312383,1516.293353,1601.768771,1517.6005,Julio Urias,Patrick Corbin,52.43584981,51.8191494,-16.17473207,-1.991646675,0.63205018,0.36794982,1603.1122,1516.25707,9,5
2021-04-10,2021,2333,0,,ARI,CIN,1489.773005,1512.379789,0.502004988,0.497995012,1492.673069,1509.479725,1482.310861,1511.929146,Riley Smith,Jeff Hoffman,47.4,47.72135185,-8.357692968,-20.35273996,0.509175867,0.490824133,1484.446604,1509.793404,8,3
2021-04-10,2021,2334,0,,ATL,PHI,1536.798707,1504.322025,0.580568097,0.419431903,1537.893581,1503.22715,1533.90458,1509.775205,Ian Anderson,Zach Eflin,55.22801709,51.21774699,6.86648103,-3.781707762,0.583789871,0.416210129,1534.717298,1508.962487,5,4
2021-04-10,2021,2335,0,,TOR,ANA,1495.127541,1496.501628,0.532515354,0.467484646,1500.248227,1491.380941,1515.641278,1514.63444,Steven Matz,Jose Quintana,46.4993187,47.88803557,-8.172528761,-11.1973117,0.540253441,0.459746559,1519.400336,1510.875382,15,1
2021-04-10,2021,2336,0,,TEX,SDP,1471.186712,1517.47553,0.467967743,0.532032257,1469.248494,1519.413748,1458.531381,1561.659009,Jordan Lyles,Chris Paddack,46.22806334,47.87629256,-10.26575287,-28.13669293,0.412746777,0.587253223,1457.298527,1562.891863,4,7
2021-04-10,2021,2337,0,,BAL,BOS,1482.440935,1503.687051,0.503963075,0.496036925,1480.630194,1505.497792,1441.643317,1505.210659,Bruce Zimmermann,Garrett Richards,47.03081807,49.08515158,-4.788034178,-13.78944737,0.456125227,0.543874773,1440.446836,1506.407141,4,6
2021-04-10,2021,2338,0,,PIT,CHC,1456.172597,1509.625832,0.457714633,0.542285367,1459.851973,1505.946456,1426.937281,1505.256943,Mitch Keller,Zach Davies,46.73475309,51.17742094,-3.215081356,8.252061011,0.406440652,0.593559348,1430.025413,1502.168811,8,2
2021-04-10,2021,2339,0,,CLE,DET,1512.360194,1447.207465,0.625557351,0.374442649,1515.008475,1444.559184,1511.977567,1444.709503,Aaron Civale,Tarik Skubal,51.94500465,48.64366658,-2.367360498,4.684272686,0.618878028,0.381121972,1514.013483,1442.673587,11,3
2021-04-10,2021,2340,0,,SFG,COL,1502.996817,1479.738824,0.567593378,0.432406622,1504.190686,1478.544955,1482.63988,1445.639219,Logan Webb,Chi Chi Gonzalez,46.85739019,46.67220848,-9.458775021,-23.87854615,0.606865385,0.393134615,1483.427485,1444.851615,4,3
2021-04-10,2021,2341,0,,HOU,OAK,1548.02998,1510.771478,0.587255755,0.412744245,1544.837239,1513.96422,1560.079794,1502.12752,Jose Urquidy,Frankie Montas,53.28967964,48.61983762,3.497394947,-4.885979592,0.627150992,0.372849008,1557.474596,1504.732717,3,7
2021-04-10,2021,2342,0,,STL,MIL,1518.195886,1500.417752,0.55983545,0.44016455,1515.191006,1503.422631,1507.311984,1515.58528,Carlos Martinez,Adrian Houser,47.05064167,48.22630125,-16.95887481,-15.928296,0.52113682,0.47886318,1505.249735,1517.647529,5,9
2021-04-10,2021,2343,0,,MIN,SEA,1532.559577,1482.636563,0.604806982,0.395193018,1530.829515,1484.366625,1544.587063,1465.815962,Michael Pineda,Yusei Kikuchi,54.77954523,46.20396579,0.723994974,-3.73456456,0.649595929,0.350404071,1543.16101,1467.242016,3,4
2021-04-10,2021,2344,0,,TBD,NYY,1535.441893,1538.251444,0.530457749,0.469542251,1537.875924,1535.817413,1527.571017,1568.648455,Chris Archer,Domingo German,49.48018348,49.48916399,-4.166539279,-24.19008841,0.504239693,0.495760307,1529.526627,1566.692844,4,0
2021-04-10,2021,2345,0,,NYM,FLA,1504.11919,1475.894952,0.574595755,0.425404245,1501.448624,1478.565518,1538.753154,1458.309777,Jacob deGrom,Trevor Rogers,63.28870372,47.25117534,40.45070339,-14.01221854,0.713968764,0.286031236,1536.037732,1461.025199,0,3
2021-04-09,2021,2346,0,,ARI,CIN,1491.158089,1510.994706,0.505991303,0.494008697,1489.773005,1512.379789,1483.33488,1510.905127,Taylor Widener,Tyler Mahle,48.85858108,50.50051215,-1.776703417,-6.786323193,0.500225367,0.499774633,1482.310861,1511.929146,5,6
2021-04-09,2021,2347,0,,HOU,OAK,1551.284907,1507.516552,0.596308218,0.403691782,1548.02998,1510.771478,1562.61455,1499.592763,Lance McCullers Jr.,Sean Manaea,52.4067015,50.77444484,-0.410976776,5.894282949,0.614114733,0.385885267,1560.079794,1502.12752,2,6
2021-04-09,2021,2348,0,,TEX,SDP,1473.154844,1515.507398,0.473613088,0.526386912,1471.186712,1517.47553,1459.653841,1560.536549,Kohei Arihara,Joe Musgrove,47.27484927,53.87459326,-5.227025237,2.256836729,0.385359728,0.614640272,1458.531381,1561.659009,0,3
2021-04-09,2021,2349,0,,ATL,PHI,1533.848039,1507.272692,0.572274002,0.427725998,1536.798707,1504.322025,1531.512331,1512.167454,Charlie Morton,Zack Wheeler,56.89228956,57.8834957,15.38037358,26.79197438,0.546078947,0.453921053,1533.90458,1509.775205,8,1
2021-04-09,2021,2350,0,,CLE,DET,1510.850114,1448.717544,0.621476262,0.378523738,1512.360194,1447.207465,1511.02146,1445.665609,Zach Plesac,Julio Teheran,55.35863781,45.02579716,14.8668741,-12.50264052,0.663727942,0.336272058,1511.977567,1444.709503,4,1
2021-04-09,2021,2351,0,,TOR,ANA,1498.738243,1492.890926,0.542848386,0.457151614,1495.127541,1496.501628,1518.397104,1511.878614,David Phelps,Andrew Heaney,49.51395788,50.36611612,6.284424632,1.539002577,0.550575295,0.449424705,1515.641278,1514.63444,1,7
2021-04-09,2021,2352,0,,SFG,COL,1501.416875,1481.318766,0.563123673,0.436876327,1502.996817,1479.738824,1481.566792,1446.712307,Johnny Cueto,Austin Gomber,47.88861921,49.95190764,-3.347163932,-7.922114554,0.594390073,0.405609927,1482.63988,1445.639219,3,1
2021-04-09,2021,2353,0,,LAD,WSN,1580.419763,1519.185973,0.620258399,0.379741601,1581.459386,1518.14635,1601.155764,1518.213506,Walker Buehler,Joe Ross,57.20745744,49.06663319,6.66732902,-14.26542359,0.678578109,0.321421891,1601.768771,1517.6005,1,0
2021-04-09,2021,2354,0,,TBD,NYY,1532.623487,1541.06985,0.522368542,0.477631458,1535.441893,1538.251444,1525.329093,1570.890378,Rich Hill,Corey Kluber,53.51771928,53.55196331,15.17781439,-6.24252354,0.499562834,0.500437166,1527.571017,1568.648455,10,5
2021-04-08,2021,2355,0,,HOU,OAK,1549.269258,1509.5322,0.590709697,0.409290303,1551.284907,1507.516552,1561.320452,1500.886861,Cristian Javier,Cole Irvin,51.36922018,46.74547298,-4.65866251,-13.28925218,0.634192803,0.365807197,1562.61455,1499.592763,6,2
2021-04-08,2021,2356,0,,TOR,ANA,1500.742976,1490.886193,0.548570182,0.451429818,1498.738243,1492.890926,1519.812541,1510.463177,Ross Stripling,Griffin Canning,46.37971074,51.66103,-8.49064827,7.632064402,0.522475174,0.477524826,1518.397104,1511.878614,5,7
2021-04-08,2021,2357,0,,STL,MIL,1516.615957,1501.99768,0.555348415,0.444651585,1518.195886,1500.417752,1505.895226,1517.002038,Adam Wainwright,Corbin Burnes,50.68462126,55.61888178,0.360487948,20.18804618,0.488344563,0.511655437,1507.311984,1515.58528,3,1
2021-04-08,2021,2358,0,,MIN,SEA,1529.65065,1485.54549,0.596774851,0.403225149,1532.559577,1482.636563,1542.486784,1467.916242,Jose Berrios,Marco Gonzales,55.79705745,53.3874407,5.589285379,28.9696582,0.607830329,0.392169671,1544.587063,1465.815962,10,2
2021-04-08,2021,2359,0,,CHW,KCR,1507.058575,1479.211227,0.574065354,0.425934646,1509.711092,1476.558709,1516.836116,1472.604339,Lance Lynn,Brad Keller,59.01825838,52.35388206,27.29634988,6.717829446,0.6228912,0.3771088,1518.521187,1470.919269,6,0
2021-04-08,2021,2360,0,,COL,ARI,1478.969848,1493.507007,0.513614757,0.486385243,1481.318766,1491.158089,1444.75861,1485.288577,Jon Gray,Merrill Kelly,52.97628917,51.60220277,7.352137215,10.54243573,0.471650694,0.528349306,1446.712307,1483.33488,7,3
2021-04-08,2021,2361,0,,BAL,BOS,1485.090555,1501.037432,0.511587301,0.488412699,1482.440935,1503.687051,1443.020696,1503.833281,Matt Harvey,Eduardo Rodriguez,43.49270791,56.76031089,-21.53517658,22.29929728,0.386604193,0.613395807,1441.643317,1505.210659,3,7
2021-04-08,2021,2362,0,,PIT,CHC,1457.868452,1507.929978,0.462564635,0.537435365,1456.172597,1509.625832,1428.15201,1504.042214,Tyler Anderson,Jake Arrieta,49.28388413,48.17014931,8.326307162,-5.852334071,0.446418457,0.553581543,1426.937281,1505.256943,2,4
2021-04-08,2021,2363,0,,NYM,FLA,1502.969536,1477.044607,0.571357285,0.428642715,1504.11919,1475.894952,1538.091524,1458.971407,Taijuan Walker,Nick Neidert,51.75942125,47.4,-13.6464836,-13.3611701,0.646189476,0.353810524,1538.753154,1458.309777,3,2
2021-04-07,2021,2364,0,,COL,ARI,1475.218901,1497.257954,0.502821999,0.497178001,1478.969848,1493.507007,1441.67066,1488.376528,Antonio Senzatela,Madison Bumgarner,49.4059527,48.18522409,-8.011431354,-5.794062326,0.464193976,0.535806024,1444.75861,1485.288577,8,0
2021-04-07,2021,2365,0,,NYY,BAL,1542.848495,1483.31191,0.617954528,0.382045472,1541.06985,1485.090555,1572.35923,1441.551843,Jameson Taillon,John Means,54.30754479,55.30861129,-2.629366617,34.32166182,0.663389481,0.336610519,1570.890378,1443.020696,3,4
2021-04-07,2021,2366,0,,SEA,CHW,1482.879823,1509.724241,0.495906645,0.504093355,1485.54549,1507.058575,1465.794729,1518.957629,Justin Dunn,Dallas Keuchel,47.85346929,51.8919976,2.720207935,-6.468883791,0.471287004,0.528712996,1467.916242,1516.836116,8,4
2021-04-07,2021,2367,0,,SDP,SFG,1517.216316,1499.707958,0.559452737,0.440547263,1515.507398,1501.416875,1562.062345,1480.040996,Blake Snell,Kevin Gausman,55.78487947,51.88744397,11.20406225,16.38209911,0.641182624,0.358817376,1560.536549,1481.566792,2,3
2021-04-07,2021,2368,0,,FLA,STL,1480.586061,1513.074503,0.487786579,0.512213421,1477.044607,1516.615957,1461.372707,1503.493927,Pablo Lopez,Jack Flaherty,52.31828086,56.07140626,10.30873687,26.47533132,0.450815441,0.549184559,1458.971407,1505.895226,0,7
2021-04-07,2021,2369,0,,PHI,NYM,1504.239179,1506.003049,0.531956742,0.468043258,1507.272692,1502.969536,1510.029061,1540.229917,Aaron Nola,David Peterson,57.2658283,50.70211575,23.92169932,-19.87112822,0.553889069,0.446110931,1512.167454,1538.091524,8,2
2021-04-07,2021,2370,0,,WSN,ATL,1521.133798,1531.900214,0.519035454,0.480964546,1519.185973,1533.848039,1520.022369,1529.703468,Stephen Strasburg,Huascar Ynoa,58.87080839,46.08894874,32.96722282,-34.60746915,0.615719185,0.384280815,1518.213506,1531.512331,0,2
2021-04-07,2021,2371,0,,OAK,LAD,1507.886787,1582.065177,0.428285422,0.571714578,1509.5322,1580.419763,1499.41954,1602.623085,Jesus Luzardo,Trevor Bauer,47.7220212,60.44640886,-8.382134804,22.47302403,0.346706288,0.653293712,1500.886861,1601.155764,4,3
2021-04-07,2021,2372,0,,CHC,MIL,1509.999443,1499.928215,0.548875863,0.451124137,1507.929978,1501.99768,1505.495784,1515.548468,Kyle Hendricks,Brandon Woodruff,55.65965933,57.34504849,30.2514092,29.88761677,0.520583701,0.479416299,1504.042214,1517.002038,2,4
2021-04-07,2021,2373,0,,TEX,TOR,1471.758848,1502.138971,0.490819298,0.509180702,1473.154844,1500.742976,1458.332263,1521.134119,Kyle Gibson,Hyun Jin Ryu,46.77431712,55.47287084,-6.463653225,35.01018977,0.386486798,0.613513202,1459.653841,1519.812541,2,1
2021-04-07,2021,2374,0,,DET,MIN,1449.813438,1528.554757,0.421866387,0.578133613,1448.717544,1529.65065,1446.385467,1541.766926,Matthew Boyd,Kenta Maeda,47.84548102,57.44989015,1.604524785,13.25271002,0.382734654,0.617265346,1445.665609,1542.486784,2,3
2021-04-07,2021,2375,0,,CLE,KCR,1509.414056,1480.647285,0.575358966,0.424641034,1510.850114,1479.211227,1510.266619,1473.35918,Shane Bieber,Jakob Junis,61.03379519,46.41151415,42.10218164,-20.31151954,0.670377637,0.329622363,1511.02146,1472.604339,4,2
2021-04-07,2021,2376,0,,BOS,TBD,1497.299874,1536.361045,0.478338799,0.521661201,1501.037432,1532.623487,1501.055294,1528.10708,Nathan Eovaldi,Ryan Yarbrough,51.95489743,52.69948659,0.68282153,10.06611744,0.482112115,0.517887885,1503.833281,1525.329093,9,2
2021-04-07,2021,2377,0,,CIN,PIT,1508.313487,1460.549671,0.601832341,0.398167659,1510.994706,1457.868452,1509.320145,1429.736992,Luis Castillo,Chad Kuhl,54.50225853,47.33411062,13.04151187,-1.267531134,0.663435546,0.336564454,1510.905127,1428.15201,11,4
2021-04-07,2021,2378,0,,WSN,ATL,1522.633891,1530.400121,0.523345286,0.476654714,1521.133798,1531.900214,1521.027914,1528.697923,Erick Fedde,Max Fried,45.44208058,53.66824209,-31.68149681,-0.410759317,0.478511781,0.521488219,1520.022369,1529.703468,6,7
2021-04-06,2021,2379,0,,SEA,CHW,1486.248876,1506.355188,0.505603233,0.494396767,1482.879823,1509.724241,1468.066407,1516.685951,James Paxton,Lucas Giolito,53.98329751,59.8893251,31.5687473,31.43880569,0.464814882,0.535185118,1465.794729,1518.957629,4,10
2021-04-06,2021,2380,0,,SDP,SFG,1515.559867,1501.364406,0.554747309,0.445252691,1517.216316,1499.707958,1561.335277,1480.768063,Yu Darvish,Aaron Sanchez,59.07327103,45.8433237,27.12918651,-11.65143293,0.695334053,0.304665947,1562.062345,1480.040996,3,1
2021-04-06,2021,2381,0,,OAK,LAD,1510.068844,1579.88312,0.434447464,0.565552536,1507.886787,1582.065177,1500.954426,1601.088199,Chris Bassitt,Clayton Kershaw,53.86042908,56.38388853,20.06903506,4.284471186,0.414013548,0.585986452,1499.41954,1602.623085,1,5
2021-04-06,2021,2382,0,,COL,ARI,1476.87444,1495.602415,0.507586472,0.492413528,1475.218901,1497.257954,1442.919536,1487.127652,German Marquez,Luke Weaver,55.99333129,49.21256356,23.33728841,-0.867809633,0.50995013,0.49004987,1441.67066,1488.376528,8,10
2021-04-06,2021,2383,0,,TEX,TOR,1469.56937,1504.328449,0.484521388,0.515478612,1471.758848,1502.138971,1456.625418,1522.840964,Dane Dunning,Tanner Roark,49.31287124,45.31852558,6.339795286,-13.76161606,0.468218109,0.531781891,1458.332263,1521.134119,7,4
2021-04-06,2021,2384,0,,CHC,MIL,1512.995599,1496.93206,0.55740187,0.44259813,1509.999443,1499.928215,1507.642874,1513.401378,Adbert Alzolay,Freddy Peralta,47.73168675,47.58836698,-7.458095126,-15.1670803,0.53727645,0.46272355,1505.495784,1515.548468,0,4
2021-04-06,2021,2385,0,,BOS,TBD,1495.846851,1537.814068,0.474166122,0.525833878,1497.299874,1536.361045,1499.881408,1529.280966,Martin Perez,Tyler Glasnow,47.52707102,53.61177466,-20.00258205,15.33930787,0.441635616,0.558364384,1501.055294,1528.10708,6,5
2021-04-06,2021,2386,0,,PHI,NYM,1507.114543,1503.127684,0.540189439,0.459810561,1504.239179,1506.003049,1511.936787,1538.32219,Chase Anderson,Marcus Stroman,49.25238076,53.00426518,-13.54413331,-8.703952085,0.489603047,0.510396953,1510.029061,1540.229917,4,8
2021-04-06,2021,2387,0,,FLA,STL,1482.435652,1511.224912,0.493108138,0.506891862,1480.586061,1513.074503,1462.825639,1502.040994,Sandy Alcantara,John Gant,53.75546741,49.23477482,17.62487305,-5.710603855,0.511683667,0.488316333,1461.372707,1503.493927,2,4
2021-04-06,2021,2388,0,,CIN,PIT,1504.19537,1464.667787,0.590418128,0.409581872,1508.313487,1460.549671,1506.475406,1432.581731,Wade Miley,Trevor Cahill,47.47652227,47.45024315,-18.91552422,-1.882014117,0.614310659,0.385689341,1509.320145,1429.736992,14,1
2021-04-06,2021,2389,0,,NYY,BAL,1540.759124,1485.40128,0.612259633,0.387740367,1542.848495,1483.31191,1571.540836,1442.370237,Gerrit Cole,Dean Kremer,63.6903865,49.5089007,42.89728066,6.59453129,0.748512811,0.251487189,1572.35923,1441.551843,7,2
2021-04-06,2021,2390,0,,ANA,HOU,1492.523008,1547.632444,0.455349188,0.544650812,1490.886193,1549.269258,1511.713864,1560.069766,Dylan Bundy,Zack Greinke,53.09918284,55.87892466,14.86900319,16.9884877,0.461972433,0.538027567,1510.463177,1561.320452,2,4
2021-04-06,2021,2391,0,,WSN,ATL,1521.285993,1531.748019,0.519472857,0.480527143,1522.633891,1530.400121,1520.184466,1529.541372,Max Scherzer,Drew Smyly,57.70091274,49.90164694,25.5918943,-17.93859352,0.581877319,0.418122681,1521.027914,1528.697923,6,5
2021-04-06,2021,2392,0,,DET,MIN,1448.162672,1530.205523,0.417238137,0.582761863,1449.813438,1528.554757,1445.079832,1543.072561,Casey Mize,J.A. Happ,45.70028928,53.35772312,-8.160374373,-6.087104188,0.392248363,0.607751637,1446.385467,1541.766926,4,3
2021-04-05,2021,2393,0,,SEA,CHW,1489.700661,1502.903403,0.515533504,0.484466496,1486.248876,1506.355188,1470.720325,1514.032033,Justus Sheffield,Carlos Rodon,50.6985668,49.52290757,15.32732012,-16.64517381,0.525936809,0.474063191,1468.066407,1516.685951,0,6
2021-04-05,2021,2394,0,,SDP,SFG,1517.269354,1499.654919,0.559603231,0.440396769,1515.559867,1501.364406,1562.748476,1479.354864,Adrian Morejon,Anthony DeSclafani,46.77242534,48.88999137,-31.40472587,2.950731842,0.604776612,0.395223388,1561.335277,1480.768063,2,3
2021-04-05,2021,2395,0,,OAK,LAD,1513.172157,1576.779807,0.443245656,0.556754344,1510.068844,1579.88312,1503.296245,1598.74638,Frankie Montas,Dustin May,50.08524399,49.05245077,0.957760729,-29.32008635,0.445334783,0.554665217,1500.954426,1601.088199,3,10
2021-04-05,2021,2396,0,,ANA,HOU,1490.950306,1549.205145,0.450862437,0.549137563,1492.523008,1547.632444,1510.593158,1561.190471,Jose Quintana,Luis Garcia,48.25000489,49.40597405,-8.345842781,-14.00346957,0.473079696,0.526920304,1511.713864,1560.069766,7,6
2021-04-05,2021,2397,0,,CHC,MIL,1511.397551,1498.530107,0.552858272,0.447141728,1512.995599,1496.93206,1506.238783,1514.805469,Trevor Williams,Brett Anderson,43.90557882,50.16304389,-24.72391249,-3.590977344,0.493687631,0.506312369,1507.642874,1513.401378,5,3
2021-04-05,2021,2398,0,,BOS,TBD,1491.283086,1542.377832,0.46108638,0.53891362,1495.846851,1537.814068,1496.725592,1532.436782,Nick Pivetta,Michael Wacha,48.63996436,45.83456297,-14.21248435,-21.52758922,0.495174575,0.504825425,1499.881408,1529.280966,11,2
2021-04-05,2021,2399,0,,PHI,NYM,1505.441791,1504.800437,0.535402418,0.464597582,1507.114543,1503.127684,1510.160106,1540.098872,Matt Moore,Jacob deGrom,44.22834386,62.75358914,-37.45915532,38.00088711,0.386857108,0.613142892,1511.936787,1538.32219,5,3
2021-04-05,2021,2400,0,,FLA,STL,1484.71456,1508.946004,0.499666926,0.500333074,1482.435652,1511.224912,1464.451348,1500.415285,Trevor Rogers,Daniel Ponce de Leon,47.09976287,48.96740864,-13.70862794,-6.567346276,0.480212853,0.519787147,1462.825639,1502.040994,1,4
2021-04-05,2021,2401,0,,CIN,PIT,1502.769078,1466.094079,0.586441363,0.413558637,1504.19537,1464.667787,1505.497463,1433.559674,Jose De Leon,JT Brubaker,47.4,47.57701769,-19.12468074,-0.937171344,0.612756091,0.387243909,1506.475406,1432.581731,5,3
2021-04-05,2021,2402,0,,NYY,BAL,1538.131976,1488.028429,0.605055348,0.394944652,1540.759124,1485.40128,1570.368213,1443.542861,Jordan Montgomery,Jorge Lopez,52.47259499,43.31354193,-8.872443893,-22.50009011,0.722469275,0.277530725,1571.540836,1442.370237,7,0
2021-04-05,2021,2403,0,,CLE,KCR,1512.051566,1478.009775,0.58276038,0.41723962,1509.414056,1480.647285,1512.063344,1471.562456,Logan Allen,Danny Duffy,44.32845002,50.94944213,-36.56081856,1.908126566,0.53932853,0.46067147,1510.266619,1473.35918,0,3
2021-04-05,2021,2404,0,,TEX,TOR,1472.00624,1501.891579,0.491531125,0.508468875,1469.56937,1504.328449,1458.405833,1521.060549,Mike Foltynewicz,Steven Matz,50.16295455,44.82947261,10.04741785,-14.63687848,0.481448247,0.518551753,1456.625418,1522.840964,2,6
2021-04-05,2021,2405,0,,DET,MIN,1451.550884,1526.817311,0.426752516,0.573247484,1448.162672,1530.205523,1447.551431,1540.600962,Jose Urena,Matt Shoemaker,48.17989119,53.08157453,2.640468615,-6.91723918,0.417961725,0.582038275,1445.079832,1543.072561,6,15
2021-04-04,2021,2406,0,,ANA,CHW,1488.767118,1505.086591,0.511051367,0.488948633,1490.950306,1502.903403,1509.156503,1515.468688,Shohei Ohtani,Dylan Cease,48.76460839,47.00476167,-5.867316238,-28.94980599,0.558405348,0.441594652,1510.593158,1514.032033,7,4
2021-04-04,2021,2407,0,,SDP,ARI,1519.5384,1493.33337,0.571752127,0.428247873,1517.269354,1495.602415,1564.644727,1485.231401,Chris Paddack,Taylor Widener,48.24075793,47.4,-25.09713146,-8.650725897,0.622605454,0.377394546,1562.748476,1487.127652,1,3
2021-04-04,2021,2408,0,,OAK,HOU,1516.727892,1545.64941,0.492917839,0.507082161,1513.172157,1549.205145,1505.7617,1558.725017,Sean Manaea,Jose Urquidy,51.72720426,53.31137879,7.857959763,4.378378877,0.463391583,0.536608417,1503.296245,1561.190471,2,9
2021-04-04,2021,2409,0,,COL,LAD,1478.071194,1575.583054,0.395758857,0.604241143,1476.87444,1576.779807,1443.63952,1598.026395,Austin Gomber,Julio Urias,50.06744632,51.05397485,-4.647733369,-18.80198051,0.338700906,0.661299094,1442.919536,1598.74638,2,4
2021-04-04,2021,2410,0,,CHC,PIT,1510.335816,1467.155814,0.595492658,0.404507342,1511.397551,1466.094079,1505.589516,1434.208941,Zach Davies,Mitch Keller,51.09532943,47.17950846,9.237455985,-3.192751746,0.650356988,0.349643012,1506.238783,1433.559674,4,3
2021-04-04,2021,2411,0,,MIL,MIN,1501.886729,1523.460688,0.503491297,0.496508703,1498.530107,1526.817311,1517.200391,1538.20604,Adrian Houser,Michael Pineda,47.9659467,54.59366274,-13.81070798,0.367984758,0.483909995,0.516090005,1514.805469,1540.600962,2,8
2021-04-04,2021,2412,0,,KCR,TEX,1480.865897,1469.150118,0.551218848,0.448781152,1478.009775,1472.00624,1473.911115,1456.057174,Brady Singer,Jordan Lyles,53.40133793,45.45099939,12.3767618,-11.48316293,0.593458053,0.406541947,1471.562456,1458.405833,3,7
2021-04-04,2021,2413,0,,DET,CLE,1454.411994,1509.190456,0.455821738,0.544178262,1451.550884,1512.051566,1449.678072,1509.936702,Tarik Skubal,Aaron Civale,47.88030458,51.728946,1.679745169,-1.591305389,0.452669197,0.547330803,1447.551431,1512.063344,3,9
2021-04-04,2021,2414,0,,CIN,STL,1498.125955,1513.589127,0.512283011,0.487716989,1502.769078,1508.946004,1502.112636,1503.800112,Jeff Hoffman,Carlos Martinez,46.6384745,47.07195317,-21.90499583,-15.65254524,0.523095856,0.476904144,1505.497463,1500.415285,12,1
2021-04-04,2021,2415,0,,BOS,BAL,1495.639912,1483.671604,0.551578425,0.448421575,1491.283086,1488.028429,1500.537471,1439.730982,Garrett Richards,Bruce Zimmermann,50.43208763,45.91555314,-7.126893803,-9.73901818,0.623216212,0.376783788,1496.725592,1443.542861,3,11
2021-04-04,2021,2416,0,,PHI,ATL,1504.024923,1533.164887,0.492603536,0.507396464,1505.441791,1531.748019,1509.073729,1530.627748,Zach Eflin,Ian Anderson,50.19392272,54.7922634,-8.543979641,5.346534262,0.483535948,0.516464052,1510.160106,1529.541372,2,1
2021-04-04,2021,2417,0,,NYY,TOR,1540.327192,1499.696363,0.59195302,0.40804698,1538.131976,1501.891579,1571.94238,1519.486381,Domingo German,T.J. Zeuch,50.15544205,49.10478944,-20.59531726,6.110521152,0.571110878,0.428889122,1570.368213,1521.060549,1,3
2021-04-03,2021,2418,0,,SEA,SFG,1487.147166,1502.208415,0.512861059,0.487138941,1489.700661,1499.654919,1468.537486,1481.537704,Chris Flexen,Logan Webb,37.69635025,47.16538233,-45.06436243,-5.499437647,0.458983832,0.541016168,1470.720325,1479.354864,4,0
2021-04-03,2021,2419,0,,ANA,CHW,1486.950408,1506.903301,0.505823991,0.494176009,1488.767118,1505.086591,1507.673915,1516.951276,Alex Cobb,Lance Lynn,48.7885907,59.32493903,-5.790296633,28.95631092,0.471215056,0.528784944,1509.156503,1515.468688,5,3
2021-04-03,2021,2420,0,,SDP,ARI,1516.439575,1496.432194,0.562995181,0.437004819,1519.5384,1493.33337,1562.917109,1486.959019,Joe Musgrove,Caleb Smith,52.91317718,47.70879463,-2.255585708,-8.104603578,0.647729694,0.352270306,1564.644727,1485.231401,7,0
2021-04-03,2021,2421,0,,COL,LAD,1479.086124,1574.568123,0.398556468,0.601443532,1478.071194,1575.583054,1444.188762,1597.477154,Jon Gray,Walker Buehler,51.84683618,56.7806206,4.825338125,8.600485981,0.31735037,0.68264963,1443.63952,1598.026395,5,6
2021-04-03,2021,2422,0,,MIL,MIN,1503.802713,1521.544704,0.509005025,0.490994975,1501.886729,1523.460688,1518.71056,1536.695871,Corbin Burnes,Jose Berrios,53.78787449,54.25389186,14.90621765,0.223876059,0.529750238,0.470249762,1517.200391,1538.20604,0,2
2021-04-03,2021,2423,0,,FLA,TBD,1481.274399,1545.817994,0.441916487,0.558083513,1484.71456,1542.377832,1461.62771,1535.26042,Elieser Hernandez,Rich Hill,49.5467866,54.43066659,-2.460669388,18.19790642,0.400200643,0.599799357,1464.451348,1532.436782,12,7
2021-04-03,2021,2424,0,,CIN,STL,1495.931957,1515.783125,0.505970365,0.494029635,1498.125955,1513.589127,1500.491664,1505.421084,Tyler Mahle,Adam Wainwright,50.4599708,52.15033012,-3.945307433,6.907131377,0.51182465,0.48817535,1502.112636,1503.800112,9,6
2021-04-03,2021,2425,0,,OAK,HOU,1520.699576,1541.677726,0.504348682,0.495651318,1516.727892,1545.64941,1508.328453,1556.158264,Cole Irvin,Lance McCullers Jr.,47.17242556,51.84761869,-13.92959736,-1.995712862,0.448712921,0.551287079,1505.7617,1558.725017,1,9
2021-04-03,2021,2426,0,,PHI,ATL,1501.313693,1535.876117,0.484804131,0.515195869,1504.024923,1533.164887,1507.143856,1532.557621,Zack Wheeler,Charlie Morton,56.29802916,57.14987493,21.85420118,16.34866488,0.505888259,0.494111741,1509.073729,1530.627748,4,0
2021-04-03,2021,2427,0,,CHC,PIT,1508.3116,1469.18003,0.589866744,0.410133256,1510.335816,1467.155814,1504.178744,1435.619713,Jake Arrieta,Tyler Anderson,47.47911745,49.26914627,-7.180980186,6.709494472,0.611317253,0.388682747,1505.589516,1434.208941,5,1
2021-04-03,2021,2428,0,,KCR,TEX,1477.693765,1472.32225,0.542168601,0.457831399,1480.865897,1469.150118,1471.788081,1458.180208,Mike Minor,Kohei Arihara,54.20712799,47.4,16.18804577,-2.417621284,0.580199193,0.419800807,1473.911115,1456.057174,11,4
2021-04-03,2021,2429,0,,DET,CLE,1451.992754,1511.609696,0.448921903,0.551078097,1454.411994,1509.190456,1447.667412,1511.947362,Julio Teheran,Zach Plesac,44.68409235,55.4007736,-13.1527776,15.78452189,0.401685638,0.598314362,1449.678072,1509.936702,5,2
2021-04-03,2021,2430,0,,BOS,BAL,1497.626763,1481.684753,0.557229274,0.442770726,1495.639912,1483.671604,1502.376585,1437.891869,Tanner Houck,Matt Harvey,51.86982952,42.8716595,-0.177432166,-23.69851796,0.655828045,0.344171955,1500.537471,1439.730982,2,4
2021-04-03,2021,2431,0,,NYY,TOR,1538.943308,1501.080247,0.588099032,0.411900968,1540.327192,1499.696363,1570.975244,1520.453518,Corey Kluber,Ross Stripling,53.98984104,46.73903032,-3.015401087,-5.400310248,0.608904623,0.391095377,1571.94238,1519.486381,5,3
2021-04-02,2021,2432,0,,SEA,SFG,1489.526199,1499.829381,0.519701101,0.480298899,1487.147166,1502.208415,1470.304434,1479.770756,Yusei Kikuchi,Johnny Cueto,45.89585374,47.75270384,-6.300071378,-2.637642504,0.515639881,0.484360119,1468.537486,1481.537704,3,6
2021-04-02,2021,2433,0,,SDP,ARI,1514.800606,1498.071163,0.558347344,0.441652656,1516.439575,1496.432194,1561.96526,1487.910868,Blake Snell,Merrill Kelly,55.55153146,52.34319337,10.46871366,13.11165592,0.633957496,0.366042504,1562.917109,1486.959019,4,2
2021-04-02,2021,2434,0,,OAK,HOU,1523.392057,1538.985245,0.512096015,0.487903985,1520.699576,1541.677726,1510.130929,1554.355787,Jesus Luzardo,Cristian Javier,48.61255425,51.03206237,-7.740659758,-5.695626802,0.467994871,0.532005129,1508.328453,1556.158264,5,9
2021-04-02,2021,2435,0,,ANA,CHW,1489.658123,1504.195586,0.513614319,0.486385681,1486.950408,1506.903301,1509.838336,1514.786855,Andrew Heaney,Dallas Keuchel,51.72856066,52.83340808,6.815014449,-2.463444844,0.540679942,0.459320058,1507.673915,1516.951276,8,12
2021-04-02,2021,2436,0,,COL,LAD,1481.205636,1572.448611,0.404420025,0.595579975,1479.086124,1574.568123,1445.160781,1596.505135,Antonio Senzatela,Trevor Bauer,50.22911534,60.42154333,-3.587598678,25.99615798,0.288362389,0.711637611,1444.188762,1597.477154,6,11
2021-04-02,2021,2437,0,,FLA,TBD,1482.903571,1544.188821,0.446547253,0.553452747,1481.274399,1545.817994,1462.802153,1534.085977,Pablo Lopez,Ryan Yarbrough,51.71278643,52.06166361,8.372418742,7.740551499,0.43326304,0.56673696,1461.62771,1535.26042,4,6
2021-04-02,2021,2438,0,,BOS,BAL,1500.122331,1479.189184,0.564305874,0.435694126,1497.626763,1481.684753,1504.356267,1435.912187,Nathan Eovaldi,John Means,51.34091587,53.73885234,-2.107256205,29.14430487,0.590231745,0.409768255,1502.376585,1437.891869,0,3
2021-04-01,2021,2439,0,,SEA,SFG,1488.156418,1501.199162,0.515763532,0.484236468,1489.526199,1499.829381,1469.37671,1480.69848,Marco Gonzales,Kevin Gausman,54.83902264,50.92552706,34.71549032,13.31194801,0.552767691,0.447232309,1470.304434,1479.770756,8,7
2021-04-01,2021,2440,0,,OAK,HOU,1527.221855,1535.155446,0.523104954,0.476895046,1523.392057,1538.985245,1512.763554,1551.723163,Chris Bassitt,Zack Greinke,53.83010271,55.04299022,16.98012606,14.08233581,0.487898632,0.512101368,1510.130929,1554.355787,1,8
2021-04-01,2021,2441,0,,ANA,CHW,1488.292376,1505.561333,0.509685537,0.490314463,1489.658123,1504.195586,1508.802748,1515.822443,Dylan Bundy,Lucas Giolito,53.158949,59.77347788,13.61783784,30.56947433,0.505401776,0.494598224,1509.838336,1514.786855,4,3
2021-04-01,2021,2442,0,,SDP,ARI,1513.518745,1499.353024,0.554705022,0.445294978,1514.800606,1498.071163,1561.366594,1488.509534,Yu Darvish,Madison Bumgarner,60.49402416,49.54834532,32.68981961,-1.318650395,0.682496509,0.317503491,1561.96526,1487.910868,8,7
2021-04-01,2021,2443,0,,KCR,TEX,1475.389623,1474.626392,0.535576931,0.464423069,1477.693765,1472.32225,1470.250611,1459.717678,Brad Keller,Kyle Gibson,54.48327425,48.15161173,15.64071163,-0.181518278,0.575327948,0.424672052,1471.788081,1458.180208,14,10
2021-04-01,2021,2444,0,,FLA,TBD,1484.165698,1542.926694,0.450141158,0.549858842,1482.903571,1544.188821,1463.729167,1533.158963,Sandy Alcantara,Tyler Glasnow,52.81871753,52.45505116,14.5968079,10.78463947,0.442978511,0.557021489,1462.802153,1534.085977,0,1
2021-04-01,2021,2445,0,,COL,LAD,1478.623676,1575.030571,0.397280916,0.602719084,1481.205636,1572.448611,1442.979961,1598.685955,German Marquez,Clayton Kershaw,56.2688204,57.2565951,24.7879347,10.40460316,0.341055716,0.658944284,1445.160781,1596.505135,8,5
2021-04-01,2021,2446,0,,CIN,STL,1498.995116,1512.719966,0.514782821,0.485217179,1495.931957,1515.783125,1502.859946,1503.052803,Luis Castillo,Jack Flaherty,56.87746693,57.48904429,24.22649341,30.97627096,0.527532472,0.472467528,1500.491664,1505.421084,6,11
2021-04-01,2021,2447,0,,PHI,ATL,1499.85498,1537.33483,0.480610665,0.519389335,1501.313693,1535.876117,1506.197988,1533.503489,Aaron Nola,Max Fried,56.98241799,53.43520828,25.59316602,-0.900218778,0.537195226,0.462804774,1507.143856,1532.557621,3,2
2021-04-01,2021,2448,0,,CHC,PIT,1510.606166,1466.885465,0.596242182,0.403757818,1508.3116,1469.18003,1506.271787,1433.526669,Kyle Hendricks,Chad Kuhl,56.6578678,47.26871238,35.37457626,-2.657646911,0.687642189,0.312357811,1504.178744,1435.619713,3,5
2021-04-01,2021,2449,0,,MIL,MIN,1502.386929,1522.960488,0.504930886,0.495069114,1503.802713,1521.544704,1517.724543,1537.681888,Brandon Woodruff,Kenta Maeda,57.8942276,57.91446352,34.03015037,17.16349887,0.533019309,0.466980691,1518.71056,1536.695871,6,5
2021-04-01,2021,2450,0,,DET,CLE,1450.437505,1513.164945,0.444496417,0.555503583,1451.992754,1511.609696,1446.323353,1513.291422,Matthew Boyd,Shane Bieber,47.17225936,61.31839182,-0.833903298,43.7674815,0.378466157,0.621533843,1447.667412,1511.947362,3,2
2021-04-01,2021,2451,0,,NYY,TOR,1540.629874,1499.393681,0.592794474,0.407205526,1538.943308,1501.080247,1572.329006,1519.099756,Gerrit Cole,Hyun Jin Ryu,64.07878235,55.25224528,44.4823545,35.17089706,0.624955452,0.375044548,1570.975244,1520.453518,2,3
